
INSERT INTO [dbo].[OpportunityEntity]
           ([OpportunityType])
     VALUES
           ('job')
GO

INSERT INTO [dbo].[OpportunityEntity]
           ([OpportunityType])
     VALUES
           ('job')
GO

INSERT INTO [dbo].[OpportunityEntity]
           ([OpportunityType])
     VALUES
           ('job')
GO

INSERT INTO [dbo].[OpportunityEntity]
           ([OpportunityType])
     VALUES
           ('job')
GO

INSERT INTO [dbo].[OpportunityEntity]
           ([OpportunityType])
     VALUES
           ('job')
GO

INSERT INTO [dbo].[OpportunityEntity]
           ([OpportunityType])
     VALUES
           ('job')
GO

INSERT INTO [dbo].[OpportunityEntity]
           ([OpportunityType])
     VALUES
           ('he')
GO

INSERT INTO [dbo].[OpportunityEntity]
           ([OpportunityType])
     VALUES
           ('he')
GO

INSERT INTO [dbo].[OpportunityEntity]
           ([OpportunityType])
     VALUES
           ('he')
GO

INSERT INTO [dbo].[OpportunityEntity]
           ([OpportunityType])
     VALUES
           ('he')
GO
INSERT INTO [dbo].[OpportunityEntity]
           ([OpportunityType])
     VALUES
           ('sch')
GO

INSERT INTO [dbo].[OpportunityEntity]
           ([OpportunityType])
     VALUES
           ('sch')
GO

INSERT INTO [dbo].[OpportunityEntity]
           ([OpportunityType])
     VALUES
           ('sch')
GO

INSERT INTO [dbo].[UserEntity]
           ([UserName]
           ,[EmailAddress]
           ,[EntityType])
     VALUES
           ('withSimplicity'
           ,'hello@withsimplicityllc.com'
           ,'org')
GO

INSERT INTO [dbo].[UserEntity]
           ([UserName]
           ,[EmailAddress]
           ,[EntityType])
     VALUES
           ('connieKanigull'
           ,'connieKanigull@kanisbakery.com'
           ,'org')
GO

INSERT INTO [dbo].[UserEntity]
           ([UserName]
           ,[EmailAddress]
           ,[EntityType])
     VALUES
           ('arconic'
           ,'hello@arconic.com'
           ,'org')
GO

INSERT INTO [dbo].[UserEntity]
           ([UserName]
           ,[EmailAddress]
           ,[EntityType])
     VALUES
           ('greenhummingbird'
           ,'greenhumm@gmail.com'
           ,'org')
GO

INSERT INTO [dbo].[UserEntity]
           ([UserName]
           ,[EmailAddress]
           ,[EntityType])
     VALUES
           ('jackbrowns'
           ,'jack@jackbrownsjoint.com'
           ,'org')
GO

INSERT INTO [dbo].[UserEntity]
           ([UserName]
           ,[EmailAddress]
           ,[EntityType])
     VALUES
           ('walmart'
           ,'hello@walmart.com'
           ,'org')
GO

INSERT INTO [dbo].[UserEntity]
           ([UserName]
           ,[EmailAddress]
           ,[EntityType])
     VALUES
           ('shaunjohnson'
           ,'shaunjohnson@gmail.com'
           ,'par')
GO

INSERT INTO [dbo].[UserEntity]
           ([UserName]
           ,[EmailAddress]
           ,[EntityType])
     VALUES
           ('felicityhuffman'
           ,'felicityhuffman@gmail.com'
           ,'par')
GO

INSERT INTO [dbo].[UserEntity]
           ([UserName]
           ,[EmailAddress]
           ,[EntityType])
     VALUES
           ('josephgusman'
           ,'josephgusman@gmail.com'
           ,'par')
GO

INSERT INTO [dbo].[UserEntity]
           ([UserName]
           ,[EmailAddress]
           ,[EntityType])
     VALUES
           ('lorilouglin'
           ,'lorilouglin@gmail.com'
           ,'par')
GO

INSERT INTO [dbo].[UserEntity]
           ([UserName]
           ,[EmailAddress]
           ,[EntityType])
     VALUES
           ('mossimogiannulli'
           ,'mossimogiannulli@gmail.com'
           ,'par')
GO

INSERT INTO [dbo].[UserEntity]
           ([UserName]
           ,[EmailAddress]
           ,[EntityType])
     VALUES
           ('oliviajade'
           ,'oliviajade@gmail.com'
           ,'stu')
GO

INSERT INTO [dbo].[UserEntity]
           ([UserName]
           ,[EmailAddress]
           ,[EntityType])
     VALUES
           ('sofiamacy'
           ,'sofiamacy@gmail.com'
           ,'stu')
GO

INSERT INTO [dbo].[UserEntity]
           ([UserName]
           ,[EmailAddress]
           ,[EntityType])
     VALUES
           ('georgiagrace'
           ,'georgiagrace@gmail.com'
           ,'stu')
GO

INSERT INTO [dbo].[UserEntity]
           ([UserName]
           ,[EmailAddress]
           ,[EntityType])
     VALUES
           ('brandonrogers'
           ,'brandonrogers@gmail.com'
           ,'stu')
GO

INSERT INTO [dbo].[UserEntity]
           ([UserName]
           ,[EmailAddress]
           ,[EntityType])
     VALUES
           ('alexandres'
           ,'alexandres@gmail.com'
           ,'stu')
GO

INSERT INTO [dbo].[UserEntity]
           ([UserName]
           ,[EmailAddress]
           ,[EntityType])
     VALUES
           ('teranceparent'
           ,'teranceparent@gmail.com'
           ,'schl')
GO

INSERT INTO [dbo].[UserEntity]
           ([UserName]
           ,[EmailAddress]
           ,[EntityType])
     VALUES
           ('marcwatson'
           ,'marcwatson@gmail.com'
           ,'schl')
GO

INSERT INTO [dbo].[UserEntity]
           ([UserName]
           ,[EmailAddress]
           ,[EntityType])
     VALUES
           ('joshtan'
           ,'joshtan@gmail.com'
           ,'schl')
GO

INSERT INTO [dbo].[UserEntity]
           ([UserName]
           ,[EmailAddress]
           ,[EntityType])
     VALUES
           ('mariamurdock'
           ,'mariamurdock@gmail.com'
           ,'schl')
GO

INSERT INTO [dbo].[UserEntity]
           ([UserName]
           ,[EmailAddress]
           ,[EntityType])
     VALUES
           ('jackcase'
           ,'jackcase@gmail.com'
           ,'schl')
GO

INSERT INTO [dbo].[UserEntity]
           ([UserName]
           ,[EmailAddress]
           ,[EntityType])
     VALUES
           ('carloscrain'
           ,'carloscrain@gmail.com'
           ,'schl')
GO

INSERT INTO [dbo].[UserEntity]
           ([UserName]
           ,[EmailAddress]
           ,[EntityType])
     VALUES
           ('wallacemartinez'
           ,'wallacemartinez@gmail.com'
           ,'schl')
GO

INSERT INTO [dbo].[UserEntity]
           ([UserName]
           ,[EmailAddress]
           ,[EntityType])
     VALUES
           ('kevinclarke'
           ,'kevinclarke@gmail.com'
           ,'schl')
GO

INSERT INTO [dbo].[UserEntity]
           ([UserName]
           ,[EmailAddress]
           ,[EntityType])
     VALUES
           ('garymaloney'
           ,'garymaloney@gmail.com'
           ,'schl')
GO
INSERT INTO [dbo].[School]
           ([SchoolEntityID]
           ,[SchoolName]
           ,[StreetAddress]
           ,[Country]
           ,[City]
           ,[State]
           ,[ZipCode])
     VALUES
           ('17'
           ,'Harrisonburg High School'
           ,'1001 Garbers Church Road'
           ,'United States'
           ,'Harrisonburg'
           ,'Virginia'
           ,'22801')
GO

INSERT INTO [dbo].[School]
           ([SchoolEntityID]
           ,[SchoolName]
           ,[StreetAddress]
           ,[Country]
           ,[City]
           ,[State]
           ,[ZipCode])
     VALUES
           ('20'
           ,'Turner Ashby High School'
           ,'800 North Main Street'
           ,'United States'
           ,'Bridgewater'
           ,'Virginia'
           ,'22801')
GO

INSERT INTO [dbo].[School]
           ([SchoolEntityID]
           ,[SchoolName]
           ,[StreetAddress]
           ,[Country]
           ,[City]
           ,[State]
           ,[ZipCode])
     VALUES
           ('23'
           ,'Monticello High School'
           ,'1400 Independence Way'
           ,'United States'
           ,'Charlottesville'
           ,'Virginia'
           ,'22902')
GO

INSERT INTO [dbo].[SchoolEmployee]
           ([FirstName]
           ,[LastName]
           ,[MiddleName]
           ,[StreetAddress]
           ,[Country]
           ,[City]
           ,[State]
           ,[ZipCode]
		   ,[SchoolEmployeeEntityType]
		   ,[SchoolEntityID]
		   ,[UserEntityID])
     VALUES
           ('Marc'
		   ,'Watson'
		   ,'Kyle'
           ,'1854 Thompson Street'
           ,'United States'
           ,'Harrisonburg'
           ,'Virginia'
           ,'22801'
		   ,'P'
		   ,'17'
		   ,'18')
GO

INSERT INTO [dbo].[SchoolEmployee]
           ([FirstName]
           ,[LastName]
           ,[MiddleName]
           ,[StreetAddress]
           ,[Country]
           ,[City]
           ,[State]
           ,[ZipCode]
		   ,[SchoolEmployeeEntityType]
		   ,[SchoolEntityID]
		   ,[UserEntityID])
     VALUES
           ('Terance'
		   ,'Parent'
		   ,'Darnell'
           ,'1672 River Way'
           ,'United States'
           ,'Harrisonburg'
           ,'Virginia'
           ,'22801'
		   ,'C'
		   ,'17'
		   ,'17')
GO

INSERT INTO [dbo].[SchoolEmployee]
           ([FirstName]
           ,[LastName]
           ,[MiddleName]
           ,[StreetAddress]
           ,[Country]
           ,[City]
           ,[State]
           ,[ZipCode]
		   ,[SchoolEmployeeEntityType]
		   ,[SchoolEntityID]
		   ,[UserEntityID])
     VALUES
           ('Josh'
		   ,'Tan'
		   ,'Van'
           ,'458 Copper Beech Circle'
           ,'United States'
           ,'Harrisonburg'
           ,'Virginia'
           ,'22801'
		   ,'GSB'
		   ,'17'
		   ,'19')
GO

INSERT INTO [dbo].[SchoolEmployee]
           ([FirstName]
           ,[LastName]
           ,[MiddleName]
           ,[StreetAddress]
           ,[Country]
           ,[City]
           ,[State]
           ,[ZipCode]
		   ,[SchoolEmployeeEntityType]
		   ,[SchoolEntityID]
		   ,[UserEntityID])
     VALUES
           ('Maria'
		   ,'Murdock'
		   ,'Lily'
           ,'482 Water Street'
           ,'United States'
           ,'Harrisonburg'
           ,'Virginia'
           ,'22801'
		   ,'C'
		   ,'20'
		   ,'20')
GO

INSERT INTO [dbo].[SchoolEmployee]
           ([FirstName]
           ,[LastName]
           ,[MiddleName]
           ,[StreetAddress]
           ,[Country]
           ,[City]
           ,[State]
           ,[ZipCode]
		   ,[SchoolEmployeeEntityType]
		   ,[SchoolEntityID]
		   ,[UserEntityID])
     VALUES
           ('Jack'
		   ,'Case'
		   ,'Neistat'
           ,'486 Tysons Corner Road'
           ,'United States'
           ,'Harrisonburg'
           ,'Virginia'
           ,'22801'
		   ,'P'
		   ,'20'
		   ,'21')
GO

INSERT INTO [dbo].[SchoolEmployee]
           ([FirstName]
           ,[LastName]
           ,[MiddleName]
           ,[StreetAddress]
           ,[Country]
           ,[City]
           ,[State]
           ,[ZipCode]
		   ,[SchoolEmployeeEntityType]
		   ,[SchoolEntityID]
		   ,[UserEntityID])
     VALUES
           ('Carlos'
		   ,'Crain'
		   ,'Steven'
           ,'84513 Great Falls Chase Road'
           ,'United States'
           ,'Harrisonburg'
           ,'Virginia'
           ,'22801'
		   ,'GSB'
		   ,'20'
		   ,'22')
GO

INSERT INTO [dbo].[SchoolEmployee]
           ([FirstName]
           ,[LastName]
           ,[MiddleName]
           ,[StreetAddress]
           ,[Country]
           ,[City]
           ,[State]
           ,[ZipCode]
		   ,[SchoolEmployeeEntityType]
		   ,[SchoolEntityID]
		   ,[UserEntityID])
     VALUES
           ('Wallace'
		   ,'Martinez'
		   ,'Jackson'
           ,'2842 South Main Street'
           ,'United States'
           ,'Harrisonburg'
           ,'Virginia'
           ,'22801'
		   ,'P'
		   ,'23'
		   ,'23')
GO

INSERT INTO [dbo].[SchoolEmployee]
           ([FirstName]
           ,[LastName]
           ,[MiddleName]
           ,[StreetAddress]
           ,[Country]
           ,[City]
           ,[State]
           ,[ZipCode]
		   ,[SchoolEmployeeEntityType]
		   ,[SchoolEntityID]
		   ,[UserEntityID])
     VALUES
           ('Kevin'
		   ,'Clarke'
		   ,'Kent'
           ,'24829 Super Way'
           ,'United States'
           ,'Harrisonburg'
           ,'Virginia'
           ,'22801'
		   ,'C'
		   ,'23'
		   ,'24')
GO

INSERT INTO [dbo].[SchoolEmployee]
           ([FirstName]
           ,[LastName]
           ,[MiddleName]
           ,[StreetAddress]
           ,[Country]
           ,[City]
           ,[State]
           ,[ZipCode]
		   ,[SchoolEmployeeEntityType]
		   ,[SchoolEntityID]
		   ,[UserEntityID])
     VALUES
           ('Gary'
		   ,'Maloney'
		   ,'Charles'
           ,'2490 Vaynerchuck Street'
           ,'United States'
           ,'Harrisonburg'
           ,'Virginia'
           ,'22801'
		   ,'GSB'
		   ,'23'
		   ,'25')
GO


INSERT INTO [dbo].[Parent]
           ([ParentEntityID]
           ,[FirstName]
           ,[LastName]
           ,[MiddleName]
           ,[StreetAddress]
           ,[Country]
           ,[City]
           ,[State]
           ,[ZipCode])
     VALUES
           ('7'
           ,'Shaun'
           ,'Johnson'
           ,'Henry'
           ,'787 Hamilton Drive'
           ,'United States'
           ,'Harrisonburg'
           ,'Virginia'
           ,'22801')
GO

INSERT INTO [dbo].[Parent]
           ([ParentEntityID]
           ,[FirstName]
           ,[LastName]
           ,[MiddleName]
           ,[StreetAddress]
           ,[Country]
           ,[City]
           ,[State]
           ,[ZipCode])
     VALUES
           ('8'
           ,'Felicity'
           ,'Huffman'
           ,'Thomas'
           ,'1872 Port Republic Road'
           ,'United States'
           ,'Harrisonburg'
           ,'Virginia'
           ,'22801')
GO

INSERT INTO [dbo].[Parent]
           ([ParentEntityID]
           ,[FirstName]
           ,[LastName]
           ,[MiddleName]
           ,[StreetAddress]
           ,[Country]
           ,[City]
           ,[State]
           ,[ZipCode])
     VALUES
           ('9'
           ,'Joseph'
           ,'Gusman'
           ,'Christian'
           ,'1563 Patterson Street'
           ,'United States'
           ,'Harrisonburg'
           ,'Virginia'
           ,'22801')
GO

INSERT INTO [dbo].[Parent]
           ([ParentEntityID]
           ,[FirstName]
           ,[LastName]
           ,[MiddleName]
           ,[StreetAddress]
           ,[Country]
           ,[City]
           ,[State]
           ,[ZipCode])
     VALUES
           ('10'
           ,'Lori'
           ,'Louglin'
           ,'Patrick'
           ,'2285 Matthews Street'
           ,'United States'
           ,'Harrisonburg'
           ,'Virginia'
           ,'22801')
GO

INSERT INTO [dbo].[Parent]
           ([ParentEntityID]
           ,[FirstName]
           ,[LastName]
           ,[MiddleName]
           ,[StreetAddress]
           ,[Country]
           ,[City]
           ,[State]
           ,[ZipCode])
     VALUES
           ('11'
           ,'Mossimo'
           ,'Giannulli'
           ,'Secondo'
           ,'2783 Oakton Road'
           ,'United States'
           ,'Harrisonburg'
           ,'Virginia'
           ,'22801')
GO

INSERT INTO [dbo].[Student]
           ([StudentEntityID]
           ,[FirstName]
           ,[LastName]
           ,[MiddleName]
           ,[StreetAddress]
           ,[Country]
           ,[City]
           ,[State]
           ,[ZipCode]
           ,[StudentGradeLevel]
           ,[StudentGPA]
           ,[StudentACTScore]
           ,[StudentSATScore]
           ,[ParentEntityID]
           ,[SchoolEntityID])
     VALUES
           ('12'
           ,'Olivia'
           ,'Jade'
           ,'California'
           ,'3293 Willow Green Drive'
           ,'United States'
           ,'Harrisonburg'
           ,'Virginia'
           ,'22801'
           ,'Senior'
           ,'2.5'
           ,'16'
           ,'1240'
           ,'10'
           ,'17')
GO

INSERT INTO [dbo].[Student]
           ([StudentEntityID]
           ,[FirstName]
           ,[LastName]
           ,[MiddleName]
           ,[StreetAddress]
           ,[Country]
           ,[City]
           ,[State]
           ,[ZipCode]
           ,[StudentGradeLevel]
           ,[StudentGPA]
           ,[StudentACTScore]
           ,[StudentSATScore]
           ,[ParentEntityID]
           ,[SchoolEntityID])
     VALUES
           ('13'
           ,'Sofia'
           ,'Macy'
           ,'Mary'
           ,'787 Hamilton Drive'
           ,'United States'
           ,'Harrisonburg'
           ,'Virginia'
           ,'22801'
           ,'Junior'
           ,'3.4'
           ,'28'
           ,'1660'
           ,'7'
           ,'17')
GO

INSERT INTO [dbo].[Student]
           ([StudentEntityID]
           ,[FirstName]
           ,[LastName]
           ,[MiddleName]
           ,[StreetAddress]
           ,[Country]
           ,[City]
           ,[State]
           ,[ZipCode]
           ,[StudentGradeLevel]
           ,[StudentGPA]
           ,[StudentACTScore]
           ,[StudentSATScore]
           ,[ParentEntityID]
           ,[SchoolEntityID])
     VALUES
           ('14'
           ,'Georgia'
           ,'Grace'
           ,'Rachel'
           ,'1872 Port Republic Road'
           ,'United States'
           ,'Harrisonburg'
           ,'Virginia'
           ,'22801'
           ,'Senior'
           ,'2.7'
           ,'21'
           ,'1280'
           ,'8'
           ,'20')
GO

INSERT INTO [dbo].[Student]
           ([StudentEntityID]
           ,[FirstName]
           ,[LastName]
           ,[MiddleName]
           ,[StreetAddress]
           ,[Country]
           ,[City]
           ,[State]
           ,[ZipCode]
           ,[StudentGradeLevel]
           ,[StudentGPA]
           ,[StudentACTScore]
           ,[StudentSATScore]
           ,[ParentEntityID]
           ,[SchoolEntityID])
     VALUES
           ('15'
           ,'Brandon'
           ,'Rogers'
           ,'Jason'
           ,'1564 Patterson Street'
           ,'United States'
           ,'Harrisonburg'
           ,'Virginia'
           ,'22801'
           ,'Sophomore'
           ,'3.95'
           ,null
           ,null
           ,'9'
           ,'23')
GO

INSERT INTO [dbo].[Student]
           ([StudentEntityID]
           ,[FirstName]
           ,[LastName]
           ,[MiddleName]
           ,[StreetAddress]
           ,[Country]
           ,[City]
           ,[State]
           ,[ZipCode]
           ,[StudentGradeLevel]
           ,[StudentGPA]
           ,[StudentACTScore]
           ,[StudentSATScore]
           ,[ParentEntityID]
           ,[SchoolEntityID])
     VALUES
           ('16'
           ,'Alex'
           ,'Andres'
           ,'Roger'
           ,'2783 Oakton Road'
           ,'United States'
           ,'Harrisonburg'
           ,'Virginia'
           ,'22801'
           ,'Sophomore'
           ,'3.4'
           ,null
           ,null
           ,'11'
           ,'23')
GO



INSERT INTO [dbo].[Organization]
           ([OrganizationEntityID]
           ,[OrganizationName]
           ,[OrganizationDescription]
           ,[StreetAddress]
           ,[Country]
           ,[City]
           ,[State]
           ,[ZipCode])
     VALUES
           ('1'
           ,'withSimplicity'
           ,'All Natural, Organic Makeup and Skincare'
           ,'108 South Main Street'
           ,'United States'
           ,'Harrisonburg'
           ,'Virginia'
           ,'22801')
GO

INSERT INTO [dbo].[Organization]
           ([OrganizationEntityID]
           ,[OrganizationName]
           ,[OrganizationDescription]
           ,[StreetAddress]
           ,[Country]
           ,[City]
           ,[State]
           ,[ZipCode])
     VALUES
           ('2'
           ,'Kanis Bakery & Catering'
           ,'Mediterranean Restaurant'
           ,'182 Neff Avenue'
           ,'United States'
           ,'Harrisonburg'
           ,'Virginia'
           ,'22801')
GO

INSERT INTO [dbo].[Organization]
           ([OrganizationEntityID]
           ,[OrganizationName]
           ,[OrganizationDescription]
           ,[StreetAddress]
           ,[Country]
           ,[City]
           ,[State]
           ,[ZipCode])
     VALUES
           ('3'
           ,'Arconic'
           ,'Materials Sciences for Building Products'
           ,'2031 Deyerle Ave'
           ,'United States'
           ,'Harrisonburg'
           ,'Virginia'
           ,'22801')
GO

INSERT INTO [dbo].[Organization]
           ([OrganizationEntityID]
           ,[OrganizationName]
           ,[OrganizationDescription]
           ,[StreetAddress]
           ,[Country]
           ,[City]
           ,[State]
           ,[ZipCode])
     VALUES
           ('4'
           ,'Green Hummingbird'
           ,'Clothing Store'
           ,'320 South Main Street'
           ,'United States'
           ,'Harrisonburg'
           ,'Virginia'
           ,'22801')
GO

INSERT INTO [dbo].[Organization]
           ([OrganizationEntityID]
           ,[OrganizationName]
           ,[OrganizationDescription]
           ,[StreetAddress]
           ,[Country]
           ,[City]
           ,[State]
           ,[ZipCode])
     VALUES
           ('5'
           ,'Jack Browns'
           ,'Hamburger Restaurant'
           ,'80 South Main Street'
           ,'United States'
           ,'Harrisonburg'
           ,'Virginia'
           ,'22801')
GO

INSERT INTO [dbo].[Organization]
           ([OrganizationEntityID]
           ,[OrganizationName]
           ,[OrganizationDescription]
           ,[StreetAddress]
           ,[Country]
           ,[City]
           ,[State]
           ,[ZipCode])
     VALUES
           ('6'
           ,'Walmart Supercenter'
           ,'Department Store'
           ,'171 Burgess Road'
           ,'United States'
           ,'Harrisonburg'
           ,'Virginia'
           ,'22801')
GO


INSERT INTO [dbo].[JobListing]
           ([JobTitle]
           ,[JobDescription]
           ,[JobType]
           ,[Location]
           ,[PostingDate]
           ,[Deadline]
           ,[LastUpdated]
           ,[Approved]
           ,[NumOfApplicants]
           ,[OrganizationID])
     VALUES
           ('Full Time Sales'
           ,'Cosmetics Salesperson'
           ,'Sales'
           ,'Harrisonburg, VA'
           ,'03-15-2019'
           ,'12-31-2019'
           ,getdate()
           ,'pen'
           ,'2'
           ,'1')
GO

INSERT INTO [dbo].[JobListing]
           ([JobTitle]
           ,[JobDescription]
           ,[JobType]
           ,[Location]
           ,[PostingDate]
           ,[Deadline]
           ,[LastUpdated]
           ,[Approved]
           ,[NumOfApplicants]
           ,[OrganizationID])
     VALUES
           ('Part Time Baker'
           ,'Baking Mediterranean Foods'
           ,'Food Service'
           ,'Harrisonburg, VA'
           ,'03-15-2019'
           ,'12-31-2019'
           ,getdate()
           ,'pen'
           ,'7'
           ,'2')
GO

INSERT INTO [dbo].[JobListing]
           ([JobTitle]
           ,[JobDescription]
           ,[JobType]
           ,[Location]
           ,[PostingDate]
           ,[Deadline]
           ,[LastUpdated]
           ,[Approved]
           ,[NumOfApplicants]
           ,[OrganizationID])
     VALUES
           ('Job Shadowing'
           ,'Shadow an Engineer of Building Products'
           ,'Civil Engineering'
           ,'Harrisonburg, VA'
           ,'03-15-2019'
           ,'12-31-2019'
           ,getdate()
           ,'pen'
           ,'5'
           ,'3')
GO

INSERT INTO [dbo].[JobListing]
           ([JobTitle]
           ,[JobDescription]
           ,[JobType]
           ,[Location]
           ,[PostingDate]
           ,[Deadline]
           ,[LastUpdated]
           ,[Approved]
           ,[NumOfApplicants]
           ,[OrganizationID])
     VALUES
           ('Part Time Sales Associate'
           ,'Sales Associate for Fair Trade Clothing'
           ,'Retail Industry'
           ,'Harrisonburg, VA'
           ,'03-15-2019'
           ,'12-31-2019'
           ,getdate()
           ,'pen'
           ,'3'
           ,'4')
GO

INSERT INTO [dbo].[JobListing]
           ([JobTitle]
           ,[JobDescription]
           ,[JobType]
           ,[Location]
           ,[PostingDate]
           ,[Deadline]
           ,[LastUpdated]
           ,[Approved]
           ,[NumOfApplicants]
           ,[OrganizationID])
     VALUES
           ('Part Time Server'
           ,'Hostess/Server Duties at Jack Browns'
           ,'Food Service'
           ,'Harrisonburg, VA'
           ,'03-15-2019'
           ,'12-31-2019'
           ,getdate()
           ,'pen'
           ,'16'
           ,'5')
GO

INSERT INTO [dbo].[JobListing]
           ([JobTitle]
           ,[JobDescription]
           ,[JobType]
           ,[Location]
           ,[PostingDate]
           ,[Deadline]
           ,[LastUpdated]
           ,[Approved]
           ,[NumOfApplicants]
           ,[OrganizationID])
     VALUES
           ('Walmart Job Shadowing'
           ,'Shadow District Manager for Harrisonburg Walmarts'
           ,'Department Store'
           ,'Harrisonburg, VA'
           ,'03-15-2019'
           ,'12-31-2019'
           ,getdate()
           ,'pen'
           ,'21'
           ,'6')
GO

INSERT INTO [dbo].[EducationInstitution]
           ([HigherEducationID]
           ,[EducationInsitutionName]
           ,[ApplicationDueDate]
           ,[StreetAddress]
           ,[Country]
           ,[City]
           ,[State]
           ,[ZipCode]
           ,[InstateTutition]
           ,[OutOfStateTutition]
           ,[UnversityType])
     VALUES
           ('7'
           ,'James Madison University'
           ,'11-12-2019'
           ,'800 South Main Street'
           ,'United States'
           ,'Harrisonburg'
           ,'Virginia'
           ,'22801'
           ,'10018'
           ,'25152'
           ,'UN')
GO

INSERT INTO [dbo].[EducationInstitution]
           ([HigherEducationID]
           ,[EducationInsitutionName]
           ,[ApplicationDueDate]
           ,[StreetAddress]
           ,[Country]
           ,[City]
           ,[State]
           ,[ZipCode]
           ,[InstateTutition]
           ,[OutOfStateTutition]
           ,[UnversityType])
     VALUES
           ('8'
           ,'Bridgewater University'
           ,'11-01-2019'
           ,'402 E College Street'
           ,'United States'
           ,'Bridgwater'
           ,'Virginia'
           ,'22812'
           ,'15018'
           ,'31480'
           ,'UN')
GO

INSERT INTO [dbo].[EducationInstitution]
           ([HigherEducationID]
           ,[EducationInsitutionName]
           ,[ApplicationDueDate]
           ,[StreetAddress]
           ,[Country]
           ,[City]
           ,[State]
           ,[ZipCode]
           ,[InstateTutition]
           ,[OutOfStateTutition]
           ,[UnversityType])
     VALUES
           ('9'
           ,'Massanutten Technical Center'
           ,'11-26-2019'
           ,'325 Pleasant Valley Road'
           ,'United States'
           ,'Harrisonburg'
           ,'Virginia'
           ,'22801'
           ,'5680'
           ,'5680'
           ,'TS')
GO

INSERT INTO [dbo].[EducationInstitution]
           ([HigherEducationID]
           ,[EducationInsitutionName]
           ,[ApplicationDueDate]
           ,[StreetAddress]
           ,[Country]
           ,[City]
           ,[State]
           ,[ZipCode]
           ,[InstateTutition]
           ,[OutOfStateTutition]
           ,[UnversityType])
     VALUES
           ('10'
           ,'Charlottesville Technical Center'
           ,'12-05-2019'
           ,'1000 Rio Rd East'
           ,'United States'
           ,'Charlottesville'
           ,'Virginia'
           ,'22901'
           ,'6524'
           ,'6524'
           ,'TC')
GO

INSERT INTO [dbo].[Scholarship]
           ([ScholarshipID]
           ,[ScholarshipName]
           ,[ScholarshipDescription]
           ,[ScholarshipMin]
           ,[ScholarshipMax]
           ,[ScholarshipQuantity]
           ,[ScholarshipDueDate]
           ,[OrganizationID]
           ,[Approved]
           ,[LastUpdated])
     VALUES
           ('11'
           ,'Walmart Scholarship'
           ,'Scholarship for working through Walmart Internship at Walmart SuperCenter'
           ,'5000'
           ,'20000'
           ,'3'
           ,'10-15-2019'
           ,'6'
           ,'pen'
           ,GETDATE())
GO

INSERT INTO [dbo].[Scholarship]
           ([ScholarshipID]
           ,[ScholarshipName]
           ,[ScholarshipDescription]
           ,[ScholarshipMin]
           ,[ScholarshipMax]
           ,[ScholarshipQuantity]
           ,[ScholarshipDueDate]
           ,[OrganizationID]
           ,[Approved]
           ,[LastUpdated])
     VALUES
           ('12'
           ,'Jack Browns Scholarship'
           ,'Scholarship for most pivotal community member'
           ,'1000'
           ,'2000'
           ,'1'
           ,'10-01-2019'
           ,'5'
           ,'pen'
           ,GETDATE())
GO

INSERT INTO [dbo].[Scholarship]
           ([ScholarshipID]
           ,[ScholarshipName]
           ,[ScholarshipDescription]
           ,[ScholarshipMin]
           ,[ScholarshipMax]
           ,[ScholarshipQuantity]
           ,[ScholarshipDueDate]
           ,[OrganizationID]
           ,[Approved]
           ,[LastUpdated])
     VALUES
           ('13'
           ,'Arconic Scholarship'
           ,'Scholarship for future engineers'
           ,'10000'
           ,'10000'
           ,'2'
           ,'12-15-2019'
           ,'3'
           ,'pen'
           ,GETDATE())
GO

INSERT INTO [dbo].[University]
           ([UnversityID]
           ,[GPARequirement]
           ,[SATRequirement]
           ,[ACTRequirement])
     VALUES
           ('7'
           ,'3.5'
           ,'1270'
           ,'23')
GO

INSERT INTO [dbo].[University]
           ([UnversityID]
           ,[GPARequirement]
           ,[SATRequirement]
           ,[ACTRequirement])
     VALUES
           ('8'
           ,'3.4'
           ,'1190'
           ,'22')
GO
INSERT INTO [dbo].[TechnicalSchool]
           ([TechnicalSchoolID]
           ,[TechnicalSchoolSkill]
           ,[Description])
     VALUES
           ('9'
           ,'HVAC'
           ,'Heating, Ventilation, and Air Conditioning')
GO
INSERT INTO [dbo].[TechnicalSchool]
           ([TechnicalSchoolID]
           ,[TechnicalSchoolSkill]
           ,[Description])
     VALUES
           ('10'
           ,'Welding'
           ,'Permanently connecting metals')
GO










