Create Procedure Populate_CuedInDB

as 

drop table SchoolApproval
drop table ApplicationRequest
drop table OrganizationComment
drop table StudentComment
drop table LogHours
drop table OpportunityInterestGroups
drop table TechnicalSchool
drop table University
drop table HigherEducation
drop table Scholarship
drop table JobListing
drop table UserChecklist
drop table OpportunityEntity
drop table Organization
drop table StudentInterestGroups
drop table Student
drop table InterestGroups
drop table SchoolEmployee
drop table School
drop table Parent
drop table Password
drop table UserEntity


create table UserEntity (
UserEntityID int identity(1,1) not null,
UserName varchar(50) not null,
EmailAddress varchar (255) not null,
EntityType varchar (10) not null,
Primary Key (UserEntityID)
);

--PasswordTable
create table Password (
PasswordID int not null,
PasswordHash varchar(255) not null,
PasswordSalt varchar(100) not null,
UserEntityID int not null,
LastUpdated datetime,
Primary Key (PasswordID),
Foreign Key (UserEntityID) references UserEntity (UserEntityID)
); 

--SchoolTable Inherits from the UserEntity Table
--This table will not be randomly generated, but 
--Hardcoded with good information on 3 schools cuedIn uses
Create table School(
SchoolEntityID int not null,
SchoolName varchar (50) not null,
StreetAddress varchar (50) not null,
Country varchar (50) not null,
City varchar (50) not null,
State varchar (50) not null,
SchoolCounty varchar (50) not null,
ZipCode int not null,
primary key (SchoolEntityID),
Foreign key (SchoolEntityID) references UserEntity (UserEntityID)
);

--References the SchoolTable. 
Create table SchoolEmployee(
SchoolEmployeeEntityID int not null,
FirstName varchar (50) not null,
LastName varchar (50) not null,
MiddleName varchar (50) null,
StreetAddress varchar (50) not null,
Country varchar (50) not null,
City varchar (50) not null,
State varchar (50) not null,
ZipCode int not null,
SchoolEmployeeEntityType varchar (10) not null, --CON, ADMIN, TEACHER
SchoolEntityID int not null,
primary key (SchoolEmployeeEntityID),
Foreign key (SchoolEmployeeEntityID) references UserEntity(UserEntityID),
Foreign key (SchoolEntityID) references School (SchoolEntityID),
);

--References the UserEntity Table
Create table Parent (
ParentEntityID int not null,
FirstName varchar (50),
LastName varchar (50) not null,
MiddleName varchar (50) not null,
StreetAddress varchar (50) not null,
Country varchar (50) not null,
City varchar (50) not null,
State varchar (50) not null,
ZipCode int not null,
primary key (ParentEntityID),
Foreign key (ParentEntityID) references UserEntity (UserEntityID)
);

--References the userEntity, and 
Create table Student (
StudentEntityID int not null,
FirstName varchar (50) not null,
LastName varchar (50) not null,
MiddleInitial varchar (1) not null,
StreetAddress varchar (50) not null,
Country varchar (50) not null,
City varchar (50) not null,
State varchar (50) not null,
ZipCode int not null,
StudentGradeLevel varchar (25) not null,
StudentGPA float not null,
StudentACTScore int null,
StudentSATScore int null,
StudentEthnicity varchar (30) null, --PC datafield
StudentGender varchar (30) null, --PC datafield
IncomeLevel varchar (50) null, --PC datafield 
DaysAbsent int not null,
HoursOfWorkPlaceExp int not null, --possible stored trigger on update of our new tables
StudentEmploymentFlag varchar (1) not null,
StudentAthleteFlag varchar (1) not null,
StudentGraduationTrack varchar (1) not null,
ParentEntityID int null, --parent might not be associated with anything
StudentImage varchar (100),
SchoolEntityID int not null, --student needs to be associated with a school 
primary key (StudentEntityID),
Foreign key (StudentEntityID) references UserEntity (UserEntityID),
Foreign key (ParentEntityID) references Parent (ParentEntityID),
Foreign key (SchoolEntityID) references School (SchoolEntityID)
);

--InterestGroup Table
Create table InterestGroups(
InterestGroupID int identity(1,1),
InterestGroupName varchar (90),
primary key (InterestGroupID)
);

--Interest Groups where it links students and interest groups 
create table StudentInterestGroups(
InterestGroupID int,
StudentEntityID int,
primary key (InterestGroupID, StudentEntityID),
Foreign key (InterestGroupID) references InterestGroups (InterestGroupID),
Foreign key (StudentEntityID) references Student (StudentEntityID)
);

--Creates a org/business
Create table Organization (
OrganizationEntityID int not null,
OrganizationName varchar (50) not null,
OrganizationDescription varchar(255) not null,
StreetAddress varchar (50) not null,
Country varchar (50) not null,
City varchar (50) not null,
State varchar (50) not null,
ZipCode int not null,
Image varchar(50),
ExternalLink varchar (100),
primary key (OrganizationEntityID),
Foreign key (OrganizationEntityID) references UserEntity (UserEntityID)
);

Create table OpportunityEntity (
OpportunityEntityID int identity(1,1) not null,
OpportunityType varchar(6) not null, --JOB HE SCHOL
Primary Key (OpportunityEntityID),
);


--
Create table UserChecklist (
UserEntityID int not null,
OpportunityEntityID int not null,
Primary Key (UserEntityID, OpportunityEntityID),
Foreign Key (UserEntityID) references UserEntity (UserEntityID),
Foreign Key (OpportunityEntityID) references OpportunityEntity (OpportunityEntityID),
);



--JobListing Table references the OpportunityEntity Table
Create Table JobListing (
JobListingID int not null,
JobTitle varchar(255) not null,
JobDescription varchar(255) not null,
JobType varchar(255) not null,
Location varchar(255) not null,
Deadline datetime not null,
PostingDate datetime not null,
LastUpdated datetime not null,
Approved varchar(3) not null,
NumOfApplicants int not null,
OrganizationID int not null,
Primary Key (JobListingID),
Foreign Key (JobListingID) references OpportunityEntity (OpportunityEntityID),
Foreign Key (OrganizationID) references Organization (OrganizationEntityID)
);

Create Table Scholarship (
ScholarshipID int not null,
ScholarshipName varchar(50) not null,
ScholarshipDescription varchar(255) not null,
ScholarshipMin money not null,
ScholarshipMax money not null,
ScholarshipQuantity int not null,
PostingDate datetime not null,
ScholarshipDueDate datetime not null,
OrganizationID int not null,
Approved varchar(3) not null,
LastUpdated datetime not null,
Primary key (ScholarshipID),
foreign Key (ScholarshipID) references OpportunityEntity(OpportunityEntityID),
Foreign Key (OrganizationID) references Organization (OrganizationEntityID)
) ;

--References the OpportunityEntity Table
Create table HigherEducation (
HigherEducationID int not null,
EducationInsitutionName varchar(50) not null,
ApplicationDueDate datetime not null,
StreetAddress varchar (50) not null,
Country varchar (50) not null,
City varchar (50) not null,
State varchar (50) not null,
ZipCode int not null,
InstateTutition money not null,
OutOfStateTutition money not null,
UnversityType varchar(10), --This will be a subtype discriminator TS or UNIV
Image varchar (100),
ExternalLink varchar (100),
Primary Key (HigherEducationID),
Foreign Key (HigherEducationID) references OpportunityEntity (OpportunityEntityID)
);

Create Table University (
UnversityID int not null,
GPARequirement decimal not null,
SATRequirement int not null,
ACTRequirement int not null,
Primary Key (UnversityID),
Foreign Key (UnversityID) references HigherEducation (HigherEducationID),
) ;
 
--Technical school table references the HigherEducation Table
Create Table TechnicalSchool (
TechnicalSchoolID int not null,
TechnicalSchoolSkill varchar(50) not null,
Description varchar(50) not null,
Primary Key (TechnicalSchoolID),
Foreign Key (TechnicalSchoolID) references HigherEducation (HigherEducationID),
);

Create table OpportunityInterestGroups (
InterestGroupID int,
OpportunityEntityID int,
primary key (InterestGroupID, OpportunityEntityID),
Foreign key (InterestGroupID) references InterestGroups,
Foreign key (OpportunityEntityID) references OpportunityEntity
);

Create Table StudentComment (
LogID int,
StudentEntityID int,
Comment varchar (255),
primary Key(LogID, StudentEntityID),
Foreign Key (StudentEntityID) references student (StudentEntityID)
);

Create Table OrganizationComment (
LogID int,
OrganizationEntityID int,
Comment varchar (255),
primary Key(LogID, OrganizationEntityID),
Foreign Key (OrganizationEntityID) references Organization (OrganizationEntityID)
);

Create Table LogHours (
LogID int identity(1,1),
JobListingID int, 
HoursRequested int,
CounselorApproval varchar (10),
OrganizationApproval varchar(10),
StudentEntityID int,
Primary key (LogID),
Foreign key (JobListingID) references JobListing (JobListingID),
Foreign key (StudentEntityID) references Student (StudentEntityID)
);


Create table ApplicationRequest (
ApplicationID int Identity (1,1),
StudentEntityID int,
JobListingID int,
ApprovedFlag varchar (1),
LastUpdated datetime,
primary key (ApplicationID),
Foreign key (StudentEntityID) references Student (StudentEntityID),
Foreign key (JobListingID) references JobListing (JobListingID)
);

Create table SchoolApproval (
SchoolEntityID int,
OpportunityEntityID int,
ApprovedFlag varchar(1)
primary key (SchoolEntityID, OpportunityEntityID),
Foreign key (SchoolEntityID) references school (SchoolEntityID),
Foreign key (OpportunityEntityID) references opportunityEntity(OpportunityEntityID)

);

insert into userEntity (UserName, EmailAddress, EntityType)
values ('withSimplicity86', 'withSimplicity@gmail.com', 'ORG');
insert into Organization (OrganizationEntityID, OrganizationName, OrganizationDescription, StreetAddress, Country, City, State, ZipCode, Image, ExternalLink)
 values (1, 'withSimplicity', 'All Natural, Organic Makeup and Skincare', '108 South Main Street', 'USA', 'Harrisonburg', 'VA', 22801,'img/withSimplicity.jpg','www.withsimplicityllc.com');
insert into userEntity (UserName, EmailAddress, EntityType)
values ('KanisBakery&Catering9', 'KanisBakery&Catering@gmail.com', 'ORG');
insert into Organization (OrganizationEntityID, OrganizationName, OrganizationDescription, StreetAddress, Country, City, State, ZipCode, Image, ExternalLink)
 values (2, 'Kanis Bakery & Catering', 'Mediterranean Restaurant', '182 Neff Avenue', 'USA', 'Harrisonburg', 'VA', 22801,'img/kanis.jpg','https://www.kandiscakesandbakeshop.com/');
insert into userEntity (UserName, EmailAddress, EntityType)
values ('Arconic56', 'Arconic@gmail.com', 'ORG');
insert into Organization (OrganizationEntityID, OrganizationName, OrganizationDescription, StreetAddress, Country, City, State, ZipCode, Image, ExternalLink)
 values (3, 'Arconic', 'Materials Sciences for Building Products', '2031 Dyerle Ave', 'USA', 'Harrisonburg', 'VA', 22801,'img/arconic.jpg','https://www.arconic.com/global/en/home.asp');
insert into userEntity (UserName, EmailAddress, EntityType)
values ('GreenHummingbird42', 'GreenHummingbird@gmail.com', 'ORG');
insert into Organization (OrganizationEntityID, OrganizationName, OrganizationDescription, StreetAddress, Country, City, State, ZipCode, Image, ExternalLink)
 values (4, 'Green Hummingbird', 'Clothing Store', '320 South Main Street', 'USA', 'Harrisonburg', 'VA', 22801,'img/greenhummingbird.jpg','http://www.greenhummingbird.net/');
insert into userEntity (UserName, EmailAddress, EntityType)
values ('JackBrowns29', 'JackBrowns@gmail.com', 'ORG');
insert into Organization (OrganizationEntityID, OrganizationName, OrganizationDescription, StreetAddress, Country, City, State, ZipCode, Image, ExternalLink)
 values (5, 'Jack Browns', 'Hamburger Restaurant', '80 South Main Street', 'USA', 'Harrisonburg', 'VA', 22801,'img/jackbrowns.jpg','https://www.jackbrownsjoint.com/');
insert into userEntity (UserName, EmailAddress, EntityType)
values ('WalmartSupercenter4', 'WalmartSupercenter@gmail.com', 'ORG');
insert into Organization (OrganizationEntityID, OrganizationName, OrganizationDescription, StreetAddress, Country, City, State, ZipCode, Image, ExternalLink)
 values (6, 'Walmart Supercenter', 'Department Store', '171 Burgess Road', 'USA', 'Harrisonburg', 'VA', 22801,'img/walmart.jpg','https://www.walmart.com/');
insert into userEntity (UserName, EmailAddress, EntityType)
values ('FoodLion59', 'FoodLion@gmail.com', 'ORG');
insert into Organization (OrganizationEntityID, OrganizationName, OrganizationDescription, StreetAddress, Country, City, State, ZipCode, Image, ExternalLink)
 values (7, 'Food Lion', 'Grocery Store', '1021 Port Republic Rd', 'USA', 'Harrisonburg', 'VA', 22801,'img/foodlion.jpg','https://foodlion.com');
insert into userEntity (UserName, EmailAddress, EntityType)
values ('Merck89', 'Merck@gmail.com', 'ORG');
insert into Organization (OrganizationEntityID, OrganizationName, OrganizationDescription, StreetAddress, Country, City, State, ZipCode, Image, ExternalLink)
 values (8, 'Merck', 'Pharmaceuticals', '2778 SE Side Hwy', 'USA', 'Elkton', 'VA', 22827,'img/merck.jpg','https://www.merck.com');
insert into userEntity (UserName, EmailAddress, EntityType)
values ('Jenzabar38', 'Jenzabar@gmail.com', 'ORG');
insert into Organization (OrganizationEntityID, OrganizationName, OrganizationDescription, StreetAddress, Country, City, State, ZipCode, Image, ExternalLink)
 values (9, 'Jenzabar', 'Software Development', '181 S Liberty St', 'USA', 'Harrisonburg', 'VA', 22801,'img/jenzabar.jpg','https://jenzabar.com');
insert into userEntity (UserName, EmailAddress, EntityType)
values ('HealthandRehabilitationCenter13', 'HealthandRehabilitationCenter@gmail.com', 'ORG');
insert into Organization (OrganizationEntityID, OrganizationName, OrganizationDescription, StreetAddress, Country, City, State, ZipCode, Image, ExternalLink)
 values (10, 'Health and Rehabilitation Center', 'Rehabilitation Center', '1225 Reservoir St', 'USA', 'Harrisonburg', 'VA', 22801,'img/healthandrehab.jpg','https://www.mfa.net/center/harrisonburg-health-rehabilitation-center');
insert into userEntity (UserName, EmailAddress, EntityType)
values ('ConvergentAI8', 'ConvergentAI@gmail.com', 'ORG');
insert into Organization (OrganizationEntityID, OrganizationName, OrganizationDescription, StreetAddress, Country, City, State, ZipCode, Image, ExternalLink)
 values (11, 'ConvergentAI', 'Software Company', '2 S Main St #501', 'USA', 'Harrisonburg', 'VA', 22802,'img/convergentAI.jpg','http://convergentai.com/');
insert into userEntity (UserName, EmailAddress, EntityType)
values ('LouisaCountyHighSchool72', 'Louisa@Louisa.edu', 'SCHL');
insert into school (schoolEntityID, schoolName, StreetAddress, Country, City, State, SchoolCounty, ZipCode)
 values (12, 'Louisa County High School','757 Davis Hwy','United States','Mineral','VA','Louisa County',23117);
insert into userEntity (UserName, EmailAddress, EntityType)
values ('EastRockinghamCountyHighSchool46', 'erhsattendance@rockingham.k12.va.us', 'SCHL');
insert into school (schoolEntityID, schoolName, StreetAddress, Country, City, State, SchoolCounty, ZipCode)
 values (13, 'East Rockingham County High School','250 Eagle Rock Road','United States','Elkton','VA','Rockingham County',22827);
insert into userEntity (UserName, EmailAddress, EntityType)
values ('SpotswoodHighSchool46', 'SpotsWood@spotswood.edu', 'SCHL');
insert into school (schoolEntityID, schoolName, StreetAddress, Country, City, State, SchoolCounty, ZipCode)
 values (14, 'Spotswood High School','368 Blazer Drive','United States','Penn Laird','VA','Rockingham County',22846);
insert into userEntity (UserName, EmailAddress, EntityType)
values ('TurnerAshbyHighSchool13', 'TurnerAshby@turnerAshby.edu', 'SCHL');
insert into school (schoolEntityID, schoolName, StreetAddress, Country, City, State, SchoolCounty, ZipCode)
 values (15, 'Turner Ashby High School','800 N Main St','United States','Bridgewater','VA','Rockingham County',22812);
insert into userEntity (UserName, EmailAddress, EntityType)
values ('BroadwayHighSchool33', 'Broadway@broadway.edu', 'SCHL');
insert into school (schoolEntityID, schoolName, StreetAddress, Country, City, State, SchoolCounty, ZipCode)
 values (16, 'Broadway High School','269 Gobbler Drive','United States','Broadway','VA','Rockingham County',22815);
insert into userEntity (UserName, EmailAddress, EntityType)
values ('HarrisonburgHighSchool96', 'Harrisonburg@harrisonburg.edu', 'SCHL');
insert into school (schoolEntityID, schoolName, StreetAddress, Country, City, State, SchoolCounty, ZipCode)
 values (17, 'Harrisonburg High School','1001 Garber Church Rd','United States','Harrisonburg','VA','Harrisonburg City Public Schools',22801);
insert into InterestGroups (InterestGroupName)
values ('Agriculture, Food and Natural Resources');
insert into InterestGroups (InterestGroupName)
values ('Business and Marketing');
insert into InterestGroups (InterestGroupName)
values ('Hospitality and Human Services');
insert into InterestGroups (InterestGroupName)
values ('Public Safety');
insert into InterestGroups (InterestGroupName)
values ('Architecture and Construction');
insert into InterestGroups (InterestGroupName)
values ('Education and Training');
insert into InterestGroups (InterestGroupName)
values ('Information Technology');
insert into InterestGroups (InterestGroupName)
values ('STEM');
insert into InterestGroups (InterestGroupName)
values ('Arts, A/V, Technology, and Communications');
insert into InterestGroups (InterestGroupName)
values ('Health Science');
insert into InterestGroups (InterestGroupName)
values ('Manufacturing');
insert into InterestGroups (InterestGroupName)
values ('Transportation');
insert into userEntity (UserName, EmailAddress, EntityType)
values ('MatthewPuenteL633', 'MatthewPuenteL633@broadway.edu', 'STUD');
insert into student (StudentEntityID, FirstName, LastName, MiddleInitial, StreetAddress, Country,City, State,ZipCode, StudentGradeLevel, StudentGPA, StudentACTScore, StudentSATScore, StudentEthnicity, StudentGender, IncomeLevel, DaysAbsent, HoursOfWorkPlaceExp, StudentAthleteFlag, StudentGraduationTrack, StudentEmploymentFlag, StudentImage,SchoolEntityID)
values (18, 'Matthew', 'Puente', 'L', '4264 Carmen Hills Apt. 291', 'USA','Sarastad','VA','20041','Sophomore', 1.02, 0, 0,'Caucasian','Other','Lower Income',15,7, 'N', 'N', 'N', 'img/student.jpg', 16);
insert into StudentInterestGroups (InterestGroupID, StudentEntityID)
values (10,18);
insert into StudentInterestGroups (InterestGroupID, StudentEntityID)
values (11,18);
insert into userEntity (UserName, EmailAddress, EntityType)
values ('BernadineOplandB866', 'BernadineOplandB866@spotswood.edu', 'STUD');
insert into student (StudentEntityID, FirstName, LastName, MiddleInitial, StreetAddress, Country,City, State,ZipCode, StudentGradeLevel, StudentGPA, StudentACTScore, StudentSATScore, StudentEthnicity, StudentGender, IncomeLevel, DaysAbsent, HoursOfWorkPlaceExp, StudentAthleteFlag, StudentGraduationTrack, StudentEmploymentFlag, StudentImage,SchoolEntityID)
values (19, 'Bernadine', 'Opland', 'B', '2168 Jessica Skyway', 'USA','South Larry','VA','20040','Senior', 2.69, 33, 1451,'Not selected or Other','Female','Middle Income',1,42, 'Y', 'Y', 'N', 'img/student.jpg', 14);
insert into StudentInterestGroups (InterestGroupID, StudentEntityID)
values (12,19);
insert into StudentInterestGroups (InterestGroupID, StudentEntityID)
values (8,19);
insert into StudentInterestGroups (InterestGroupID, StudentEntityID)
values (7,19);
insert into StudentInterestGroups (InterestGroupID, StudentEntityID)
values (9,19);
insert into userEntity (UserName, EmailAddress, EntityType)
values ('ClaraHendersonE536', 'ClaraHendersonE536@spotswood.edu', 'STUD');
insert into student (StudentEntityID, FirstName, LastName, MiddleInitial, StreetAddress, Country,City, State,ZipCode, StudentGradeLevel, StudentGPA, StudentACTScore, StudentSATScore, StudentEthnicity, StudentGender, IncomeLevel, DaysAbsent, HoursOfWorkPlaceExp, StudentAthleteFlag, StudentGraduationTrack, StudentEmploymentFlag, StudentImage,SchoolEntityID)
values (20, 'Clara', 'Henderson', 'E', '27010 Stephanie Springs', 'USA','East Jessicaburgh','VA','20040','Sophomore', 1.36, 0, 0,'Caucasian','Female','Lower Income',15,3, 'N', 'N', 'N', 'img/student.jpg', 14);
insert into StudentInterestGroups (InterestGroupID, StudentEntityID)
values (5,20);
insert into userEntity (UserName, EmailAddress, EntityType)
values ('ElizabethShepherdO146', 'ElizabethShepherdO146@rockingham.k12.va.us', 'STUD');
insert into student (StudentEntityID, FirstName, LastName, MiddleInitial, StreetAddress, Country,City, State,ZipCode, StudentGradeLevel, StudentGPA, StudentACTScore, StudentSATScore, StudentEthnicity, StudentGender, IncomeLevel, DaysAbsent, HoursOfWorkPlaceExp, StudentAthleteFlag, StudentGraduationTrack, StudentEmploymentFlag, StudentImage,SchoolEntityID)
values (21, 'Elizabeth', 'Shepherd', 'O', '81489 Sara Walks', 'USA','Victoriafurt','VA','20040','Freshmen', 2.01, 0, 0,'Hispanic','Female','Middle Income',15,9, 'Y', 'Y', 'N', 'img/student.jpg', 13);
insert into StudentInterestGroups (InterestGroupID, StudentEntityID)
values (4,21);
insert into StudentInterestGroups (InterestGroupID, StudentEntityID)
values (1,21);
insert into StudentInterestGroups (InterestGroupID, StudentEntityID)
values (8,21);
insert into StudentInterestGroups (InterestGroupID, StudentEntityID)
values (10,21);
insert into userEntity (UserName, EmailAddress, EntityType)
values ('HunterMessengerB416', 'HunterMessengerB416@spotswood.edu', 'STUD');
insert into student (StudentEntityID, FirstName, LastName, MiddleInitial, StreetAddress, Country,City, State,ZipCode, StudentGradeLevel, StudentGPA, StudentACTScore, StudentSATScore, StudentEthnicity, StudentGender, IncomeLevel, DaysAbsent, HoursOfWorkPlaceExp, StudentAthleteFlag, StudentGraduationTrack, StudentEmploymentFlag, StudentImage,SchoolEntityID)
values (22, 'Hunter', 'Messenger', 'B', '949 Sandra Pass', 'USA','Mitchellville','VA','20041','Junior', 3.7, 32, 1220,'African American','Male','Middle Income',1,32, 'Y', 'Y', 'Y', 'img/student.jpg', 14);
insert into StudentInterestGroups (InterestGroupID, StudentEntityID)
values (10,22);
insert into userEntity (UserName, EmailAddress, EntityType)
values ('EmilyMcclearyP517', 'EmilyMcclearyP517@spotswood.edu', 'STUD');
insert into student (StudentEntityID, FirstName, LastName, MiddleInitial, StreetAddress, Country,City, State,ZipCode, StudentGradeLevel, StudentGPA, StudentACTScore, StudentSATScore, StudentEthnicity, StudentGender, IncomeLevel, DaysAbsent, HoursOfWorkPlaceExp, StudentAthleteFlag, StudentGraduationTrack, StudentEmploymentFlag, StudentImage,SchoolEntityID)
values (23, 'Emily', 'Mccleary', 'P', '66146 Dickson Mission', 'USA','New Marcus','VA','20041','Freshmen', 1.54, 0, 0,'Caucasian','Female','Lower Income',11,5, 'N', 'N', 'Y', 'img/student.jpg', 14);
insert into StudentInterestGroups (InterestGroupID, StudentEntityID)
values (4,23);
insert into StudentInterestGroups (InterestGroupID, StudentEntityID)
values (9,23);
insert into userEntity (UserName, EmailAddress, EntityType)
values ('KristenStavisJ846', 'KristenStavisJ846@rockingham.k12.va.us', 'STUD');
insert into student (StudentEntityID, FirstName, LastName, MiddleInitial, StreetAddress, Country,City, State,ZipCode, StudentGradeLevel, StudentGPA, StudentACTScore, StudentSATScore, StudentEthnicity, StudentGender, IncomeLevel, DaysAbsent, HoursOfWorkPlaceExp, StudentAthleteFlag, StudentGraduationTrack, StudentEmploymentFlag, StudentImage,SchoolEntityID)
values (24, 'Kristen', 'Stavis', 'J', '757 Julie Mountains', 'USA','Sophiafort','VA','20040','Freshmen', 3.34, 0, 0,'Caucasian','Female','Lower Income',1,20, 'Y', 'Y', 'Y', 'img/student.jpg', 13);
insert into StudentInterestGroups (InterestGroupID, StudentEntityID)
values (8,24);
insert into StudentInterestGroups (InterestGroupID, StudentEntityID)
values (7,24);
insert into userEntity (UserName, EmailAddress, EntityType)
values ('WinstonCobbL703', 'WinstonCobbL703@spotswood.edu', 'STUD');
insert into student (StudentEntityID, FirstName, LastName, MiddleInitial, StreetAddress, Country,City, State,ZipCode, StudentGradeLevel, StudentGPA, StudentACTScore, StudentSATScore, StudentEthnicity, StudentGender, IncomeLevel, DaysAbsent, HoursOfWorkPlaceExp, StudentAthleteFlag, StudentGraduationTrack, StudentEmploymentFlag, StudentImage,SchoolEntityID)
values (25, 'Winston', 'Cobb', 'L', '63385 Jackson Fork Suite 345', 'USA','West Derrickport','VA','20041','Freshmen', 3.36, 0, 0,'African American','Male','Lower Income',5,15, 'N', 'Y', 'N', 'img/student.jpg', 14);
insert into StudentInterestGroups (InterestGroupID, StudentEntityID)
values (12,25);
insert into StudentInterestGroups (InterestGroupID, StudentEntityID)
values (10,25);
insert into StudentInterestGroups (InterestGroupID, StudentEntityID)
values (5,25);
insert into StudentInterestGroups (InterestGroupID, StudentEntityID)
values (2,25);
insert into userEntity (UserName, EmailAddress, EntityType)
values ('RochelleCaseW434', 'RochelleCaseW434@spotswood.edu', 'STUD');
insert into student (StudentEntityID, FirstName, LastName, MiddleInitial, StreetAddress, Country,City, State,ZipCode, StudentGradeLevel, StudentGPA, StudentACTScore, StudentSATScore, StudentEthnicity, StudentGender, IncomeLevel, DaysAbsent, HoursOfWorkPlaceExp, StudentAthleteFlag, StudentGraduationTrack, StudentEmploymentFlag, StudentImage,SchoolEntityID)
values (26, 'Rochelle', 'Case', 'W', '18780 Hill Track Apt. 451', 'USA','Michelleport','VA','20041','Sophomore', 2.38, 0, 0,'Caucasian','Female','Lower Income',4,14, 'N', 'Y', 'N', 'img/student.jpg', 14);
insert into StudentInterestGroups (InterestGroupID, StudentEntityID)
values (8,26);
insert into StudentInterestGroups (InterestGroupID, StudentEntityID)
values (10,26);
insert into StudentInterestGroups (InterestGroupID, StudentEntityID)
values (7,26);
insert into StudentInterestGroups (InterestGroupID, StudentEntityID)
values (12,26);
insert into StudentInterestGroups (InterestGroupID, StudentEntityID)
values (9,26);
insert into StudentInterestGroups (InterestGroupID, StudentEntityID)
values (3,26);
insert into StudentInterestGroups (InterestGroupID, StudentEntityID)
values (11,26);
insert into userEntity (UserName, EmailAddress, EntityType)
values ('TheodoraWoodsP120', 'TheodoraWoodsP120@Louisa.edu', 'STUD');
insert into student (StudentEntityID, FirstName, LastName, MiddleInitial, StreetAddress, Country,City, State,ZipCode, StudentGradeLevel, StudentGPA, StudentACTScore, StudentSATScore, StudentEthnicity, StudentGender, IncomeLevel, DaysAbsent, HoursOfWorkPlaceExp, StudentAthleteFlag, StudentGraduationTrack, StudentEmploymentFlag, StudentImage,SchoolEntityID)
values (27, 'Theodora', 'Woods', 'P', '2376 Mitchell Pass Suite 808', 'USA','Port Jenna','VA','20040','Freshmen', 2.03, 0, 0,'Hispanic','Female','Middle Income',4,11, 'Y', 'Y', 'Y', 'img/student.jpg', 12);
insert into StudentInterestGroups (InterestGroupID, StudentEntityID)
values (1,27);
insert into StudentInterestGroups (InterestGroupID, StudentEntityID)
values (5,27);
insert into StudentInterestGroups (InterestGroupID, StudentEntityID)
values (10,27);
insert into StudentInterestGroups (InterestGroupID, StudentEntityID)
values (7,27);
insert into StudentInterestGroups (InterestGroupID, StudentEntityID)
values (3,27);
insert into StudentInterestGroups (InterestGroupID, StudentEntityID)
values (9,27);
insert into StudentInterestGroups (InterestGroupID, StudentEntityID)
values (8,27);
insert into userEntity (UserName, EmailAddress, EntityType)
values ('JuanitaShackettK651', 'JuanitaShackettK651@rockingham.k12.va.us', 'STUD');
insert into student (StudentEntityID, FirstName, LastName, MiddleInitial, StreetAddress, Country,City, State,ZipCode, StudentGradeLevel, StudentGPA, StudentACTScore, StudentSATScore, StudentEthnicity, StudentGender, IncomeLevel, DaysAbsent, HoursOfWorkPlaceExp, StudentAthleteFlag, StudentGraduationTrack, StudentEmploymentFlag, StudentImage,SchoolEntityID)
values (28, 'Juanita', 'Shackett', 'K', '4355 Young Heights', 'USA','New Ashley','VA','20040','Senior', 1.77, 19, 1175,'Caucasian','Female','Middle Income',12,29, 'Y', 'N', 'N', 'img/student.jpg', 13);
insert into StudentInterestGroups (InterestGroupID, StudentEntityID)
values (5,28);
insert into StudentInterestGroups (InterestGroupID, StudentEntityID)
values (1,28);
insert into StudentInterestGroups (InterestGroupID, StudentEntityID)
values (12,28);
insert into StudentInterestGroups (InterestGroupID, StudentEntityID)
values (7,28);
insert into userEntity (UserName, EmailAddress, EntityType)
values ('SylviaRiveraN937', 'SylviaRiveraN937@Louisa.edu', 'STUD');
insert into student (StudentEntityID, FirstName, LastName, MiddleInitial, StreetAddress, Country,City, State,ZipCode, StudentGradeLevel, StudentGPA, StudentACTScore, StudentSATScore, StudentEthnicity, StudentGender, IncomeLevel, DaysAbsent, HoursOfWorkPlaceExp, StudentAthleteFlag, StudentGraduationTrack, StudentEmploymentFlag, StudentImage,SchoolEntityID)
values (29, 'Sylvia', 'Rivera', 'N', '8835 Williams Point', 'USA','Roblesland','VA','20040','Junior', 1.7, 22, 1177,'Pacific Islander','Female','Middle Income',12,19, 'N', 'N', 'Y', 'img/student.jpg', 12);
insert into StudentInterestGroups (InterestGroupID, StudentEntityID)
values (10,29);
insert into userEntity (UserName, EmailAddress, EntityType)
values ('AdamLeblancY822', 'AdamLeblancY822@turnerAshby.edu', 'STUD');
insert into student (StudentEntityID, FirstName, LastName, MiddleInitial, StreetAddress, Country,City, State,ZipCode, StudentGradeLevel, StudentGPA, StudentACTScore, StudentSATScore, StudentEthnicity, StudentGender, IncomeLevel, DaysAbsent, HoursOfWorkPlaceExp, StudentAthleteFlag, StudentGraduationTrack, StudentEmploymentFlag, StudentImage,SchoolEntityID)
values (30, 'Adam', 'Leblanc', 'Y', '71979 Stephanie Junction Suite 419', 'USA','Lesterchester','VA','20040','Sophomore', 1.11, 0, 0,'Asian','Male','Middle Income',15,1, 'Y', 'N', 'Y', 'img/student.jpg', 15);
insert into StudentInterestGroups (InterestGroupID, StudentEntityID)
values (5,30);
insert into StudentInterestGroups (InterestGroupID, StudentEntityID)
values (8,30);
insert into StudentInterestGroups (InterestGroupID, StudentEntityID)
values (10,30);
insert into StudentInterestGroups (InterestGroupID, StudentEntityID)
values (4,30);
insert into StudentInterestGroups (InterestGroupID, StudentEntityID)
values (1,30);
insert into StudentInterestGroups (InterestGroupID, StudentEntityID)
values (7,30);
insert into userEntity (UserName, EmailAddress, EntityType)
values ('LeandroLeeL662', 'LeandroLeeL662@harrisonburg.edu', 'STUD');
insert into student (StudentEntityID, FirstName, LastName, MiddleInitial, StreetAddress, Country,City, State,ZipCode, StudentGradeLevel, StudentGPA, StudentACTScore, StudentSATScore, StudentEthnicity, StudentGender, IncomeLevel, DaysAbsent, HoursOfWorkPlaceExp, StudentAthleteFlag, StudentGraduationTrack, StudentEmploymentFlag, StudentImage,SchoolEntityID)
values (31, 'Leandro', 'Lee', 'L', '537 Waller Vista', 'USA','Rodriguezton','VA','20041','Senior', 2.13, 27, 951,'Caucasian','Male','Lower Income',3,32, 'N', 'Y', 'Y', 'img/student.jpg', 17);
insert into StudentInterestGroups (InterestGroupID, StudentEntityID)
values (4,31);
insert into StudentInterestGroups (InterestGroupID, StudentEntityID)
values (8,31);
insert into StudentInterestGroups (InterestGroupID, StudentEntityID)
values (1,31);
insert into StudentInterestGroups (InterestGroupID, StudentEntityID)
values (5,31);
insert into StudentInterestGroups (InterestGroupID, StudentEntityID)
values (11,31);
insert into StudentInterestGroups (InterestGroupID, StudentEntityID)
values (3,31);
insert into StudentInterestGroups (InterestGroupID, StudentEntityID)
values (2,31);
insert into userEntity (UserName, EmailAddress, EntityType)
values ('DanielGuerraE455', 'DanielGuerraE455@broadway.edu', 'STUD');
insert into student (StudentEntityID, FirstName, LastName, MiddleInitial, StreetAddress, Country,City, State,ZipCode, StudentGradeLevel, StudentGPA, StudentACTScore, StudentSATScore, StudentEthnicity, StudentGender, IncomeLevel, DaysAbsent, HoursOfWorkPlaceExp, StudentAthleteFlag, StudentGraduationTrack, StudentEmploymentFlag, StudentImage,SchoolEntityID)
values (32, 'Daniel', 'Guerra', 'E', '24827 Williams Prairie', 'USA','Austinfort','VA','20041','Freshmen', 3.88, 0, 0,'Caucasian','Male','Lower Income',4,19, 'N', 'Y', 'N', 'img/student.jpg', 16);
insert into StudentInterestGroups (InterestGroupID, StudentEntityID)
values (8,32);
insert into StudentInterestGroups (InterestGroupID, StudentEntityID)
values (4,32);
insert into StudentInterestGroups (InterestGroupID, StudentEntityID)
values (12,32);
insert into userEntity (UserName, EmailAddress, EntityType)
values ('JohnOsborneY342', 'JohnOsborneY342@harrisonburg.edu', 'STUD');
insert into student (StudentEntityID, FirstName, LastName, MiddleInitial, StreetAddress, Country,City, State,ZipCode, StudentGradeLevel, StudentGPA, StudentACTScore, StudentSATScore, StudentEthnicity, StudentGender, IncomeLevel, DaysAbsent, HoursOfWorkPlaceExp, StudentAthleteFlag, StudentGraduationTrack, StudentEmploymentFlag, StudentImage,SchoolEntityID)
values (33, 'John', 'Osborne', 'Y', '671 Matthews Valleys', 'USA','Martinside','VA','20040','Sophomore', 3.05, 0, 0,'Caucasian','Male','Middle Income',4,25, 'N', 'Y', 'N', 'img/student.jpg', 17);
insert into StudentInterestGroups (InterestGroupID, StudentEntityID)
values (9,33);
insert into StudentInterestGroups (InterestGroupID, StudentEntityID)
values (1,33);
insert into StudentInterestGroups (InterestGroupID, StudentEntityID)
values (3,33);
insert into StudentInterestGroups (InterestGroupID, StudentEntityID)
values (12,33);
insert into StudentInterestGroups (InterestGroupID, StudentEntityID)
values (5,33);
insert into userEntity (UserName, EmailAddress, EntityType)
values ('RoseSturmerI490', 'RoseSturmerI490@broadway.edu', 'STUD');
insert into student (StudentEntityID, FirstName, LastName, MiddleInitial, StreetAddress, Country,City, State,ZipCode, StudentGradeLevel, StudentGPA, StudentACTScore, StudentSATScore, StudentEthnicity, StudentGender, IncomeLevel, DaysAbsent, HoursOfWorkPlaceExp, StudentAthleteFlag, StudentGraduationTrack, StudentEmploymentFlag, StudentImage,SchoolEntityID)
values (34, 'Rose', 'Sturmer', 'I', '8875 Duran Locks', 'USA','Dylanchester','VA','20040','Sophomore', 3.96, 0, 0,'Caucasian','Female','Middle Income',5,20, 'N', 'Y', 'Y', 'img/student.jpg', 16);
insert into StudentInterestGroups (InterestGroupID, StudentEntityID)
values (4,34);
insert into StudentInterestGroups (InterestGroupID, StudentEntityID)
values (3,34);
insert into StudentInterestGroups (InterestGroupID, StudentEntityID)
values (2,34);
insert into StudentInterestGroups (InterestGroupID, StudentEntityID)
values (9,34);
insert into userEntity (UserName, EmailAddress, EntityType)
values ('DavidMccrackenV384', 'DavidMccrackenV384@Louisa.edu', 'STUD');
insert into student (StudentEntityID, FirstName, LastName, MiddleInitial, StreetAddress, Country,City, State,ZipCode, StudentGradeLevel, StudentGPA, StudentACTScore, StudentSATScore, StudentEthnicity, StudentGender, IncomeLevel, DaysAbsent, HoursOfWorkPlaceExp, StudentAthleteFlag, StudentGraduationTrack, StudentEmploymentFlag, StudentImage,SchoolEntityID)
values (35, 'David', 'Mccracken', 'V', '6091 Bradley Port Suite 830', 'USA','Bradleybury','VA','20040','Freshmen', 1.67, 0, 0,'Caucasian','Male','Lower Income',15,2, 'Y', 'N', 'N', 'img/student.jpg', 12);
insert into StudentInterestGroups (InterestGroupID, StudentEntityID)
values (2,35);
insert into StudentInterestGroups (InterestGroupID, StudentEntityID)
values (8,35);
insert into StudentInterestGroups (InterestGroupID, StudentEntityID)
values (12,35);
insert into StudentInterestGroups (InterestGroupID, StudentEntityID)
values (1,35);
insert into StudentInterestGroups (InterestGroupID, StudentEntityID)
values (5,35);
insert into StudentInterestGroups (InterestGroupID, StudentEntityID)
values (10,35);
insert into StudentInterestGroups (InterestGroupID, StudentEntityID)
values (3,35);
insert into userEntity (UserName, EmailAddress, EntityType)
values ('AronWhitmoreU878', 'AronWhitmoreU878@spotswood.edu', 'STUD');
insert into student (StudentEntityID, FirstName, LastName, MiddleInitial, StreetAddress, Country,City, State,ZipCode, StudentGradeLevel, StudentGPA, StudentACTScore, StudentSATScore, StudentEthnicity, StudentGender, IncomeLevel, DaysAbsent, HoursOfWorkPlaceExp, StudentAthleteFlag, StudentGraduationTrack, StudentEmploymentFlag, StudentImage,SchoolEntityID)
values (36, 'Aron', 'Whitmore', 'U', '83506 Stephen Fall', 'USA','Bradleybury','VA','20041','Junior', 1.47, 17, 1181,'Caucasian','Other','Lower Income',13,19, 'Y', 'N', 'N', 'img/student.jpg', 14);
insert into StudentInterestGroups (InterestGroupID, StudentEntityID)
values (4,36);
insert into StudentInterestGroups (InterestGroupID, StudentEntityID)
values (12,36);
insert into StudentInterestGroups (InterestGroupID, StudentEntityID)
values (10,36);
insert into userEntity (UserName, EmailAddress, EntityType)
values ('DustinNobleH939', 'DustinNobleH939@turnerAshby.edu', 'STUD');
insert into student (StudentEntityID, FirstName, LastName, MiddleInitial, StreetAddress, Country,City, State,ZipCode, StudentGradeLevel, StudentGPA, StudentACTScore, StudentSATScore, StudentEthnicity, StudentGender, IncomeLevel, DaysAbsent, HoursOfWorkPlaceExp, StudentAthleteFlag, StudentGraduationTrack, StudentEmploymentFlag, StudentImage,SchoolEntityID)
values (37, 'Dustin', 'Noble', 'H', '821 Jones Stravenue Suite 522', 'USA','Port Michaelchester','VA','20040','Freshmen', 2.69, 0, 0,'Caucasian','Male','Middle Income',7,16, 'Y', 'Y', 'Y', 'img/student.jpg', 15);
insert into StudentInterestGroups (InterestGroupID, StudentEntityID)
values (1,37);
insert into userEntity (UserName, EmailAddress, EntityType)
values ('ElizabethFlintZ940', 'ElizabethFlintZ940@rockingham.k12.va.us', 'STUD');
insert into student (StudentEntityID, FirstName, LastName, MiddleInitial, StreetAddress, Country,City, State,ZipCode, StudentGradeLevel, StudentGPA, StudentACTScore, StudentSATScore, StudentEthnicity, StudentGender, IncomeLevel, DaysAbsent, HoursOfWorkPlaceExp, StudentAthleteFlag, StudentGraduationTrack, StudentEmploymentFlag, StudentImage,SchoolEntityID)
values (38, 'Elizabeth', 'Flint', 'Z', '3733 Jackson Mall', 'USA','East Timothy','VA','20041','Senior', 2.05, 16, 1001,'Caucasian','Other','Lower Income',12,27, 'Y', 'Y', 'N', 'img/student.jpg', 13);
insert into StudentInterestGroups (InterestGroupID, StudentEntityID)
values (11,38);
insert into StudentInterestGroups (InterestGroupID, StudentEntityID)
values (7,38);
insert into userEntity (UserName, EmailAddress, EntityType)
values ('AnthonySutherF26', 'AnthonySutherF26@spotswood.edu', 'STUD');
insert into student (StudentEntityID, FirstName, LastName, MiddleInitial, StreetAddress, Country,City, State,ZipCode, StudentGradeLevel, StudentGPA, StudentACTScore, StudentSATScore, StudentEthnicity, StudentGender, IncomeLevel, DaysAbsent, HoursOfWorkPlaceExp, StudentAthleteFlag, StudentGraduationTrack, StudentEmploymentFlag, StudentImage,SchoolEntityID)
values (39, 'Anthony', 'Suther', 'F', '304 Moreno Valleys', 'USA','East Larry','VA','20040','Sophomore', 2.88, 0, 0,'Caucasian','Other','Higher Income',3,16, 'Y', 'Y', 'Y', 'img/student.jpg', 14);
insert into StudentInterestGroups (InterestGroupID, StudentEntityID)
values (11,39);
insert into userEntity (UserName, EmailAddress, EntityType)
values ('BobbyHarbertE87', 'BobbyHarbertE87@spotswood.edu', 'STUD');
insert into student (StudentEntityID, FirstName, LastName, MiddleInitial, StreetAddress, Country,City, State,ZipCode, StudentGradeLevel, StudentGPA, StudentACTScore, StudentSATScore, StudentEthnicity, StudentGender, IncomeLevel, DaysAbsent, HoursOfWorkPlaceExp, StudentAthleteFlag, StudentGraduationTrack, StudentEmploymentFlag, StudentImage,SchoolEntityID)
values (40, 'Bobby', 'Harbert', 'E', '78127 Houston Estates Suite 802', 'USA','New Sheilaborough','VA','20041','Junior', 3.24, 27, 1185,'Caucasian','Male','Middle Income',0,29, 'Y', 'Y', 'N', 'img/student.jpg', 14);
insert into StudentInterestGroups (InterestGroupID, StudentEntityID)
values (3,40);
insert into StudentInterestGroups (InterestGroupID, StudentEntityID)
values (5,40);
insert into StudentInterestGroups (InterestGroupID, StudentEntityID)
values (11,40);
insert into userEntity (UserName, EmailAddress, EntityType)
values ('BarbaraWalshN58', 'BarbaraWalshN58@turnerAshby.edu', 'STUD');
insert into student (StudentEntityID, FirstName, LastName, MiddleInitial, StreetAddress, Country,City, State,ZipCode, StudentGradeLevel, StudentGPA, StudentACTScore, StudentSATScore, StudentEthnicity, StudentGender, IncomeLevel, DaysAbsent, HoursOfWorkPlaceExp, StudentAthleteFlag, StudentGraduationTrack, StudentEmploymentFlag, StudentImage,SchoolEntityID)
values (41, 'Barbara', 'Walsh', 'N', '3793 Peter Pike', 'USA','Soniaburgh','VA','20041','Senior', 1.75, 23, 1237,'African American','Female','Lower Income',12,21, 'N', 'N', 'Y', 'img/student.jpg', 15);
insert into StudentInterestGroups (InterestGroupID, StudentEntityID)
values (9,41);
insert into StudentInterestGroups (InterestGroupID, StudentEntityID)
values (4,41);
insert into StudentInterestGroups (InterestGroupID, StudentEntityID)
values (6,41);
insert into userEntity (UserName, EmailAddress, EntityType)
values ('LindaSchoolfieldW973', 'LindaSchoolfieldW973@spotswood.edu', 'STUD');
insert into student (StudentEntityID, FirstName, LastName, MiddleInitial, StreetAddress, Country,City, State,ZipCode, StudentGradeLevel, StudentGPA, StudentACTScore, StudentSATScore, StudentEthnicity, StudentGender, IncomeLevel, DaysAbsent, HoursOfWorkPlaceExp, StudentAthleteFlag, StudentGraduationTrack, StudentEmploymentFlag, StudentImage,SchoolEntityID)
values (42, 'Linda', 'Schoolfield', 'W', '47497 Romero Rapid Apt. 584', 'USA','Port Tylerstad','VA','20040','Freshmen', 1.09, 0, 0,'Caucasian','Female','Lower Income',13,3, 'N', 'N', 'N', 'img/student.jpg', 14);
insert into StudentInterestGroups (InterestGroupID, StudentEntityID)
values (8,42);
insert into StudentInterestGroups (InterestGroupID, StudentEntityID)
values (11,42);
insert into StudentInterestGroups (InterestGroupID, StudentEntityID)
values (1,42);
insert into StudentInterestGroups (InterestGroupID, StudentEntityID)
values (9,42);
insert into StudentInterestGroups (InterestGroupID, StudentEntityID)
values (12,42);
insert into StudentInterestGroups (InterestGroupID, StudentEntityID)
values (5,42);
insert into StudentInterestGroups (InterestGroupID, StudentEntityID)
values (7,42);
insert into StudentInterestGroups (InterestGroupID, StudentEntityID)
values (4,42);
insert into userEntity (UserName, EmailAddress, EntityType)
values ('BetteKesslerV648', 'BetteKesslerV648@spotswood.edu', 'STUD');
insert into student (StudentEntityID, FirstName, LastName, MiddleInitial, StreetAddress, Country,City, State,ZipCode, StudentGradeLevel, StudentGPA, StudentACTScore, StudentSATScore, StudentEthnicity, StudentGender, IncomeLevel, DaysAbsent, HoursOfWorkPlaceExp, StudentAthleteFlag, StudentGraduationTrack, StudentEmploymentFlag, StudentImage,SchoolEntityID)
values (43, 'Bette', 'Kessler', 'V', '53877 Nicholas Mills Suite 093', 'USA','Hardymouth','VA','20041','Sophomore', 1.3, 0, 0,'Caucasian','Female','Middle Income',15,10, 'Y', 'N', 'Y', 'img/student.jpg', 14);
insert into StudentInterestGroups (InterestGroupID, StudentEntityID)
values (7,43);
insert into StudentInterestGroups (InterestGroupID, StudentEntityID)
values (6,43);
insert into StudentInterestGroups (InterestGroupID, StudentEntityID)
values (5,43);
insert into StudentInterestGroups (InterestGroupID, StudentEntityID)
values (1,43);
insert into userEntity (UserName, EmailAddress, EntityType)
values ('MalikaSeiberlingL597', 'MalikaSeiberlingL597@rockingham.k12.va.us', 'STUD');
insert into student (StudentEntityID, FirstName, LastName, MiddleInitial, StreetAddress, Country,City, State,ZipCode, StudentGradeLevel, StudentGPA, StudentACTScore, StudentSATScore, StudentEthnicity, StudentGender, IncomeLevel, DaysAbsent, HoursOfWorkPlaceExp, StudentAthleteFlag, StudentGraduationTrack, StudentEmploymentFlag, StudentImage,SchoolEntityID)
values (44, 'Malika', 'Seiberling', 'L', '3347 Blake Streets', 'USA','South Michael','VA','20040','Junior', 2.28, 25, 884,'Caucasian','Female','Middle Income',7,26, 'Y', 'Y', 'N', 'img/student.jpg', 13);
insert into StudentInterestGroups (InterestGroupID, StudentEntityID)
values (4,44);
insert into StudentInterestGroups (InterestGroupID, StudentEntityID)
values (7,44);
insert into StudentInterestGroups (InterestGroupID, StudentEntityID)
values (1,44);
insert into userEntity (UserName, EmailAddress, EntityType)
values ('RobertRazorC699', 'RobertRazorC699@rockingham.k12.va.us', 'STUD');
insert into student (StudentEntityID, FirstName, LastName, MiddleInitial, StreetAddress, Country,City, State,ZipCode, StudentGradeLevel, StudentGPA, StudentACTScore, StudentSATScore, StudentEthnicity, StudentGender, IncomeLevel, DaysAbsent, HoursOfWorkPlaceExp, StudentAthleteFlag, StudentGraduationTrack, StudentEmploymentFlag, StudentImage,SchoolEntityID)
values (45, 'Robert', 'Razor', 'C', '239 Hale Green', 'USA','East Paulafurt','VA','20040','Freshmen', 3.38, 0, 0,'Caucasian','Male','Lower Income',2,13, 'N', 'Y', 'Y', 'img/student.jpg', 13);
insert into StudentInterestGroups (InterestGroupID, StudentEntityID)
values (12,45);
insert into StudentInterestGroups (InterestGroupID, StudentEntityID)
values (7,45);
insert into StudentInterestGroups (InterestGroupID, StudentEntityID)
values (11,45);
insert into userEntity (UserName, EmailAddress, EntityType)
values ('ShanonArmijoS911', 'ShanonArmijoS911@spotswood.edu', 'STUD');
insert into student (StudentEntityID, FirstName, LastName, MiddleInitial, StreetAddress, Country,City, State,ZipCode, StudentGradeLevel, StudentGPA, StudentACTScore, StudentSATScore, StudentEthnicity, StudentGender, IncomeLevel, DaysAbsent, HoursOfWorkPlaceExp, StudentAthleteFlag, StudentGraduationTrack, StudentEmploymentFlag, StudentImage,SchoolEntityID)
values (46, 'Shanon', 'Armijo', 'S', '0248 Craig Shores', 'USA','West Kara','VA','20040','Junior', 2.7, 28, 963,'African American','Female','Lower Income',2,26, 'Y', 'Y', 'N', 'img/student.jpg', 14);
insert into StudentInterestGroups (InterestGroupID, StudentEntityID)
values (6,46);
insert into StudentInterestGroups (InterestGroupID, StudentEntityID)
values (2,46);
insert into StudentInterestGroups (InterestGroupID, StudentEntityID)
values (8,46);
insert into StudentInterestGroups (InterestGroupID, StudentEntityID)
values (9,46);
insert into StudentInterestGroups (InterestGroupID, StudentEntityID)
values (7,46);
insert into StudentInterestGroups (InterestGroupID, StudentEntityID)
values (3,46);
insert into StudentInterestGroups (InterestGroupID, StudentEntityID)
values (10,46);
insert into StudentInterestGroups (InterestGroupID, StudentEntityID)
values (1,46);
insert into userEntity (UserName, EmailAddress, EntityType)
values ('TerriSauerW771', 'TerriSauerW771@spotswood.edu', 'STUD');
insert into student (StudentEntityID, FirstName, LastName, MiddleInitial, StreetAddress, Country,City, State,ZipCode, StudentGradeLevel, StudentGPA, StudentACTScore, StudentSATScore, StudentEthnicity, StudentGender, IncomeLevel, DaysAbsent, HoursOfWorkPlaceExp, StudentAthleteFlag, StudentGraduationTrack, StudentEmploymentFlag, StudentImage,SchoolEntityID)
values (47, 'Terri', 'Sauer', 'W', '467 Hamilton Walks', 'USA','South Jennifer','VA','20041','Junior', 2.67, 25, 1125,'Caucasian','Female','Middle Income',5,28, 'Y', 'Y', 'Y', 'img/student.jpg', 14);
insert into StudentInterestGroups (InterestGroupID, StudentEntityID)
values (10,47);
insert into StudentInterestGroups (InterestGroupID, StudentEntityID)
values (12,47);
insert into StudentInterestGroups (InterestGroupID, StudentEntityID)
values (5,47);
insert into StudentInterestGroups (InterestGroupID, StudentEntityID)
values (9,47);
insert into StudentInterestGroups (InterestGroupID, StudentEntityID)
values (4,47);
insert into StudentInterestGroups (InterestGroupID, StudentEntityID)
values (11,47);
insert into userEntity (UserName, EmailAddress, EntityType)
values ('PeterBakerR29', 'PeterBakerR29@Louisa.edu', 'STUD');
insert into student (StudentEntityID, FirstName, LastName, MiddleInitial, StreetAddress, Country,City, State,ZipCode, StudentGradeLevel, StudentGPA, StudentACTScore, StudentSATScore, StudentEthnicity, StudentGender, IncomeLevel, DaysAbsent, HoursOfWorkPlaceExp, StudentAthleteFlag, StudentGraduationTrack, StudentEmploymentFlag, StudentImage,SchoolEntityID)
values (48, 'Peter', 'Baker', 'R', '62149 Christopher Prairie Apt. 880', 'USA','Mossburgh','VA','20041','Sophomore', 3.56, 0, 0,'Caucasian','Male','Middle Income',0,23, 'Y', 'Y', 'Y', 'img/student.jpg', 12);
insert into StudentInterestGroups (InterestGroupID, StudentEntityID)
values (10,48);
insert into StudentInterestGroups (InterestGroupID, StudentEntityID)
values (11,48);
insert into StudentInterestGroups (InterestGroupID, StudentEntityID)
values (7,48);
insert into StudentInterestGroups (InterestGroupID, StudentEntityID)
values (2,48);
insert into StudentInterestGroups (InterestGroupID, StudentEntityID)
values (1,48);
insert into StudentInterestGroups (InterestGroupID, StudentEntityID)
values (8,48);
insert into StudentInterestGroups (InterestGroupID, StudentEntityID)
values (4,48);
insert into StudentInterestGroups (InterestGroupID, StudentEntityID)
values (3,48);
insert into userEntity (UserName, EmailAddress, EntityType)
values ('ArthurDeasonM524', 'ArthurDeasonM524@rockingham.k12.va.us', 'STUD');
insert into student (StudentEntityID, FirstName, LastName, MiddleInitial, StreetAddress, Country,City, State,ZipCode, StudentGradeLevel, StudentGPA, StudentACTScore, StudentSATScore, StudentEthnicity, StudentGender, IncomeLevel, DaysAbsent, HoursOfWorkPlaceExp, StudentAthleteFlag, StudentGraduationTrack, StudentEmploymentFlag, StudentImage,SchoolEntityID)
values (49, 'Arthur', 'Deason', 'M', '014 Julia Fords', 'USA','Rebeccafurt','VA','20040','Freshmen', 3.38, 0, 0,'Hispanic','Male','Middle Income',0,13, 'N', 'Y', 'N', 'img/student.jpg', 13);
insert into StudentInterestGroups (InterestGroupID, StudentEntityID)
values (7,49);
insert into StudentInterestGroups (InterestGroupID, StudentEntityID)
values (3,49);
insert into StudentInterestGroups (InterestGroupID, StudentEntityID)
values (10,49);
insert into StudentInterestGroups (InterestGroupID, StudentEntityID)
values (1,49);
insert into StudentInterestGroups (InterestGroupID, StudentEntityID)
values (8,49);
insert into StudentInterestGroups (InterestGroupID, StudentEntityID)
values (6,49);
insert into userEntity (UserName, EmailAddress, EntityType)
values ('LindaDavisS571', 'LindaDavisS571@turnerAshby.edu', 'STUD');
insert into student (StudentEntityID, FirstName, LastName, MiddleInitial, StreetAddress, Country,City, State,ZipCode, StudentGradeLevel, StudentGPA, StudentACTScore, StudentSATScore, StudentEthnicity, StudentGender, IncomeLevel, DaysAbsent, HoursOfWorkPlaceExp, StudentAthleteFlag, StudentGraduationTrack, StudentEmploymentFlag, StudentImage,SchoolEntityID)
values (50, 'Linda', 'Davis', 'S', '19503 Sarah Ridges Suite 320', 'USA','Johnsonmouth','VA','20041','Freshmen', 1.06, 0, 0,'African American','Female','Higher Income',15,0, 'Y', 'N', 'N', 'img/student.jpg', 15);
insert into StudentInterestGroups (InterestGroupID, StudentEntityID)
values (6,50);
insert into StudentInterestGroups (InterestGroupID, StudentEntityID)
values (2,50);
insert into StudentInterestGroups (InterestGroupID, StudentEntityID)
values (3,50);
insert into StudentInterestGroups (InterestGroupID, StudentEntityID)
values (10,50);
insert into StudentInterestGroups (InterestGroupID, StudentEntityID)
values (4,50);
insert into userEntity (UserName, EmailAddress, EntityType)
values ('JohnLammF433', 'JohnLammF433@rockingham.k12.va.us', 'STUD');
insert into student (StudentEntityID, FirstName, LastName, MiddleInitial, StreetAddress, Country,City, State,ZipCode, StudentGradeLevel, StudentGPA, StudentACTScore, StudentSATScore, StudentEthnicity, StudentGender, IncomeLevel, DaysAbsent, HoursOfWorkPlaceExp, StudentAthleteFlag, StudentGraduationTrack, StudentEmploymentFlag, StudentImage,SchoolEntityID)
values (51, 'John', 'Lamm', 'F', '608 Tina Circles Apt. 207', 'USA','West Elizabethbury','VA','20040','Sophomore', 2.77, 0, 0,'Caucasian','Male','Middle Income',3,18, 'N', 'Y', 'N', 'img/student.jpg', 13);
insert into StudentInterestGroups (InterestGroupID, StudentEntityID)
values (11,51);
insert into StudentInterestGroups (InterestGroupID, StudentEntityID)
values (1,51);
insert into StudentInterestGroups (InterestGroupID, StudentEntityID)
values (12,51);
insert into userEntity (UserName, EmailAddress, EntityType)
values ('KarenFixJ8', 'KarenFixJ8@Louisa.edu', 'STUD');
insert into student (StudentEntityID, FirstName, LastName, MiddleInitial, StreetAddress, Country,City, State,ZipCode, StudentGradeLevel, StudentGPA, StudentACTScore, StudentSATScore, StudentEthnicity, StudentGender, IncomeLevel, DaysAbsent, HoursOfWorkPlaceExp, StudentAthleteFlag, StudentGraduationTrack, StudentEmploymentFlag, StudentImage,SchoolEntityID)
values (52, 'Karen', 'Fix', 'J', '94839 Gardner Mission', 'USA','New David','VA','20041','Sophomore', 3.88, 0, 0,'Not selected or Other','Female','Higher Income',0,25, 'Y', 'Y', 'Y', 'img/student.jpg', 12);
insert into StudentInterestGroups (InterestGroupID, StudentEntityID)
values (1,52);
insert into StudentInterestGroups (InterestGroupID, StudentEntityID)
values (3,52);
insert into StudentInterestGroups (InterestGroupID, StudentEntityID)
values (4,52);
insert into StudentInterestGroups (InterestGroupID, StudentEntityID)
values (10,52);
insert into userEntity (UserName, EmailAddress, EntityType)
values ('ClaytonWilliamsY651', 'ClaytonWilliamsY651@rockingham.k12.va.us', 'STUD');
insert into student (StudentEntityID, FirstName, LastName, MiddleInitial, StreetAddress, Country,City, State,ZipCode, StudentGradeLevel, StudentGPA, StudentACTScore, StudentSATScore, StudentEthnicity, StudentGender, IncomeLevel, DaysAbsent, HoursOfWorkPlaceExp, StudentAthleteFlag, StudentGraduationTrack, StudentEmploymentFlag, StudentImage,SchoolEntityID)
values (53, 'Clayton', 'Williams', 'Y', '225 Carey Islands', 'USA','Hallland','VA','20041','Senior', 1.07, 18, 1131,'Caucasian','Male','Lower Income',15,15, 'Y', 'N', 'N', 'img/student.jpg', 13);
insert into StudentInterestGroups (InterestGroupID, StudentEntityID)
values (6,53);
insert into StudentInterestGroups (InterestGroupID, StudentEntityID)
values (1,53);
insert into StudentInterestGroups (InterestGroupID, StudentEntityID)
values (7,53);
insert into userEntity (UserName, EmailAddress, EntityType)
values ('ElizabethWilliamsE83', 'ElizabethWilliamsE83@Louisa.edu', 'STUD');
insert into student (StudentEntityID, FirstName, LastName, MiddleInitial, StreetAddress, Country,City, State,ZipCode, StudentGradeLevel, StudentGPA, StudentACTScore, StudentSATScore, StudentEthnicity, StudentGender, IncomeLevel, DaysAbsent, HoursOfWorkPlaceExp, StudentAthleteFlag, StudentGraduationTrack, StudentEmploymentFlag, StudentImage,SchoolEntityID)
values (54, 'Elizabeth', 'Williams', 'E', '829 Greer Shore Apt. 587', 'USA','Port Amandaside','VA','20041','Sophomore', 2.16, 0, 0,'African American','Female','Middle Income',10,14, 'Y', 'Y', 'Y', 'img/student.jpg', 12);
insert into StudentInterestGroups (InterestGroupID, StudentEntityID)
values (4,54);
insert into StudentInterestGroups (InterestGroupID, StudentEntityID)
values (12,54);
insert into StudentInterestGroups (InterestGroupID, StudentEntityID)
values (11,54);
insert into StudentInterestGroups (InterestGroupID, StudentEntityID)
values (1,54);
insert into StudentInterestGroups (InterestGroupID, StudentEntityID)
values (7,54);
insert into StudentInterestGroups (InterestGroupID, StudentEntityID)
values (10,54);
insert into userEntity (UserName, EmailAddress, EntityType)
values ('PhyllisDumasP122', 'PhyllisDumasP122@turnerAshby.edu', 'STUD');
insert into student (StudentEntityID, FirstName, LastName, MiddleInitial, StreetAddress, Country,City, State,ZipCode, StudentGradeLevel, StudentGPA, StudentACTScore, StudentSATScore, StudentEthnicity, StudentGender, IncomeLevel, DaysAbsent, HoursOfWorkPlaceExp, StudentAthleteFlag, StudentGraduationTrack, StudentEmploymentFlag, StudentImage,SchoolEntityID)
values (55, 'Phyllis', 'Dumas', 'P', '671 Hancock Curve', 'USA','Pamelafort','VA','20040','Senior', 2.9, 28, 1015,'Caucasian','Female','Middle Income',0,39, 'Y', 'Y', 'N', 'img/student.jpg', 15);
insert into StudentInterestGroups (InterestGroupID, StudentEntityID)
values (4,55);
insert into StudentInterestGroups (InterestGroupID, StudentEntityID)
values (8,55);
insert into StudentInterestGroups (InterestGroupID, StudentEntityID)
values (3,55);
insert into StudentInterestGroups (InterestGroupID, StudentEntityID)
values (11,55);
insert into StudentInterestGroups (InterestGroupID, StudentEntityID)
values (12,55);
insert into StudentInterestGroups (InterestGroupID, StudentEntityID)
values (7,55);
insert into userEntity (UserName, EmailAddress, EntityType)
values ('TravisVanacoreZ476', 'TravisVanacoreZ476@turnerAshby.edu', 'STUD');
insert into student (StudentEntityID, FirstName, LastName, MiddleInitial, StreetAddress, Country,City, State,ZipCode, StudentGradeLevel, StudentGPA, StudentACTScore, StudentSATScore, StudentEthnicity, StudentGender, IncomeLevel, DaysAbsent, HoursOfWorkPlaceExp, StudentAthleteFlag, StudentGraduationTrack, StudentEmploymentFlag, StudentImage,SchoolEntityID)
values (56, 'Travis', 'Vanacore', 'Z', '917 Destiny Light', 'USA','North Zacharyfurt','VA','20041','Freshmen', 2.08, 0, 0,'Caucasian','Male','Middle Income',11,14, 'N', 'Y', 'N', 'img/student.jpg', 15);
insert into StudentInterestGroups (InterestGroupID, StudentEntityID)
values (9,56);
insert into StudentInterestGroups (InterestGroupID, StudentEntityID)
values (5,56);
insert into StudentInterestGroups (InterestGroupID, StudentEntityID)
values (7,56);
insert into StudentInterestGroups (InterestGroupID, StudentEntityID)
values (11,56);
insert into StudentInterestGroups (InterestGroupID, StudentEntityID)
values (3,56);
insert into userEntity (UserName, EmailAddress, EntityType)
values ('BonnieAlvarezM920', 'BonnieAlvarezM920@spotswood.edu', 'STUD');
insert into student (StudentEntityID, FirstName, LastName, MiddleInitial, StreetAddress, Country,City, State,ZipCode, StudentGradeLevel, StudentGPA, StudentACTScore, StudentSATScore, StudentEthnicity, StudentGender, IncomeLevel, DaysAbsent, HoursOfWorkPlaceExp, StudentAthleteFlag, StudentGraduationTrack, StudentEmploymentFlag, StudentImage,SchoolEntityID)
values (57, 'Bonnie', 'Alvarez', 'M', '3604 Charles Plain', 'USA','Hodgechester','VA','20041','Junior', 2.28, 28, 1133,'Not selected or Other','Other','Middle Income',15,24, 'Y', 'Y', 'Y', 'img/student.jpg', 14);
insert into StudentInterestGroups (InterestGroupID, StudentEntityID)
values (8,57);
insert into StudentInterestGroups (InterestGroupID, StudentEntityID)
values (10,57);
insert into StudentInterestGroups (InterestGroupID, StudentEntityID)
values (4,57);
insert into StudentInterestGroups (InterestGroupID, StudentEntityID)
values (11,57);
insert into StudentInterestGroups (InterestGroupID, StudentEntityID)
values (5,57);
insert into StudentInterestGroups (InterestGroupID, StudentEntityID)
values (9,57);
insert into StudentInterestGroups (InterestGroupID, StudentEntityID)
values (1,57);
insert into StudentInterestGroups (InterestGroupID, StudentEntityID)
values (12,57);
insert into userEntity (UserName, EmailAddress, EntityType)
values ('EdwinTaylorQ550', 'EdwinTaylorQ550@turnerAshby.edu', 'STUD');
insert into student (StudentEntityID, FirstName, LastName, MiddleInitial, StreetAddress, Country,City, State,ZipCode, StudentGradeLevel, StudentGPA, StudentACTScore, StudentSATScore, StudentEthnicity, StudentGender, IncomeLevel, DaysAbsent, HoursOfWorkPlaceExp, StudentAthleteFlag, StudentGraduationTrack, StudentEmploymentFlag, StudentImage,SchoolEntityID)
values (58, 'Edwin', 'Taylor', 'Q', '13709 Thomas Mountain Suite 170', 'USA','Antoniofort','VA','20040','Freshmen', 2.3, 0, 0,'African American','Male','Middle Income',12,10, 'Y', 'Y', 'N', 'img/student.jpg', 15);
insert into StudentInterestGroups (InterestGroupID, StudentEntityID)
values (5,58);
insert into StudentInterestGroups (InterestGroupID, StudentEntityID)
values (1,58);
insert into userEntity (UserName, EmailAddress, EntityType)
values ('JerryLeeF749', 'JerryLeeF749@Louisa.edu', 'STUD');
insert into student (StudentEntityID, FirstName, LastName, MiddleInitial, StreetAddress, Country,City, State,ZipCode, StudentGradeLevel, StudentGPA, StudentACTScore, StudentSATScore, StudentEthnicity, StudentGender, IncomeLevel, DaysAbsent, HoursOfWorkPlaceExp, StudentAthleteFlag, StudentGraduationTrack, StudentEmploymentFlag, StudentImage,SchoolEntityID)
values (59, 'Jerry', 'Lee', 'F', '607 Sullivan Springs', 'USA','Amandaborough','VA','20040','Sophomore', 2.61, 0, 0,'Caucasian','Male','Middle Income',5,19, 'Y', 'Y', 'Y', 'img/student.jpg', 12);
insert into StudentInterestGroups (InterestGroupID, StudentEntityID)
values (3,59);
insert into StudentInterestGroups (InterestGroupID, StudentEntityID)
values (9,59);
insert into StudentInterestGroups (InterestGroupID, StudentEntityID)
values (5,59);
insert into StudentInterestGroups (InterestGroupID, StudentEntityID)
values (10,59);
insert into StudentInterestGroups (InterestGroupID, StudentEntityID)
values (1,59);
insert into StudentInterestGroups (InterestGroupID, StudentEntityID)
values (6,59);
insert into userEntity (UserName, EmailAddress, EntityType)
values ('DeborahIkedaQ943', 'DeborahIkedaQ943@broadway.edu', 'STUD');
insert into student (StudentEntityID, FirstName, LastName, MiddleInitial, StreetAddress, Country,City, State,ZipCode, StudentGradeLevel, StudentGPA, StudentACTScore, StudentSATScore, StudentEthnicity, StudentGender, IncomeLevel, DaysAbsent, HoursOfWorkPlaceExp, StudentAthleteFlag, StudentGraduationTrack, StudentEmploymentFlag, StudentImage,SchoolEntityID)
values (60, 'Deborah', 'Ikeda', 'Q', '68622 Anderson Oval', 'USA','New Marcusmouth','VA','20040','Sophomore', 2.6, 0, 0,'Caucasian','Other','Higher Income',3,17, 'N', 'Y', 'Y', 'img/student.jpg', 16);
insert into StudentInterestGroups (InterestGroupID, StudentEntityID)
values (11,60);
insert into StudentInterestGroups (InterestGroupID, StudentEntityID)
values (8,60);
insert into userEntity (UserName, EmailAddress, EntityType)
values ('WilliamManuelF932', 'WilliamManuelF932@broadway.edu', 'STUD');
insert into student (StudentEntityID, FirstName, LastName, MiddleInitial, StreetAddress, Country,City, State,ZipCode, StudentGradeLevel, StudentGPA, StudentACTScore, StudentSATScore, StudentEthnicity, StudentGender, IncomeLevel, DaysAbsent, HoursOfWorkPlaceExp, StudentAthleteFlag, StudentGraduationTrack, StudentEmploymentFlag, StudentImage,SchoolEntityID)
values (61, 'William', 'Manuel', 'F', '417 Felicia Passage Suite 316', 'USA','New Katherine','VA','20040','Freshmen', 1.94, 0, 0,'Caucasian','Male','Middle Income',14,6, 'Y', 'N', 'N', 'img/student.jpg', 16);
insert into StudentInterestGroups (InterestGroupID, StudentEntityID)
values (10,61);
insert into StudentInterestGroups (InterestGroupID, StudentEntityID)
values (6,61);
insert into StudentInterestGroups (InterestGroupID, StudentEntityID)
values (4,61);
insert into StudentInterestGroups (InterestGroupID, StudentEntityID)
values (7,61);
insert into StudentInterestGroups (InterestGroupID, StudentEntityID)
values (1,61);
insert into StudentInterestGroups (InterestGroupID, StudentEntityID)
values (3,61);
insert into StudentInterestGroups (InterestGroupID, StudentEntityID)
values (8,61);
insert into StudentInterestGroups (InterestGroupID, StudentEntityID)
values (5,61);
insert into userEntity (UserName, EmailAddress, EntityType)
values ('CandiceKennettQ222', 'CandiceKennettQ222@Louisa.edu', 'STUD');
insert into student (StudentEntityID, FirstName, LastName, MiddleInitial, StreetAddress, Country,City, State,ZipCode, StudentGradeLevel, StudentGPA, StudentACTScore, StudentSATScore, StudentEthnicity, StudentGender, IncomeLevel, DaysAbsent, HoursOfWorkPlaceExp, StudentAthleteFlag, StudentGraduationTrack, StudentEmploymentFlag, StudentImage,SchoolEntityID)
values (62, 'Candice', 'Kennett', 'Q', '61524 Mendez Ville', 'USA','East Colinfurt','VA','20041','Freshmen', 3.42, 0, 0,'Not selected or Other','Female','Lower Income',4,15, 'N', 'Y', 'Y', 'img/student.jpg', 12);
insert into StudentInterestGroups (InterestGroupID, StudentEntityID)
values (4,62);
insert into StudentInterestGroups (InterestGroupID, StudentEntityID)
values (12,62);
insert into StudentInterestGroups (InterestGroupID, StudentEntityID)
values (10,62);
insert into StudentInterestGroups (InterestGroupID, StudentEntityID)
values (11,62);
insert into StudentInterestGroups (InterestGroupID, StudentEntityID)
values (3,62);
insert into StudentInterestGroups (InterestGroupID, StudentEntityID)
values (7,62);
insert into StudentInterestGroups (InterestGroupID, StudentEntityID)
values (5,62);
insert into StudentInterestGroups (InterestGroupID, StudentEntityID)
values (2,62);
insert into userEntity (UserName, EmailAddress, EntityType)
values ('MoniqueFreedmanS752', 'MoniqueFreedmanS752@broadway.edu', 'STUD');
insert into student (StudentEntityID, FirstName, LastName, MiddleInitial, StreetAddress, Country,City, State,ZipCode, StudentGradeLevel, StudentGPA, StudentACTScore, StudentSATScore, StudentEthnicity, StudentGender, IncomeLevel, DaysAbsent, HoursOfWorkPlaceExp, StudentAthleteFlag, StudentGraduationTrack, StudentEmploymentFlag, StudentImage,SchoolEntityID)
values (63, 'Monique', 'Freedman', 'S', '87081 Merritt Ford', 'USA','Merrittmouth','VA','20040','Junior', 3.16, 34, 1167,'Caucasian','Female','Higher Income',1,33, 'Y', 'Y', 'Y', 'img/student.jpg', 16);
insert into StudentInterestGroups (InterestGroupID, StudentEntityID)
values (12,63);
insert into StudentInterestGroups (InterestGroupID, StudentEntityID)
values (3,63);
insert into StudentInterestGroups (InterestGroupID, StudentEntityID)
values (1,63);
insert into userEntity (UserName, EmailAddress, EntityType)
values ('CherylPittmanC353', 'CherylPittmanC353@spotswood.edu', 'STUD');
insert into student (StudentEntityID, FirstName, LastName, MiddleInitial, StreetAddress, Country,City, State,ZipCode, StudentGradeLevel, StudentGPA, StudentACTScore, StudentSATScore, StudentEthnicity, StudentGender, IncomeLevel, DaysAbsent, HoursOfWorkPlaceExp, StudentAthleteFlag, StudentGraduationTrack, StudentEmploymentFlag, StudentImage,SchoolEntityID)
values (64, 'Cheryl', 'Pittman', 'C', '64428 Martinez View', 'USA','South Allenfurt','VA','20040','Senior', 2.5, 27, 1351,'Caucasian','Other','Middle Income',7,32, 'N', 'Y', 'Y', 'img/student.jpg', 14);
insert into StudentInterestGroups (InterestGroupID, StudentEntityID)
values (3,64);
insert into StudentInterestGroups (InterestGroupID, StudentEntityID)
values (6,64);
insert into StudentInterestGroups (InterestGroupID, StudentEntityID)
values (1,64);
insert into StudentInterestGroups (InterestGroupID, StudentEntityID)
values (10,64);
insert into StudentInterestGroups (InterestGroupID, StudentEntityID)
values (5,64);
insert into StudentInterestGroups (InterestGroupID, StudentEntityID)
values (2,64);
insert into StudentInterestGroups (InterestGroupID, StudentEntityID)
values (12,64);
insert into userEntity (UserName, EmailAddress, EntityType)
values ('RyanYohnM411', 'RyanYohnM411@harrisonburg.edu', 'STUD');
insert into student (StudentEntityID, FirstName, LastName, MiddleInitial, StreetAddress, Country,City, State,ZipCode, StudentGradeLevel, StudentGPA, StudentACTScore, StudentSATScore, StudentEthnicity, StudentGender, IncomeLevel, DaysAbsent, HoursOfWorkPlaceExp, StudentAthleteFlag, StudentGraduationTrack, StudentEmploymentFlag, StudentImage,SchoolEntityID)
values (65, 'Ryan', 'Yohn', 'M', '038 Mark Ranch', 'USA','Port Robinchester','VA','20040','Senior', 3.78, 27, 1335,'African American','Male','Lower Income',1,42, 'Y', 'Y', 'Y', 'img/student.jpg', 17);
insert into StudentInterestGroups (InterestGroupID, StudentEntityID)
values (5,65);
insert into StudentInterestGroups (InterestGroupID, StudentEntityID)
values (1,65);
insert into StudentInterestGroups (InterestGroupID, StudentEntityID)
values (10,65);
insert into StudentInterestGroups (InterestGroupID, StudentEntityID)
values (3,65);
insert into StudentInterestGroups (InterestGroupID, StudentEntityID)
values (7,65);
insert into StudentInterestGroups (InterestGroupID, StudentEntityID)
values (9,65);
insert into StudentInterestGroups (InterestGroupID, StudentEntityID)
values (2,65);
insert into StudentInterestGroups (InterestGroupID, StudentEntityID)
values (8,65);
insert into userEntity (UserName, EmailAddress, EntityType)
values ('LouisMccluskeyN985', 'LouisMccluskeyN985@Louisa.edu', 'STUD');
insert into student (StudentEntityID, FirstName, LastName, MiddleInitial, StreetAddress, Country,City, State,ZipCode, StudentGradeLevel, StudentGPA, StudentACTScore, StudentSATScore, StudentEthnicity, StudentGender, IncomeLevel, DaysAbsent, HoursOfWorkPlaceExp, StudentAthleteFlag, StudentGraduationTrack, StudentEmploymentFlag, StudentImage,SchoolEntityID)
values (66, 'Louis', 'Mccluskey', 'N', '05306 Collins Village', 'USA','West Stephen','VA','20040','Freshmen', 2.57, 0, 0,'Caucasian','Male','Middle Income',6,12, 'N', 'Y', 'Y', 'img/student.jpg', 12);
insert into StudentInterestGroups (InterestGroupID, StudentEntityID)
values (1,66);
insert into StudentInterestGroups (InterestGroupID, StudentEntityID)
values (5,66);
insert into StudentInterestGroups (InterestGroupID, StudentEntityID)
values (6,66);
insert into StudentInterestGroups (InterestGroupID, StudentEntityID)
values (7,66);
insert into StudentInterestGroups (InterestGroupID, StudentEntityID)
values (11,66);
insert into StudentInterestGroups (InterestGroupID, StudentEntityID)
values (10,66);
insert into userEntity (UserName, EmailAddress, EntityType)
values ('BrianMartinezC709', 'BrianMartinezC709@harrisonburg.edu', 'STUD');
insert into student (StudentEntityID, FirstName, LastName, MiddleInitial, StreetAddress, Country,City, State,ZipCode, StudentGradeLevel, StudentGPA, StudentACTScore, StudentSATScore, StudentEthnicity, StudentGender, IncomeLevel, DaysAbsent, HoursOfWorkPlaceExp, StudentAthleteFlag, StudentGraduationTrack, StudentEmploymentFlag, StudentImage,SchoolEntityID)
values (67, 'Brian', 'Martinez', 'C', '79846 Warren Tunnel', 'USA','Lake Alyssa','VA','20041','Freshmen', 3.48, 0, 0,'Caucasian','Male','Lower Income',3,16, 'N', 'Y', 'N', 'img/student.jpg', 17);
insert into StudentInterestGroups (InterestGroupID, StudentEntityID)
values (2,67);
insert into StudentInterestGroups (InterestGroupID, StudentEntityID)
values (7,67);
insert into StudentInterestGroups (InterestGroupID, StudentEntityID)
values (9,67);
insert into StudentInterestGroups (InterestGroupID, StudentEntityID)
values (1,67);
insert into StudentInterestGroups (InterestGroupID, StudentEntityID)
values (3,67);
insert into StudentInterestGroups (InterestGroupID, StudentEntityID)
values (12,67);
insert into userEntity (UserName, EmailAddress, EntityType)
values ('StephenTimothyA563', 'StephenTimothyA563@turnerAshby.edu', 'STUD');
insert into student (StudentEntityID, FirstName, LastName, MiddleInitial, StreetAddress, Country,City, State,ZipCode, StudentGradeLevel, StudentGPA, StudentACTScore, StudentSATScore, StudentEthnicity, StudentGender, IncomeLevel, DaysAbsent, HoursOfWorkPlaceExp, StudentAthleteFlag, StudentGraduationTrack, StudentEmploymentFlag, StudentImage,SchoolEntityID)
values (68, 'Stephen', 'Timothy', 'A', '43452 Mcguire Brook', 'USA','Port Petermouth','VA','20040','Junior', 1.34, 10, 655,'African American','Male','Lower Income',14,14, 'Y', 'N', 'N', 'img/student.jpg', 15);
insert into StudentInterestGroups (InterestGroupID, StudentEntityID)
values (3,68);
insert into StudentInterestGroups (InterestGroupID, StudentEntityID)
values (10,68);
insert into StudentInterestGroups (InterestGroupID, StudentEntityID)
values (11,68);
insert into StudentInterestGroups (InterestGroupID, StudentEntityID)
values (9,68);
insert into StudentInterestGroups (InterestGroupID, StudentEntityID)
values (5,68);
insert into StudentInterestGroups (InterestGroupID, StudentEntityID)
values (6,68);
insert into userEntity (UserName, EmailAddress, EntityType)
values ('TimChapmanR563', 'TimChapmanR563@turnerAshby.edu', 'STUD');
insert into student (StudentEntityID, FirstName, LastName, MiddleInitial, StreetAddress, Country,City, State,ZipCode, StudentGradeLevel, StudentGPA, StudentACTScore, StudentSATScore, StudentEthnicity, StudentGender, IncomeLevel, DaysAbsent, HoursOfWorkPlaceExp, StudentAthleteFlag, StudentGraduationTrack, StudentEmploymentFlag, StudentImage,SchoolEntityID)
values (69, 'Tim', 'Chapman', 'R', '7588 Victoria Pass Apt. 990', 'USA','Jamesstad','VA','20040','Freshmen', 2.98, 0, 0,'Not selected or Other','Male','Higher Income',4,16, 'N', 'Y', 'N', 'img/student.jpg', 15);
insert into StudentInterestGroups (InterestGroupID, StudentEntityID)
values (3,69);
insert into StudentInterestGroups (InterestGroupID, StudentEntityID)
values (7,69);
insert into StudentInterestGroups (InterestGroupID, StudentEntityID)
values (4,69);
insert into StudentInterestGroups (InterestGroupID, StudentEntityID)
values (6,69);
insert into userEntity (UserName, EmailAddress, EntityType)
values ('DeanTangG453', 'DeanTangG453@harrisonburg.edu', 'STUD');
insert into student (StudentEntityID, FirstName, LastName, MiddleInitial, StreetAddress, Country,City, State,ZipCode, StudentGradeLevel, StudentGPA, StudentACTScore, StudentSATScore, StudentEthnicity, StudentGender, IncomeLevel, DaysAbsent, HoursOfWorkPlaceExp, StudentAthleteFlag, StudentGraduationTrack, StudentEmploymentFlag, StudentImage,SchoolEntityID)
values (70, 'Dean', 'Tang', 'G', '21653 King View Suite 142', 'USA','Daisychester','VA','20040','Junior', 2.04, 25, 1367,'Asian','Male','Higher Income',13,20, 'Y', 'Y', 'N', 'img/student.jpg', 17);
insert into StudentInterestGroups (InterestGroupID, StudentEntityID)
values (4,70);
insert into StudentInterestGroups (InterestGroupID, StudentEntityID)
values (2,70);
insert into StudentInterestGroups (InterestGroupID, StudentEntityID)
values (8,70);
insert into StudentInterestGroups (InterestGroupID, StudentEntityID)
values (1,70);
insert into StudentInterestGroups (InterestGroupID, StudentEntityID)
values (11,70);
insert into StudentInterestGroups (InterestGroupID, StudentEntityID)
values (3,70);
insert into userEntity (UserName, EmailAddress, EntityType)
values ('MarkMillerX39', 'MarkMillerX39@spotswood.edu', 'STUD');
insert into student (StudentEntityID, FirstName, LastName, MiddleInitial, StreetAddress, Country,City, State,ZipCode, StudentGradeLevel, StudentGPA, StudentACTScore, StudentSATScore, StudentEthnicity, StudentGender, IncomeLevel, DaysAbsent, HoursOfWorkPlaceExp, StudentAthleteFlag, StudentGraduationTrack, StudentEmploymentFlag, StudentImage,SchoolEntityID)
values (71, 'Mark', 'Miller', 'X', '95020 Lance Ferry Suite 871', 'USA','New Kevin','VA','20040','Senior', 3.29, 33, 1238,'African American','Other','Higher Income',4,44, 'Y', 'Y', 'N', 'img/student.jpg', 14);
insert into StudentInterestGroups (InterestGroupID, StudentEntityID)
values (10,71);
insert into StudentInterestGroups (InterestGroupID, StudentEntityID)
values (7,71);
insert into StudentInterestGroups (InterestGroupID, StudentEntityID)
values (9,71);
insert into userEntity (UserName, EmailAddress, EntityType)
values ('RobertBeachL365', 'RobertBeachL365@broadway.edu', 'STUD');
insert into student (StudentEntityID, FirstName, LastName, MiddleInitial, StreetAddress, Country,City, State,ZipCode, StudentGradeLevel, StudentGPA, StudentACTScore, StudentSATScore, StudentEthnicity, StudentGender, IncomeLevel, DaysAbsent, HoursOfWorkPlaceExp, StudentAthleteFlag, StudentGraduationTrack, StudentEmploymentFlag, StudentImage,SchoolEntityID)
values (72, 'Robert', 'Beach', 'L', '3582 Blanchard Row', 'USA','Reevesbury','VA','20040','Senior', 3.54, 25, 1564,'Caucasian','Male','Middle Income',5,44, 'Y', 'Y', 'N', 'img/student.jpg', 16);
insert into StudentInterestGroups (InterestGroupID, StudentEntityID)
values (10,72);
insert into StudentInterestGroups (InterestGroupID, StudentEntityID)
values (8,72);
insert into StudentInterestGroups (InterestGroupID, StudentEntityID)
values (1,72);
insert into StudentInterestGroups (InterestGroupID, StudentEntityID)
values (5,72);
insert into StudentInterestGroups (InterestGroupID, StudentEntityID)
values (11,72);
insert into StudentInterestGroups (InterestGroupID, StudentEntityID)
values (3,72);
insert into StudentInterestGroups (InterestGroupID, StudentEntityID)
values (12,72);
insert into userEntity (UserName, EmailAddress, EntityType)
values ('JaysonHoeckY544', 'JaysonHoeckY544@Louisa.edu', 'STUD');
insert into student (StudentEntityID, FirstName, LastName, MiddleInitial, StreetAddress, Country,City, State,ZipCode, StudentGradeLevel, StudentGPA, StudentACTScore, StudentSATScore, StudentEthnicity, StudentGender, IncomeLevel, DaysAbsent, HoursOfWorkPlaceExp, StudentAthleteFlag, StudentGraduationTrack, StudentEmploymentFlag, StudentImage,SchoolEntityID)
values (73, 'Jayson', 'Hoeck', 'Y', '41173 Hernandez Summit', 'USA','Port Dominiquemouth','VA','20040','Sophomore', 2.49, 0, 0,'Caucasian','Male','Middle Income',7,10, 'Y', 'Y', 'Y', 'img/student.jpg', 12);
insert into StudentInterestGroups (InterestGroupID, StudentEntityID)
values (5,73);
insert into userEntity (UserName, EmailAddress, EntityType)
values ('GayleShaferG742', 'GayleShaferG742@broadway.edu', 'STUD');
insert into student (StudentEntityID, FirstName, LastName, MiddleInitial, StreetAddress, Country,City, State,ZipCode, StudentGradeLevel, StudentGPA, StudentACTScore, StudentSATScore, StudentEthnicity, StudentGender, IncomeLevel, DaysAbsent, HoursOfWorkPlaceExp, StudentAthleteFlag, StudentGraduationTrack, StudentEmploymentFlag, StudentImage,SchoolEntityID)
values (74, 'Gayle', 'Shafer', 'G', '6878 Stevens Port', 'USA','South Evanfort','VA','20041','Sophomore', 2.13, 0, 0,'Caucasian','Female','Higher Income',10,15, 'Y', 'Y', 'Y', 'img/student.jpg', 16);
insert into StudentInterestGroups (InterestGroupID, StudentEntityID)
values (11,74);
insert into StudentInterestGroups (InterestGroupID, StudentEntityID)
values (7,74);
insert into StudentInterestGroups (InterestGroupID, StudentEntityID)
values (10,74);
insert into StudentInterestGroups (InterestGroupID, StudentEntityID)
values (1,74);
insert into StudentInterestGroups (InterestGroupID, StudentEntityID)
values (9,74);
insert into StudentInterestGroups (InterestGroupID, StudentEntityID)
values (8,74);
insert into StudentInterestGroups (InterestGroupID, StudentEntityID)
values (5,74);
insert into userEntity (UserName, EmailAddress, EntityType)
values ('GloriaJacobsF467', 'GloriaJacobsF467@rockingham.k12.va.us', 'STUD');
insert into student (StudentEntityID, FirstName, LastName, MiddleInitial, StreetAddress, Country,City, State,ZipCode, StudentGradeLevel, StudentGPA, StudentACTScore, StudentSATScore, StudentEthnicity, StudentGender, IncomeLevel, DaysAbsent, HoursOfWorkPlaceExp, StudentAthleteFlag, StudentGraduationTrack, StudentEmploymentFlag, StudentImage,SchoolEntityID)
values (75, 'Gloria', 'Jacobs', 'F', '7794 Sims Union Suite 146', 'USA','Sanchezchester','VA','20041','Sophomore', 1.46, 0, 0,'Caucasian','Other','Lower Income',15,8, 'N', 'N', 'N', 'img/student.jpg', 13);
insert into StudentInterestGroups (InterestGroupID, StudentEntityID)
values (4,75);
insert into StudentInterestGroups (InterestGroupID, StudentEntityID)
values (10,75);
insert into userEntity (UserName, EmailAddress, EntityType)
values ('PaulineSeibelP726', 'PaulineSeibelP726@broadway.edu', 'STUD');
insert into student (StudentEntityID, FirstName, LastName, MiddleInitial, StreetAddress, Country,City, State,ZipCode, StudentGradeLevel, StudentGPA, StudentACTScore, StudentSATScore, StudentEthnicity, StudentGender, IncomeLevel, DaysAbsent, HoursOfWorkPlaceExp, StudentAthleteFlag, StudentGraduationTrack, StudentEmploymentFlag, StudentImage,SchoolEntityID)
values (76, 'Pauline', 'Seibel', 'P', '3189 Gina Walk', 'USA','New Christopher','VA','20041','Senior', 1.2, 16, 1098,'Caucasian','Female','Higher Income',13,24, 'N', 'N', 'Y', 'img/student.jpg', 16);
insert into StudentInterestGroups (InterestGroupID, StudentEntityID)
values (2,76);
insert into StudentInterestGroups (InterestGroupID, StudentEntityID)
values (3,76);
insert into userEntity (UserName, EmailAddress, EntityType)
values ('GeorgeNaylorB660', 'GeorgeNaylorB660@Louisa.edu', 'STUD');
insert into student (StudentEntityID, FirstName, LastName, MiddleInitial, StreetAddress, Country,City, State,ZipCode, StudentGradeLevel, StudentGPA, StudentACTScore, StudentSATScore, StudentEthnicity, StudentGender, IncomeLevel, DaysAbsent, HoursOfWorkPlaceExp, StudentAthleteFlag, StudentGraduationTrack, StudentEmploymentFlag, StudentImage,SchoolEntityID)
values (77, 'George', 'Naylor', 'B', '515 Andrea Heights Suite 309', 'USA','Tammymouth','VA','20040','Freshmen', 3.27, 0, 0,'Caucasian','Male','Middle Income',1,16, 'N', 'Y', 'N', 'img/student.jpg', 12);
insert into StudentInterestGroups (InterestGroupID, StudentEntityID)
values (1,77);
insert into userEntity (UserName, EmailAddress, EntityType)
values ('LeonWalkerQ1000', 'LeonWalkerQ1000@rockingham.k12.va.us', 'STUD');
insert into student (StudentEntityID, FirstName, LastName, MiddleInitial, StreetAddress, Country,City, State,ZipCode, StudentGradeLevel, StudentGPA, StudentACTScore, StudentSATScore, StudentEthnicity, StudentGender, IncomeLevel, DaysAbsent, HoursOfWorkPlaceExp, StudentAthleteFlag, StudentGraduationTrack, StudentEmploymentFlag, StudentImage,SchoolEntityID)
values (78, 'Leon', 'Walker', 'Q', '0569 Dixon Isle Apt. 810', 'USA','South Sandraside','VA','20040','Junior', 1.86, 24, 986,'Hispanic','Male','Higher Income',13,25, 'Y', 'N', 'N', 'img/student.jpg', 13);
insert into StudentInterestGroups (InterestGroupID, StudentEntityID)
values (7,78);
insert into StudentInterestGroups (InterestGroupID, StudentEntityID)
values (3,78);
insert into userEntity (UserName, EmailAddress, EntityType)
values ('FeliciaLeachmanP811', 'FeliciaLeachmanP811@broadway.edu', 'STUD');
insert into student (StudentEntityID, FirstName, LastName, MiddleInitial, StreetAddress, Country,City, State,ZipCode, StudentGradeLevel, StudentGPA, StudentACTScore, StudentSATScore, StudentEthnicity, StudentGender, IncomeLevel, DaysAbsent, HoursOfWorkPlaceExp, StudentAthleteFlag, StudentGraduationTrack, StudentEmploymentFlag, StudentImage,SchoolEntityID)
values (79, 'Felicia', 'Leachman', 'P', '4275 Shawn Union', 'USA','Thomasstad','VA','20041','Sophomore', 3.49, 0, 0,'Not selected or Other','Female','Middle Income',2,21, 'Y', 'Y', 'N', 'img/student.jpg', 16);
insert into StudentInterestGroups (InterestGroupID, StudentEntityID)
values (2,79);
insert into StudentInterestGroups (InterestGroupID, StudentEntityID)
values (1,79);
insert into StudentInterestGroups (InterestGroupID, StudentEntityID)
values (10,79);
insert into StudentInterestGroups (InterestGroupID, StudentEntityID)
values (12,79);
insert into StudentInterestGroups (InterestGroupID, StudentEntityID)
values (4,79);
insert into StudentInterestGroups (InterestGroupID, StudentEntityID)
values (3,79);
insert into StudentInterestGroups (InterestGroupID, StudentEntityID)
values (11,79);
insert into StudentInterestGroups (InterestGroupID, StudentEntityID)
values (5,79);
insert into userEntity (UserName, EmailAddress, EntityType)
values ('KimDyerY291', 'KimDyerY291@broadway.edu', 'STUD');
insert into student (StudentEntityID, FirstName, LastName, MiddleInitial, StreetAddress, Country,City, State,ZipCode, StudentGradeLevel, StudentGPA, StudentACTScore, StudentSATScore, StudentEthnicity, StudentGender, IncomeLevel, DaysAbsent, HoursOfWorkPlaceExp, StudentAthleteFlag, StudentGraduationTrack, StudentEmploymentFlag, StudentImage,SchoolEntityID)
values (80, 'Kim', 'Dyer', 'Y', '85810 Stephen Village Suite 996', 'USA','South Joshuaside','VA','20040','Freshmen', 3.2, 0, 0,'Caucasian','Female','Lower Income',2,20, 'N', 'Y', 'Y', 'img/student.jpg', 16);
insert into StudentInterestGroups (InterestGroupID, StudentEntityID)
values (5,80);
insert into StudentInterestGroups (InterestGroupID, StudentEntityID)
values (1,80);
insert into StudentInterestGroups (InterestGroupID, StudentEntityID)
values (4,80);
insert into userEntity (UserName, EmailAddress, EntityType)
values ('ShelleyWilsonE185', 'ShelleyWilsonE185@spotswood.edu', 'STUD');
insert into student (StudentEntityID, FirstName, LastName, MiddleInitial, StreetAddress, Country,City, State,ZipCode, StudentGradeLevel, StudentGPA, StudentACTScore, StudentSATScore, StudentEthnicity, StudentGender, IncomeLevel, DaysAbsent, HoursOfWorkPlaceExp, StudentAthleteFlag, StudentGraduationTrack, StudentEmploymentFlag, StudentImage,SchoolEntityID)
values (81, 'Shelley', 'Wilson', 'E', '09557 Smith Port Suite 199', 'USA','New Gabriela','VA','20041','Junior', 3.42, 29, 1491,'Caucasian','Female','Higher Income',3,33, 'N', 'Y', 'Y', 'img/student.jpg', 14);
insert into StudentInterestGroups (InterestGroupID, StudentEntityID)
values (5,81);
insert into StudentInterestGroups (InterestGroupID, StudentEntityID)
values (7,81);
insert into StudentInterestGroups (InterestGroupID, StudentEntityID)
values (6,81);
insert into StudentInterestGroups (InterestGroupID, StudentEntityID)
values (11,81);
insert into StudentInterestGroups (InterestGroupID, StudentEntityID)
values (3,81);
insert into StudentInterestGroups (InterestGroupID, StudentEntityID)
values (1,81);
insert into StudentInterestGroups (InterestGroupID, StudentEntityID)
values (8,81);
insert into userEntity (UserName, EmailAddress, EntityType)
values ('ErikaMurriettaX711', 'ErikaMurriettaX711@Louisa.edu', 'STUD');
insert into student (StudentEntityID, FirstName, LastName, MiddleInitial, StreetAddress, Country,City, State,ZipCode, StudentGradeLevel, StudentGPA, StudentACTScore, StudentSATScore, StudentEthnicity, StudentGender, IncomeLevel, DaysAbsent, HoursOfWorkPlaceExp, StudentAthleteFlag, StudentGraduationTrack, StudentEmploymentFlag, StudentImage,SchoolEntityID)
values (82, 'Erika', 'Murrietta', 'X', '8244 Hunter Vista', 'USA','Christopherland','VA','20041','Senior', 1.71, 24, 1009,'Caucasian','Female','Middle Income',9,33, 'Y', 'N', 'Y', 'img/student.jpg', 12);
insert into StudentInterestGroups (InterestGroupID, StudentEntityID)
values (8,82);
insert into StudentInterestGroups (InterestGroupID, StudentEntityID)
values (11,82);
insert into StudentInterestGroups (InterestGroupID, StudentEntityID)
values (1,82);
insert into StudentInterestGroups (InterestGroupID, StudentEntityID)
values (12,82);
insert into StudentInterestGroups (InterestGroupID, StudentEntityID)
values (9,82);
insert into StudentInterestGroups (InterestGroupID, StudentEntityID)
values (5,82);
insert into StudentInterestGroups (InterestGroupID, StudentEntityID)
values (10,82);
insert into StudentInterestGroups (InterestGroupID, StudentEntityID)
values (7,82);
insert into userEntity (UserName, EmailAddress, EntityType)
values ('JosephineBoyceP815', 'JosephineBoyceP815@broadway.edu', 'STUD');
insert into student (StudentEntityID, FirstName, LastName, MiddleInitial, StreetAddress, Country,City, State,ZipCode, StudentGradeLevel, StudentGPA, StudentACTScore, StudentSATScore, StudentEthnicity, StudentGender, IncomeLevel, DaysAbsent, HoursOfWorkPlaceExp, StudentAthleteFlag, StudentGraduationTrack, StudentEmploymentFlag, StudentImage,SchoolEntityID)
values (83, 'Josephine', 'Boyce', 'P', '905 Spence Knoll Suite 294', 'USA','Ballberg','VA','20040','Sophomore', 2.64, 0, 0,'African American','Female','Middle Income',6,15, 'N', 'Y', 'Y', 'img/student.jpg', 16);
insert into StudentInterestGroups (InterestGroupID, StudentEntityID)
values (3,83);
insert into StudentInterestGroups (InterestGroupID, StudentEntityID)
values (9,83);
insert into StudentInterestGroups (InterestGroupID, StudentEntityID)
values (12,83);
insert into StudentInterestGroups (InterestGroupID, StudentEntityID)
values (6,83);
insert into StudentInterestGroups (InterestGroupID, StudentEntityID)
values (4,83);
insert into StudentInterestGroups (InterestGroupID, StudentEntityID)
values (5,83);
insert into StudentInterestGroups (InterestGroupID, StudentEntityID)
values (2,83);
insert into StudentInterestGroups (InterestGroupID, StudentEntityID)
values (10,83);
insert into userEntity (UserName, EmailAddress, EntityType)
values ('AmySmithF923', 'AmySmithF923@spotswood.edu', 'STUD');
insert into student (StudentEntityID, FirstName, LastName, MiddleInitial, StreetAddress, Country,City, State,ZipCode, StudentGradeLevel, StudentGPA, StudentACTScore, StudentSATScore, StudentEthnicity, StudentGender, IncomeLevel, DaysAbsent, HoursOfWorkPlaceExp, StudentAthleteFlag, StudentGraduationTrack, StudentEmploymentFlag, StudentImage,SchoolEntityID)
values (84, 'Amy', 'Smith', 'F', '34885 Lauren Mountain', 'USA','West Gregoryton','VA','20041','Senior', 2.74, 24, 1340,'Caucasian','Female','Middle Income',0,34, 'Y', 'Y', 'Y', 'img/student.jpg', 14);
insert into StudentInterestGroups (InterestGroupID, StudentEntityID)
values (11,84);
insert into StudentInterestGroups (InterestGroupID, StudentEntityID)
values (9,84);
insert into StudentInterestGroups (InterestGroupID, StudentEntityID)
values (12,84);
insert into StudentInterestGroups (InterestGroupID, StudentEntityID)
values (4,84);
insert into StudentInterestGroups (InterestGroupID, StudentEntityID)
values (10,84);
insert into StudentInterestGroups (InterestGroupID, StudentEntityID)
values (3,84);
insert into userEntity (UserName, EmailAddress, EntityType)
values ('HazelPeppersV166', 'HazelPeppersV166@spotswood.edu', 'STUD');
insert into student (StudentEntityID, FirstName, LastName, MiddleInitial, StreetAddress, Country,City, State,ZipCode, StudentGradeLevel, StudentGPA, StudentACTScore, StudentSATScore, StudentEthnicity, StudentGender, IncomeLevel, DaysAbsent, HoursOfWorkPlaceExp, StudentAthleteFlag, StudentGraduationTrack, StudentEmploymentFlag, StudentImage,SchoolEntityID)
values (85, 'Hazel', 'Peppers', 'V', '0222 Martin Hills Apt. 375', 'USA','East Tyler','VA','20041','Freshmen', 1.36, 0, 0,'African American','Female','Higher Income',15,0, 'N', 'N', 'Y', 'img/student.jpg', 14);
insert into StudentInterestGroups (InterestGroupID, StudentEntityID)
values (7,85);
insert into StudentInterestGroups (InterestGroupID, StudentEntityID)
values (11,85);
insert into StudentInterestGroups (InterestGroupID, StudentEntityID)
values (6,85);
insert into StudentInterestGroups (InterestGroupID, StudentEntityID)
values (4,85);
insert into StudentInterestGroups (InterestGroupID, StudentEntityID)
values (12,85);
insert into StudentInterestGroups (InterestGroupID, StudentEntityID)
values (2,85);
insert into StudentInterestGroups (InterestGroupID, StudentEntityID)
values (8,85);
insert into StudentInterestGroups (InterestGroupID, StudentEntityID)
values (10,85);
insert into userEntity (UserName, EmailAddress, EntityType)
values ('MiltonBrandweinA296', 'MiltonBrandweinA296@turnerAshby.edu', 'STUD');
insert into student (StudentEntityID, FirstName, LastName, MiddleInitial, StreetAddress, Country,City, State,ZipCode, StudentGradeLevel, StudentGPA, StudentACTScore, StudentSATScore, StudentEthnicity, StudentGender, IncomeLevel, DaysAbsent, HoursOfWorkPlaceExp, StudentAthleteFlag, StudentGraduationTrack, StudentEmploymentFlag, StudentImage,SchoolEntityID)
values (86, 'Milton', 'Brandwein', 'A', '97613 Tiffany Lock Apt. 121', 'USA','Bassmouth','VA','20041','Sophomore', 2.52, 0, 0,'Pacific Islander','Male','Middle Income',0,15, 'Y', 'Y', 'N', 'img/student.jpg', 15);
insert into StudentInterestGroups (InterestGroupID, StudentEntityID)
values (1,86);
insert into StudentInterestGroups (InterestGroupID, StudentEntityID)
values (7,86);
insert into StudentInterestGroups (InterestGroupID, StudentEntityID)
values (5,86);
insert into StudentInterestGroups (InterestGroupID, StudentEntityID)
values (2,86);
insert into StudentInterestGroups (InterestGroupID, StudentEntityID)
values (6,86);
insert into userEntity (UserName, EmailAddress, EntityType)
values ('AgnesBishopM455', 'AgnesBishopM455@Louisa.edu', 'STUD');
insert into student (StudentEntityID, FirstName, LastName, MiddleInitial, StreetAddress, Country,City, State,ZipCode, StudentGradeLevel, StudentGPA, StudentACTScore, StudentSATScore, StudentEthnicity, StudentGender, IncomeLevel, DaysAbsent, HoursOfWorkPlaceExp, StudentAthleteFlag, StudentGraduationTrack, StudentEmploymentFlag, StudentImage,SchoolEntityID)
values (87, 'Agnes', 'Bishop', 'M', '5396 Olivia Lock', 'USA','New Brandon','VA','20040','Sophomore', 3.73, 0, 0,'African American','Other','Lower Income',4,20, 'N', 'Y', 'Y', 'img/student.jpg', 12);
insert into StudentInterestGroups (InterestGroupID, StudentEntityID)
values (8,87);
insert into StudentInterestGroups (InterestGroupID, StudentEntityID)
values (4,87);
insert into StudentInterestGroups (InterestGroupID, StudentEntityID)
values (10,87);
insert into userEntity (UserName, EmailAddress, EntityType)
values ('DonnaRudolphU739', 'DonnaRudolphU739@broadway.edu', 'STUD');
insert into student (StudentEntityID, FirstName, LastName, MiddleInitial, StreetAddress, Country,City, State,ZipCode, StudentGradeLevel, StudentGPA, StudentACTScore, StudentSATScore, StudentEthnicity, StudentGender, IncomeLevel, DaysAbsent, HoursOfWorkPlaceExp, StudentAthleteFlag, StudentGraduationTrack, StudentEmploymentFlag, StudentImage,SchoolEntityID)
values (88, 'Donna', 'Rudolph', 'U', '7586 Nancy Burg', 'USA','Brianbury','VA','20041','Junior', 1.3, 18, 980,'Caucasian','Female','Middle Income',13,14, 'Y', 'N', 'N', 'img/student.jpg', 16);
insert into StudentInterestGroups (InterestGroupID, StudentEntityID)
values (1,88);
insert into StudentInterestGroups (InterestGroupID, StudentEntityID)
values (7,88);
insert into StudentInterestGroups (InterestGroupID, StudentEntityID)
values (12,88);
insert into StudentInterestGroups (InterestGroupID, StudentEntityID)
values (5,88);
insert into StudentInterestGroups (InterestGroupID, StudentEntityID)
values (11,88);
insert into userEntity (UserName, EmailAddress, EntityType)
values ('KevinGarrisonN564', 'KevinGarrisonN564@spotswood.edu', 'STUD');
insert into student (StudentEntityID, FirstName, LastName, MiddleInitial, StreetAddress, Country,City, State,ZipCode, StudentGradeLevel, StudentGPA, StudentACTScore, StudentSATScore, StudentEthnicity, StudentGender, IncomeLevel, DaysAbsent, HoursOfWorkPlaceExp, StudentAthleteFlag, StudentGraduationTrack, StudentEmploymentFlag, StudentImage,SchoolEntityID)
values (89, 'Kevin', 'Garrison', 'N', '0669 Perez Extension', 'USA','Adamsburgh','VA','20041','Sophomore', 3.89, 0, 0,'Caucasian','Male','Lower Income',5,24, 'N', 'Y', 'Y', 'img/student.jpg', 14);
insert into StudentInterestGroups (InterestGroupID, StudentEntityID)
values (12,89);
insert into StudentInterestGroups (InterestGroupID, StudentEntityID)
values (8,89);
insert into StudentInterestGroups (InterestGroupID, StudentEntityID)
values (5,89);
insert into StudentInterestGroups (InterestGroupID, StudentEntityID)
values (2,89);
insert into StudentInterestGroups (InterestGroupID, StudentEntityID)
values (9,89);
insert into userEntity (UserName, EmailAddress, EntityType)
values ('AlbertBarrettoV412', 'AlbertBarrettoV412@turnerAshby.edu', 'STUD');
insert into student (StudentEntityID, FirstName, LastName, MiddleInitial, StreetAddress, Country,City, State,ZipCode, StudentGradeLevel, StudentGPA, StudentACTScore, StudentSATScore, StudentEthnicity, StudentGender, IncomeLevel, DaysAbsent, HoursOfWorkPlaceExp, StudentAthleteFlag, StudentGraduationTrack, StudentEmploymentFlag, StudentImage,SchoolEntityID)
values (90, 'Albert', 'Barretto', 'V', '5096 Burke Summit Suite 856', 'USA','Watsonside','VA','20041','Junior', 1.8, 19, 731,'African American','Male','Middle Income',12,22, 'N', 'N', 'N', 'img/student.jpg', 15);
insert into StudentInterestGroups (InterestGroupID, StudentEntityID)
values (4,90);
insert into StudentInterestGroups (InterestGroupID, StudentEntityID)
values (3,90);
insert into StudentInterestGroups (InterestGroupID, StudentEntityID)
values (2,90);
insert into StudentInterestGroups (InterestGroupID, StudentEntityID)
values (11,90);
insert into StudentInterestGroups (InterestGroupID, StudentEntityID)
values (5,90);
insert into StudentInterestGroups (InterestGroupID, StudentEntityID)
values (6,90);
insert into userEntity (UserName, EmailAddress, EntityType)
values ('JerryMcgeeR361', 'JerryMcgeeR361@broadway.edu', 'STUD');
insert into student (StudentEntityID, FirstName, LastName, MiddleInitial, StreetAddress, Country,City, State,ZipCode, StudentGradeLevel, StudentGPA, StudentACTScore, StudentSATScore, StudentEthnicity, StudentGender, IncomeLevel, DaysAbsent, HoursOfWorkPlaceExp, StudentAthleteFlag, StudentGraduationTrack, StudentEmploymentFlag, StudentImage,SchoolEntityID)
values (91, 'Jerry', 'Mcgee', 'R', '125 Williams Gateway Suite 661', 'USA','South Robin','VA','20040','Senior', 1.95, 19, 1066,'Not selected or Other','Male','Middle Income',12,29, 'Y', 'N', 'N', 'img/student.jpg', 16);
insert into StudentInterestGroups (InterestGroupID, StudentEntityID)
values (8,91);
insert into StudentInterestGroups (InterestGroupID, StudentEntityID)
values (9,91);
insert into StudentInterestGroups (InterestGroupID, StudentEntityID)
values (3,91);
insert into StudentInterestGroups (InterestGroupID, StudentEntityID)
values (1,91);
insert into StudentInterestGroups (InterestGroupID, StudentEntityID)
values (12,91);
insert into userEntity (UserName, EmailAddress, EntityType)
values ('KimberlyCrenshawG438', 'KimberlyCrenshawG438@broadway.edu', 'STUD');
insert into student (StudentEntityID, FirstName, LastName, MiddleInitial, StreetAddress, Country,City, State,ZipCode, StudentGradeLevel, StudentGPA, StudentACTScore, StudentSATScore, StudentEthnicity, StudentGender, IncomeLevel, DaysAbsent, HoursOfWorkPlaceExp, StudentAthleteFlag, StudentGraduationTrack, StudentEmploymentFlag, StudentImage,SchoolEntityID)
values (92, 'Kimberly', 'Crenshaw', 'G', '38937 Jeffrey Courts', 'USA','Carlosport','VA','20041','Junior', 3.75, 26, 1372,'Caucasian','Female','Lower Income',5,29, 'Y', 'Y', 'Y', 'img/student.jpg', 16);
insert into StudentInterestGroups (InterestGroupID, StudentEntityID)
values (6,92);
insert into StudentInterestGroups (InterestGroupID, StudentEntityID)
values (9,92);
insert into StudentInterestGroups (InterestGroupID, StudentEntityID)
values (11,92);
insert into StudentInterestGroups (InterestGroupID, StudentEntityID)
values (3,92);
insert into StudentInterestGroups (InterestGroupID, StudentEntityID)
values (5,92);
insert into StudentInterestGroups (InterestGroupID, StudentEntityID)
values (1,92);
insert into StudentInterestGroups (InterestGroupID, StudentEntityID)
values (12,92);
insert into StudentInterestGroups (InterestGroupID, StudentEntityID)
values (2,92);
insert into userEntity (UserName, EmailAddress, EntityType)
values ('DavidRogersH912', 'DavidRogersH912@rockingham.k12.va.us', 'STUD');
insert into student (StudentEntityID, FirstName, LastName, MiddleInitial, StreetAddress, Country,City, State,ZipCode, StudentGradeLevel, StudentGPA, StudentACTScore, StudentSATScore, StudentEthnicity, StudentGender, IncomeLevel, DaysAbsent, HoursOfWorkPlaceExp, StudentAthleteFlag, StudentGraduationTrack, StudentEmploymentFlag, StudentImage,SchoolEntityID)
values (93, 'David', 'Rogers', 'H', '8516 Cody Common Suite 858', 'USA','New Stephaniestad','VA','20041','Senior', 3.33, 30, 1182,'Asian','Male','Middle Income',5,35, 'Y', 'Y', 'N', 'img/student.jpg', 13);
insert into StudentInterestGroups (InterestGroupID, StudentEntityID)
values (9,93);
insert into StudentInterestGroups (InterestGroupID, StudentEntityID)
values (5,93);
insert into userEntity (UserName, EmailAddress, EntityType)
values ('BettyRojasZ756', 'BettyRojasZ756@turnerAshby.edu', 'STUD');
insert into student (StudentEntityID, FirstName, LastName, MiddleInitial, StreetAddress, Country,City, State,ZipCode, StudentGradeLevel, StudentGPA, StudentACTScore, StudentSATScore, StudentEthnicity, StudentGender, IncomeLevel, DaysAbsent, HoursOfWorkPlaceExp, StudentAthleteFlag, StudentGraduationTrack, StudentEmploymentFlag, StudentImage,SchoolEntityID)
values (94, 'Betty', 'Rojas', 'Z', '46894 Jeffrey Mall', 'USA','Katherineville','VA','20040','Freshmen', 1.9, 0, 0,'Caucasian','Female','Middle Income',14,5, 'Y', 'N', 'Y', 'img/student.jpg', 15);
insert into StudentInterestGroups (InterestGroupID, StudentEntityID)
values (5,94);
insert into userEntity (UserName, EmailAddress, EntityType)
values ('PriscillaHogarthQ191', 'PriscillaHogarthQ191@spotswood.edu', 'STUD');
insert into student (StudentEntityID, FirstName, LastName, MiddleInitial, StreetAddress, Country,City, State,ZipCode, StudentGradeLevel, StudentGPA, StudentACTScore, StudentSATScore, StudentEthnicity, StudentGender, IncomeLevel, DaysAbsent, HoursOfWorkPlaceExp, StudentAthleteFlag, StudentGraduationTrack, StudentEmploymentFlag, StudentImage,SchoolEntityID)
values (95, 'Priscilla', 'Hogarth', 'Q', '87144 Corey Corner Suite 436', 'USA','West Daniel','VA','20040','Freshmen', 1.44, 0, 0,'Caucasian','Other','Lower Income',14,2, 'N', 'N', 'Y', 'img/student.jpg', 14);
insert into StudentInterestGroups (InterestGroupID, StudentEntityID)
values (5,95);
insert into userEntity (UserName, EmailAddress, EntityType)
values ('PaulHaasL892', 'PaulHaasL892@spotswood.edu', 'STUD');
insert into student (StudentEntityID, FirstName, LastName, MiddleInitial, StreetAddress, Country,City, State,ZipCode, StudentGradeLevel, StudentGPA, StudentACTScore, StudentSATScore, StudentEthnicity, StudentGender, IncomeLevel, DaysAbsent, HoursOfWorkPlaceExp, StudentAthleteFlag, StudentGraduationTrack, StudentEmploymentFlag, StudentImage,SchoolEntityID)
values (96, 'Paul', 'Haas', 'L', '597 Richard Branch Suite 502', 'USA','Lake Terriport','VA','20041','Sophomore', 1.75, 0, 0,'Caucasian','Male','Lower Income',9,6, 'N', 'N', 'Y', 'img/student.jpg', 14);
insert into StudentInterestGroups (InterestGroupID, StudentEntityID)
values (7,96);
insert into StudentInterestGroups (InterestGroupID, StudentEntityID)
values (9,96);
insert into StudentInterestGroups (InterestGroupID, StudentEntityID)
values (5,96);
insert into StudentInterestGroups (InterestGroupID, StudentEntityID)
values (4,96);
insert into StudentInterestGroups (InterestGroupID, StudentEntityID)
values (10,96);
insert into StudentInterestGroups (InterestGroupID, StudentEntityID)
values (3,96);
insert into StudentInterestGroups (InterestGroupID, StudentEntityID)
values (1,96);
insert into userEntity (UserName, EmailAddress, EntityType)
values ('GeorgieSwansonR377', 'GeorgieSwansonR377@Louisa.edu', 'STUD');
insert into student (StudentEntityID, FirstName, LastName, MiddleInitial, StreetAddress, Country,City, State,ZipCode, StudentGradeLevel, StudentGPA, StudentACTScore, StudentSATScore, StudentEthnicity, StudentGender, IncomeLevel, DaysAbsent, HoursOfWorkPlaceExp, StudentAthleteFlag, StudentGraduationTrack, StudentEmploymentFlag, StudentImage,SchoolEntityID)
values (97, 'Georgie', 'Swanson', 'R', '0491 Murphy Harbors Apt. 133', 'USA','Walkerbury','VA','20041','Senior', 1.82, 23, 1194,'Not selected or Other','Female','Middle Income',9,32, 'Y', 'N', 'N', 'img/student.jpg', 12);
insert into StudentInterestGroups (InterestGroupID, StudentEntityID)
values (10,97);
insert into StudentInterestGroups (InterestGroupID, StudentEntityID)
values (11,97);
insert into StudentInterestGroups (InterestGroupID, StudentEntityID)
values (6,97);
insert into StudentInterestGroups (InterestGroupID, StudentEntityID)
values (2,97);
insert into StudentInterestGroups (InterestGroupID, StudentEntityID)
values (4,97);
insert into userEntity (UserName, EmailAddress, EntityType)
values ('ReginaldReynaL747', 'ReginaldReynaL747@Louisa.edu', 'STUD');
insert into student (StudentEntityID, FirstName, LastName, MiddleInitial, StreetAddress, Country,City, State,ZipCode, StudentGradeLevel, StudentGPA, StudentACTScore, StudentSATScore, StudentEthnicity, StudentGender, IncomeLevel, DaysAbsent, HoursOfWorkPlaceExp, StudentAthleteFlag, StudentGraduationTrack, StudentEmploymentFlag, StudentImage,SchoolEntityID)
values (98, 'Reginald', 'Reyna', 'L', '24797 Hardy Radial', 'USA','West Angela','VA','20040','Senior', 2.27, 16, 898,'Caucasian','Male','Lower Income',8,37, 'Y', 'Y', 'N', 'img/student.jpg', 12);
insert into StudentInterestGroups (InterestGroupID, StudentEntityID)
values (6,98);
insert into StudentInterestGroups (InterestGroupID, StudentEntityID)
values (8,98);
insert into StudentInterestGroups (InterestGroupID, StudentEntityID)
values (12,98);
insert into StudentInterestGroups (InterestGroupID, StudentEntityID)
values (9,98);
insert into StudentInterestGroups (InterestGroupID, StudentEntityID)
values (4,98);
insert into StudentInterestGroups (InterestGroupID, StudentEntityID)
values (5,98);
insert into StudentInterestGroups (InterestGroupID, StudentEntityID)
values (7,98);
insert into StudentInterestGroups (InterestGroupID, StudentEntityID)
values (3,98);
insert into userEntity (UserName, EmailAddress, EntityType)
values ('YuMedinaM201', 'YuMedinaM201@harrisonburg.edu', 'STUD');
insert into student (StudentEntityID, FirstName, LastName, MiddleInitial, StreetAddress, Country,City, State,ZipCode, StudentGradeLevel, StudentGPA, StudentACTScore, StudentSATScore, StudentEthnicity, StudentGender, IncomeLevel, DaysAbsent, HoursOfWorkPlaceExp, StudentAthleteFlag, StudentGraduationTrack, StudentEmploymentFlag, StudentImage,SchoolEntityID)
values (99, 'Yu', 'Medina', 'M', '103 Nathan Mall Apt. 193', 'USA','Gonzalezchester','VA','20040','Senior', 3.3, 23, 1207,'Caucasian','Other','Middle Income',4,34, 'Y', 'Y', 'N', 'img/student.jpg', 17);
insert into StudentInterestGroups (InterestGroupID, StudentEntityID)
values (11,99);
insert into StudentInterestGroups (InterestGroupID, StudentEntityID)
values (8,99);
insert into StudentInterestGroups (InterestGroupID, StudentEntityID)
values (2,99);
insert into StudentInterestGroups (InterestGroupID, StudentEntityID)
values (4,99);
insert into userEntity (UserName, EmailAddress, EntityType)
values ('WilliamAndrewsT454', 'WilliamAndrewsT454@rockingham.k12.va.us', 'STUD');
insert into student (StudentEntityID, FirstName, LastName, MiddleInitial, StreetAddress, Country,City, State,ZipCode, StudentGradeLevel, StudentGPA, StudentACTScore, StudentSATScore, StudentEthnicity, StudentGender, IncomeLevel, DaysAbsent, HoursOfWorkPlaceExp, StudentAthleteFlag, StudentGraduationTrack, StudentEmploymentFlag, StudentImage,SchoolEntityID)
values (100, 'William', 'Andrews', 'T', '6090 Molly Extensions Suite 738', 'USA','Lake Megan','VA','20041','Junior', 1.95, 21, 1239,'Pacific Islander','Male','Middle Income',13,23, 'Y', 'N', 'Y', 'img/student.jpg', 13);
insert into StudentInterestGroups (InterestGroupID, StudentEntityID)
values (6,100);
insert into StudentInterestGroups (InterestGroupID, StudentEntityID)
values (7,100);
insert into userEntity (UserName, EmailAddress, EntityType)
values ('AnthonyWatsonS863', 'AnthonyWatsonS863@harrisonburg.edu', 'STUD');
insert into student (StudentEntityID, FirstName, LastName, MiddleInitial, StreetAddress, Country,City, State,ZipCode, StudentGradeLevel, StudentGPA, StudentACTScore, StudentSATScore, StudentEthnicity, StudentGender, IncomeLevel, DaysAbsent, HoursOfWorkPlaceExp, StudentAthleteFlag, StudentGraduationTrack, StudentEmploymentFlag, StudentImage,SchoolEntityID)
values (101, 'Anthony', 'Watson', 'S', '4952 Evelyn Plaza Apt. 138', 'USA','Washingtonhaven','VA','20041','Freshmen', 3.2, 0, 0,'Hispanic','Other','Middle Income',1,15, 'Y', 'Y', 'N', 'img/student.jpg', 17);
insert into StudentInterestGroups (InterestGroupID, StudentEntityID)
values (4,101);
insert into StudentInterestGroups (InterestGroupID, StudentEntityID)
values (7,101);
insert into StudentInterestGroups (InterestGroupID, StudentEntityID)
values (11,101);
insert into StudentInterestGroups (InterestGroupID, StudentEntityID)
values (3,101);
insert into StudentInterestGroups (InterestGroupID, StudentEntityID)
values (6,101);
insert into userEntity (UserName, EmailAddress, EntityType)
values ('AngeliaLinkR166', 'AngeliaLinkR166@spotswood.edu', 'STUD');
insert into student (StudentEntityID, FirstName, LastName, MiddleInitial, StreetAddress, Country,City, State,ZipCode, StudentGradeLevel, StudentGPA, StudentACTScore, StudentSATScore, StudentEthnicity, StudentGender, IncomeLevel, DaysAbsent, HoursOfWorkPlaceExp, StudentAthleteFlag, StudentGraduationTrack, StudentEmploymentFlag, StudentImage,SchoolEntityID)
values (102, 'Angelia', 'Link', 'R', '2569 Brennan Circle Suite 462', 'USA','Lake Davidfort','VA','20040','Junior', 3.33, 27, 1149,'Caucasian','Other','Middle Income',0,32, 'Y', 'Y', 'N', 'img/student.jpg', 14);
insert into StudentInterestGroups (InterestGroupID, StudentEntityID)
values (10,102);
insert into StudentInterestGroups (InterestGroupID, StudentEntityID)
values (12,102);
insert into StudentInterestGroups (InterestGroupID, StudentEntityID)
values (4,102);
insert into StudentInterestGroups (InterestGroupID, StudentEntityID)
values (5,102);
insert into StudentInterestGroups (InterestGroupID, StudentEntityID)
values (8,102);
insert into userEntity (UserName, EmailAddress, EntityType)
values ('MonicaParryA847', 'MonicaParryA847@broadway.edu', 'STUD');
insert into student (StudentEntityID, FirstName, LastName, MiddleInitial, StreetAddress, Country,City, State,ZipCode, StudentGradeLevel, StudentGPA, StudentACTScore, StudentSATScore, StudentEthnicity, StudentGender, IncomeLevel, DaysAbsent, HoursOfWorkPlaceExp, StudentAthleteFlag, StudentGraduationTrack, StudentEmploymentFlag, StudentImage,SchoolEntityID)
values (103, 'Monica', 'Parry', 'A', '27251 Rachael Mills', 'USA','Port Amyborough','VA','20041','Freshmen', 1.77, 0, 0,'Caucasian','Female','Middle Income',10,4, 'N', 'N', 'N', 'img/student.jpg', 16);
insert into StudentInterestGroups (InterestGroupID, StudentEntityID)
values (12,103);
insert into StudentInterestGroups (InterestGroupID, StudentEntityID)
values (3,103);
insert into StudentInterestGroups (InterestGroupID, StudentEntityID)
values (11,103);
insert into StudentInterestGroups (InterestGroupID, StudentEntityID)
values (2,103);
insert into StudentInterestGroups (InterestGroupID, StudentEntityID)
values (5,103);
insert into userEntity (UserName, EmailAddress, EntityType)
values ('WalterHoT24', 'WalterHoT24@harrisonburg.edu', 'STUD');
insert into student (StudentEntityID, FirstName, LastName, MiddleInitial, StreetAddress, Country,City, State,ZipCode, StudentGradeLevel, StudentGPA, StudentACTScore, StudentSATScore, StudentEthnicity, StudentGender, IncomeLevel, DaysAbsent, HoursOfWorkPlaceExp, StudentAthleteFlag, StudentGraduationTrack, StudentEmploymentFlag, StudentImage,SchoolEntityID)
values (104, 'Walter', 'Ho', 'T', '761 Mary Squares Suite 506', 'USA','New Henry','VA','20040','Freshmen', 3.52, 0, 0,'Not selected or Other','Other','Middle Income',3,20, 'N', 'Y', 'N', 'img/student.jpg', 17);
insert into StudentInterestGroups (InterestGroupID, StudentEntityID)
values (3,104);
insert into StudentInterestGroups (InterestGroupID, StudentEntityID)
values (11,104);
insert into StudentInterestGroups (InterestGroupID, StudentEntityID)
values (5,104);
insert into StudentInterestGroups (InterestGroupID, StudentEntityID)
values (6,104);
insert into StudentInterestGroups (InterestGroupID, StudentEntityID)
values (7,104);
insert into userEntity (UserName, EmailAddress, EntityType)
values ('MelissaGoldsberryT91', 'MelissaGoldsberryT91@Louisa.edu', 'STUD');
insert into student (StudentEntityID, FirstName, LastName, MiddleInitial, StreetAddress, Country,City, State,ZipCode, StudentGradeLevel, StudentGPA, StudentACTScore, StudentSATScore, StudentEthnicity, StudentGender, IncomeLevel, DaysAbsent, HoursOfWorkPlaceExp, StudentAthleteFlag, StudentGraduationTrack, StudentEmploymentFlag, StudentImage,SchoolEntityID)
values (105, 'Melissa', 'Goldsberry', 'T', '27587 Corey Harbors', 'USA','East Samantha','VA','20040','Junior', 3.9, 34, 1544,'Caucasian','Female','Middle Income',2,27, 'Y', 'Y', 'N', 'img/student.jpg', 12);
insert into StudentInterestGroups (InterestGroupID, StudentEntityID)
values (2,105);
insert into StudentInterestGroups (InterestGroupID, StudentEntityID)
values (3,105);
insert into StudentInterestGroups (InterestGroupID, StudentEntityID)
values (8,105);
insert into StudentInterestGroups (InterestGroupID, StudentEntityID)
values (12,105);
insert into StudentInterestGroups (InterestGroupID, StudentEntityID)
values (9,105);
insert into StudentInterestGroups (InterestGroupID, StudentEntityID)
values (5,105);
insert into StudentInterestGroups (InterestGroupID, StudentEntityID)
values (4,105);
insert into StudentInterestGroups (InterestGroupID, StudentEntityID)
values (1,105);
insert into userEntity (UserName, EmailAddress, EntityType)
values ('IanCarsonH157', 'IanCarsonH157@turnerAshby.edu', 'STUD');
insert into student (StudentEntityID, FirstName, LastName, MiddleInitial, StreetAddress, Country,City, State,ZipCode, StudentGradeLevel, StudentGPA, StudentACTScore, StudentSATScore, StudentEthnicity, StudentGender, IncomeLevel, DaysAbsent, HoursOfWorkPlaceExp, StudentAthleteFlag, StudentGraduationTrack, StudentEmploymentFlag, StudentImage,SchoolEntityID)
values (106, 'Ian', 'Carson', 'H', '28837 Preston Ridges Suite 003', 'USA','South John','VA','20041','Freshmen', 3.58, 0, 0,'Caucasian','Male','Higher Income',5,16, 'Y', 'Y', 'Y', 'img/student.jpg', 15);
insert into StudentInterestGroups (InterestGroupID, StudentEntityID)
values (8,106);
insert into StudentInterestGroups (InterestGroupID, StudentEntityID)
values (10,106);
insert into StudentInterestGroups (InterestGroupID, StudentEntityID)
values (4,106);
insert into StudentInterestGroups (InterestGroupID, StudentEntityID)
values (7,106);
insert into StudentInterestGroups (InterestGroupID, StudentEntityID)
values (3,106);
insert into StudentInterestGroups (InterestGroupID, StudentEntityID)
values (2,106);
insert into StudentInterestGroups (InterestGroupID, StudentEntityID)
values (6,106);
insert into StudentInterestGroups (InterestGroupID, StudentEntityID)
values (1,106);
insert into userEntity (UserName, EmailAddress, EntityType)
values ('DeborahMorrisU368', 'DeborahMorrisU368@broadway.edu', 'STUD');
insert into student (StudentEntityID, FirstName, LastName, MiddleInitial, StreetAddress, Country,City, State,ZipCode, StudentGradeLevel, StudentGPA, StudentACTScore, StudentSATScore, StudentEthnicity, StudentGender, IncomeLevel, DaysAbsent, HoursOfWorkPlaceExp, StudentAthleteFlag, StudentGraduationTrack, StudentEmploymentFlag, StudentImage,SchoolEntityID)
values (107, 'Deborah', 'Morris', 'U', '7811 Shaw Rue Suite 953', 'USA','Robertstad','VA','20041','Junior', 2.12, 23, 1203,'Caucasian','Female','Middle Income',13,26, 'N', 'Y', 'N', 'img/student.jpg', 16);
insert into StudentInterestGroups (InterestGroupID, StudentEntityID)
values (11,107);
insert into StudentInterestGroups (InterestGroupID, StudentEntityID)
values (6,107);
insert into StudentInterestGroups (InterestGroupID, StudentEntityID)
values (5,107);
insert into StudentInterestGroups (InterestGroupID, StudentEntityID)
values (3,107);
insert into StudentInterestGroups (InterestGroupID, StudentEntityID)
values (7,107);
insert into userEntity (UserName, EmailAddress, EntityType)
values ('LisaIcardoR244', 'LisaIcardoR244@broadway.edu', 'STUD');
insert into student (StudentEntityID, FirstName, LastName, MiddleInitial, StreetAddress, Country,City, State,ZipCode, StudentGradeLevel, StudentGPA, StudentACTScore, StudentSATScore, StudentEthnicity, StudentGender, IncomeLevel, DaysAbsent, HoursOfWorkPlaceExp, StudentAthleteFlag, StudentGraduationTrack, StudentEmploymentFlag, StudentImage,SchoolEntityID)
values (108, 'Lisa', 'Icardo', 'R', '0421 Garcia Pines', 'USA','Paulport','VA','20040','Freshmen', 2.93, 0, 0,'African American','Female','Middle Income',4,14, 'N', 'Y', 'Y', 'img/student.jpg', 16);
insert into StudentInterestGroups (InterestGroupID, StudentEntityID)
values (3,108);
insert into StudentInterestGroups (InterestGroupID, StudentEntityID)
values (2,108);
insert into StudentInterestGroups (InterestGroupID, StudentEntityID)
values (10,108);
insert into userEntity (UserName, EmailAddress, EntityType)
values ('BonnieWelchO379', 'BonnieWelchO379@harrisonburg.edu', 'STUD');
insert into student (StudentEntityID, FirstName, LastName, MiddleInitial, StreetAddress, Country,City, State,ZipCode, StudentGradeLevel, StudentGPA, StudentACTScore, StudentSATScore, StudentEthnicity, StudentGender, IncomeLevel, DaysAbsent, HoursOfWorkPlaceExp, StudentAthleteFlag, StudentGraduationTrack, StudentEmploymentFlag, StudentImage,SchoolEntityID)
values (109, 'Bonnie', 'Welch', 'O', '15893 Leslie Lights', 'USA','Port Scott','VA','20040','Senior', 1.24, 14, 871,'Pacific Islander','Female','Lower Income',15,27, 'Y', 'N', 'Y', 'img/student.jpg', 17);
insert into StudentInterestGroups (InterestGroupID, StudentEntityID)
values (4,109);
insert into StudentInterestGroups (InterestGroupID, StudentEntityID)
values (1,109);
insert into StudentInterestGroups (InterestGroupID, StudentEntityID)
values (5,109);
insert into StudentInterestGroups (InterestGroupID, StudentEntityID)
values (10,109);
insert into userEntity (UserName, EmailAddress, EntityType)
values ('HeatherHernandezJ868', 'HeatherHernandezJ868@spotswood.edu', 'STUD');
insert into student (StudentEntityID, FirstName, LastName, MiddleInitial, StreetAddress, Country,City, State,ZipCode, StudentGradeLevel, StudentGPA, StudentACTScore, StudentSATScore, StudentEthnicity, StudentGender, IncomeLevel, DaysAbsent, HoursOfWorkPlaceExp, StudentAthleteFlag, StudentGraduationTrack, StudentEmploymentFlag, StudentImage,SchoolEntityID)
values (110, 'Heather', 'Hernandez', 'J', '091 Melinda Crossroad', 'USA','New Laurieshire','VA','20040','Senior', 2.34, 19, 895,'Caucasian','Female','Middle Income',11,34, 'Y', 'Y', 'Y', 'img/student.jpg', 14);
insert into StudentInterestGroups (InterestGroupID, StudentEntityID)
values (10,110);
insert into StudentInterestGroups (InterestGroupID, StudentEntityID)
values (2,110);
insert into StudentInterestGroups (InterestGroupID, StudentEntityID)
values (12,110);
insert into userEntity (UserName, EmailAddress, EntityType)
values ('BrandonPlaistedC185', 'BrandonPlaistedC185@rockingham.k12.va.us', 'STUD');
insert into student (StudentEntityID, FirstName, LastName, MiddleInitial, StreetAddress, Country,City, State,ZipCode, StudentGradeLevel, StudentGPA, StudentACTScore, StudentSATScore, StudentEthnicity, StudentGender, IncomeLevel, DaysAbsent, HoursOfWorkPlaceExp, StudentAthleteFlag, StudentGraduationTrack, StudentEmploymentFlag, StudentImage,SchoolEntityID)
values (111, 'Brandon', 'Plaisted', 'C', '425 Bishop Rest', 'USA','Collinsbury','VA','20040','Junior', 1.31, 20, 630,'Pacific Islander','Female','Middle Income',15,10, 'Y', 'N', 'Y', 'img/student.jpg', 13);
insert into StudentInterestGroups (InterestGroupID, StudentEntityID)
values (5,111);
insert into StudentInterestGroups (InterestGroupID, StudentEntityID)
values (2,111);
insert into StudentInterestGroups (InterestGroupID, StudentEntityID)
values (1,111);
insert into userEntity (UserName, EmailAddress, EntityType)
values ('JasonViggianoP723', 'JasonViggianoP723@Louisa.edu', 'STUD');
insert into student (StudentEntityID, FirstName, LastName, MiddleInitial, StreetAddress, Country,City, State,ZipCode, StudentGradeLevel, StudentGPA, StudentACTScore, StudentSATScore, StudentEthnicity, StudentGender, IncomeLevel, DaysAbsent, HoursOfWorkPlaceExp, StudentAthleteFlag, StudentGraduationTrack, StudentEmploymentFlag, StudentImage,SchoolEntityID)
values (112, 'Jason', 'Viggiano', 'P', '264 Gross Hollow', 'USA','Martinburgh','VA','20040','Freshmen', 2.45, 0, 0,'Caucasian','Male','Middle Income',4,8, 'Y', 'Y', 'N', 'img/student.jpg', 12);
insert into StudentInterestGroups (InterestGroupID, StudentEntityID)
values (9,112);
insert into StudentInterestGroups (InterestGroupID, StudentEntityID)
values (11,112);
insert into StudentInterestGroups (InterestGroupID, StudentEntityID)
values (10,112);
insert into StudentInterestGroups (InterestGroupID, StudentEntityID)
values (7,112);
insert into StudentInterestGroups (InterestGroupID, StudentEntityID)
values (3,112);
insert into StudentInterestGroups (InterestGroupID, StudentEntityID)
values (6,112);
insert into userEntity (UserName, EmailAddress, EntityType)
values ('RonaldLewellenI366', 'RonaldLewellenI366@Louisa.edu', 'STUD');
insert into student (StudentEntityID, FirstName, LastName, MiddleInitial, StreetAddress, Country,City, State,ZipCode, StudentGradeLevel, StudentGPA, StudentACTScore, StudentSATScore, StudentEthnicity, StudentGender, IncomeLevel, DaysAbsent, HoursOfWorkPlaceExp, StudentAthleteFlag, StudentGraduationTrack, StudentEmploymentFlag, StudentImage,SchoolEntityID)
values (113, 'Ronald', 'Lewellen', 'I', '1754 Newman Shoals Apt. 986', 'USA','North Nicoleport','VA','20041','Sophomore', 3.72, 0, 0,'Hispanic','Male','Middle Income',0,25, 'N', 'Y', 'N', 'img/student.jpg', 12);
insert into StudentInterestGroups (InterestGroupID, StudentEntityID)
values (9,113);
insert into StudentInterestGroups (InterestGroupID, StudentEntityID)
values (5,113);
insert into StudentInterestGroups (InterestGroupID, StudentEntityID)
values (4,113);
insert into StudentInterestGroups (InterestGroupID, StudentEntityID)
values (8,113);
insert into userEntity (UserName, EmailAddress, EntityType)
values ('DorothySharpF421', 'DorothySharpF421@turnerAshby.edu', 'STUD');
insert into student (StudentEntityID, FirstName, LastName, MiddleInitial, StreetAddress, Country,City, State,ZipCode, StudentGradeLevel, StudentGPA, StudentACTScore, StudentSATScore, StudentEthnicity, StudentGender, IncomeLevel, DaysAbsent, HoursOfWorkPlaceExp, StudentAthleteFlag, StudentGraduationTrack, StudentEmploymentFlag, StudentImage,SchoolEntityID)
values (114, 'Dorothy', 'Sharp', 'F', '9533 Tamara Highway Suite 895', 'USA','East Ritaville','VA','20041','Senior', 1.42, 13, 1194,'Hispanic','Female','Middle Income',15,27, 'Y', 'N', 'Y', 'img/student.jpg', 15);
insert into StudentInterestGroups (InterestGroupID, StudentEntityID)
values (10,114);
insert into StudentInterestGroups (InterestGroupID, StudentEntityID)
values (1,114);
insert into StudentInterestGroups (InterestGroupID, StudentEntityID)
values (7,114);
insert into StudentInterestGroups (InterestGroupID, StudentEntityID)
values (9,114);
insert into userEntity (UserName, EmailAddress, EntityType)
values ('ThomasGreenC27', 'ThomasGreenC27@rockingham.k12.va.us', 'STUD');
insert into student (StudentEntityID, FirstName, LastName, MiddleInitial, StreetAddress, Country,City, State,ZipCode, StudentGradeLevel, StudentGPA, StudentACTScore, StudentSATScore, StudentEthnicity, StudentGender, IncomeLevel, DaysAbsent, HoursOfWorkPlaceExp, StudentAthleteFlag, StudentGraduationTrack, StudentEmploymentFlag, StudentImage,SchoolEntityID)
values (115, 'Thomas', 'Green', 'C', '41053 Carlos Centers', 'USA','Port Kimberlybury','VA','20041','Freshmen', 3.84, 0, 0,'Caucasian','Male','Lower Income',2,20, 'N', 'Y', 'Y', 'img/student.jpg', 13);
insert into StudentInterestGroups (InterestGroupID, StudentEntityID)
values (4,115);
insert into userEntity (UserName, EmailAddress, EntityType)
values ('MaryStineU448', 'MaryStineU448@rockingham.k12.va.us', 'STUD');
insert into student (StudentEntityID, FirstName, LastName, MiddleInitial, StreetAddress, Country,City, State,ZipCode, StudentGradeLevel, StudentGPA, StudentACTScore, StudentSATScore, StudentEthnicity, StudentGender, IncomeLevel, DaysAbsent, HoursOfWorkPlaceExp, StudentAthleteFlag, StudentGraduationTrack, StudentEmploymentFlag, StudentImage,SchoolEntityID)
values (116, 'Mary', 'Stine', 'U', '087 Lee Hollow Apt. 747', 'USA','Terrimouth','VA','20040','Senior', 2.31, 23, 1152,'Caucasian','Female','Lower Income',15,28, 'Y', 'Y', 'N', 'img/student.jpg', 13);
insert into StudentInterestGroups (InterestGroupID, StudentEntityID)
values (8,116);
insert into StudentInterestGroups (InterestGroupID, StudentEntityID)
values (10,116);
insert into StudentInterestGroups (InterestGroupID, StudentEntityID)
values (7,116);
insert into StudentInterestGroups (InterestGroupID, StudentEntityID)
values (6,116);
insert into StudentInterestGroups (InterestGroupID, StudentEntityID)
values (1,116);
insert into StudentInterestGroups (InterestGroupID, StudentEntityID)
values (11,116);
insert into userEntity (UserName, EmailAddress, EntityType)
values ('RosemaryGarciaH654', 'RosemaryGarciaH654@spotswood.edu', 'STUD');
insert into student (StudentEntityID, FirstName, LastName, MiddleInitial, StreetAddress, Country,City, State,ZipCode, StudentGradeLevel, StudentGPA, StudentACTScore, StudentSATScore, StudentEthnicity, StudentGender, IncomeLevel, DaysAbsent, HoursOfWorkPlaceExp, StudentAthleteFlag, StudentGraduationTrack, StudentEmploymentFlag, StudentImage,SchoolEntityID)
values (117, 'Rosemary', 'Garcia', 'H', '761 Veronica Forges Apt. 190', 'USA','Josephtown','VA','20041','Freshmen', 3.63, 0, 0,'Caucasian','Female','Middle Income',2,16, 'Y', 'Y', 'N', 'img/student.jpg', 14);
insert into StudentInterestGroups (InterestGroupID, StudentEntityID)
values (1,117);
insert into StudentInterestGroups (InterestGroupID, StudentEntityID)
values (8,117);
insert into StudentInterestGroups (InterestGroupID, StudentEntityID)
values (6,117);
insert into StudentInterestGroups (InterestGroupID, StudentEntityID)
values (10,117);
insert into userEntity (UserName, EmailAddress, EntityType)
values ('PhillipHayesK819', 'PhillipHayesK819@harrisonburg.edu', 'STUD');
insert into student (StudentEntityID, FirstName, LastName, MiddleInitial, StreetAddress, Country,City, State,ZipCode, StudentGradeLevel, StudentGPA, StudentACTScore, StudentSATScore, StudentEthnicity, StudentGender, IncomeLevel, DaysAbsent, HoursOfWorkPlaceExp, StudentAthleteFlag, StudentGraduationTrack, StudentEmploymentFlag, StudentImage,SchoolEntityID)
values (118, 'Phillip', 'Hayes', 'K', '59500 Teresa Keys', 'USA','West Abigail','VA','20040','Freshmen', 1.76, 0, 0,'Not selected or Other','Male','Middle Income',10,13, 'N', 'N', 'N', 'img/student.jpg', 17);
insert into StudentInterestGroups (InterestGroupID, StudentEntityID)
values (4,118);
insert into StudentInterestGroups (InterestGroupID, StudentEntityID)
values (1,118);
insert into StudentInterestGroups (InterestGroupID, StudentEntityID)
values (5,118);
insert into StudentInterestGroups (InterestGroupID, StudentEntityID)
values (7,118);
insert into userEntity (UserName, EmailAddress, EntityType)
values ('RobertDoanQ921', 'RobertDoanQ921@rockingham.k12.va.us', 'STUD');
insert into student (StudentEntityID, FirstName, LastName, MiddleInitial, StreetAddress, Country,City, State,ZipCode, StudentGradeLevel, StudentGPA, StudentACTScore, StudentSATScore, StudentEthnicity, StudentGender, IncomeLevel, DaysAbsent, HoursOfWorkPlaceExp, StudentAthleteFlag, StudentGraduationTrack, StudentEmploymentFlag, StudentImage,SchoolEntityID)
values (119, 'Robert', 'Doan', 'Q', '668 Tammy Mission Suite 480', 'USA','West Edward','VA','20040','Junior', 1.19, 15, 1058,'Not selected or Other','Male','Lower Income',15,10, 'Y', 'N', 'Y', 'img/student.jpg', 13);
insert into StudentInterestGroups (InterestGroupID, StudentEntityID)
values (6,119);
insert into userEntity (UserName, EmailAddress, EntityType)
values ('JohnEvansV787', 'JohnEvansV787@spotswood.edu', 'STUD');
insert into student (StudentEntityID, FirstName, LastName, MiddleInitial, StreetAddress, Country,City, State,ZipCode, StudentGradeLevel, StudentGPA, StudentACTScore, StudentSATScore, StudentEthnicity, StudentGender, IncomeLevel, DaysAbsent, HoursOfWorkPlaceExp, StudentAthleteFlag, StudentGraduationTrack, StudentEmploymentFlag, StudentImage,SchoolEntityID)
values (120, 'John', 'Evans', 'V', '7249 Williams Spur Apt. 226', 'USA','Kristineborough','VA','20040','Freshmen', 1.5, 0, 0,'Caucasian','Male','Higher Income',15,15, 'Y', 'N', 'Y', 'img/student.jpg', 14);
insert into StudentInterestGroups (InterestGroupID, StudentEntityID)
values (11,120);
insert into StudentInterestGroups (InterestGroupID, StudentEntityID)
values (3,120);
insert into StudentInterestGroups (InterestGroupID, StudentEntityID)
values (1,120);
insert into StudentInterestGroups (InterestGroupID, StudentEntityID)
values (4,120);
insert into StudentInterestGroups (InterestGroupID, StudentEntityID)
values (5,120);
insert into userEntity (UserName, EmailAddress, EntityType)
values ('JessicaCoreyD1000', 'JessicaCoreyD1000@rockingham.k12.va.us', 'STUD');
insert into student (StudentEntityID, FirstName, LastName, MiddleInitial, StreetAddress, Country,City, State,ZipCode, StudentGradeLevel, StudentGPA, StudentACTScore, StudentSATScore, StudentEthnicity, StudentGender, IncomeLevel, DaysAbsent, HoursOfWorkPlaceExp, StudentAthleteFlag, StudentGraduationTrack, StudentEmploymentFlag, StudentImage,SchoolEntityID)
values (121, 'Jessica', 'Corey', 'D', '3803 Rachel Squares Apt. 225', 'USA','North Alexandria','VA','20040','Sophomore', 1.28, 0, 0,'Caucasian','Female','Middle Income',14,6, 'N', 'N', 'N', 'img/student.jpg', 13);
insert into StudentInterestGroups (InterestGroupID, StudentEntityID)
values (2,121);
insert into StudentInterestGroups (InterestGroupID, StudentEntityID)
values (8,121);
insert into StudentInterestGroups (InterestGroupID, StudentEntityID)
values (1,121);
insert into userEntity (UserName, EmailAddress, EntityType)
values ('CarolynChangR479', 'CarolynChangR479@broadway.edu', 'STUD');
insert into student (StudentEntityID, FirstName, LastName, MiddleInitial, StreetAddress, Country,City, State,ZipCode, StudentGradeLevel, StudentGPA, StudentACTScore, StudentSATScore, StudentEthnicity, StudentGender, IncomeLevel, DaysAbsent, HoursOfWorkPlaceExp, StudentAthleteFlag, StudentGraduationTrack, StudentEmploymentFlag, StudentImage,SchoolEntityID)
values (122, 'Carolyn', 'Chang', 'R', '980 Bowers Springs', 'USA','Lake Katelyn','VA','20040','Freshmen', 1.98, 0, 0,'Caucasian','Female','Lower Income',10,14, 'Y', 'N', 'Y', 'img/student.jpg', 16);
insert into StudentInterestGroups (InterestGroupID, StudentEntityID)
values (6,122);
insert into StudentInterestGroups (InterestGroupID, StudentEntityID)
values (9,122);
insert into StudentInterestGroups (InterestGroupID, StudentEntityID)
values (1,122);
insert into StudentInterestGroups (InterestGroupID, StudentEntityID)
values (12,122);
insert into userEntity (UserName, EmailAddress, EntityType)
values ('AlbaLevyP592', 'AlbaLevyP592@turnerAshby.edu', 'STUD');
insert into student (StudentEntityID, FirstName, LastName, MiddleInitial, StreetAddress, Country,City, State,ZipCode, StudentGradeLevel, StudentGPA, StudentACTScore, StudentSATScore, StudentEthnicity, StudentGender, IncomeLevel, DaysAbsent, HoursOfWorkPlaceExp, StudentAthleteFlag, StudentGraduationTrack, StudentEmploymentFlag, StudentImage,SchoolEntityID)
values (123, 'Alba', 'Levy', 'P', '112 Shirley Stream Apt. 713', 'USA','Danielton','VA','20041','Sophomore', 3.36, 0, 0,'Caucasian','Female','Middle Income',5,20, 'Y', 'Y', 'Y', 'img/student.jpg', 15);
insert into StudentInterestGroups (InterestGroupID, StudentEntityID)
values (8,123);
insert into StudentInterestGroups (InterestGroupID, StudentEntityID)
values (9,123);
insert into StudentInterestGroups (InterestGroupID, StudentEntityID)
values (7,123);
insert into StudentInterestGroups (InterestGroupID, StudentEntityID)
values (3,123);
insert into userEntity (UserName, EmailAddress, EntityType)
values ('GuadalupeHomanF608', 'GuadalupeHomanF608@turnerAshby.edu', 'STUD');
insert into student (StudentEntityID, FirstName, LastName, MiddleInitial, StreetAddress, Country,City, State,ZipCode, StudentGradeLevel, StudentGPA, StudentACTScore, StudentSATScore, StudentEthnicity, StudentGender, IncomeLevel, DaysAbsent, HoursOfWorkPlaceExp, StudentAthleteFlag, StudentGraduationTrack, StudentEmploymentFlag, StudentImage,SchoolEntityID)
values (124, 'Guadalupe', 'Homan', 'F', '19369 Hunter Landing', 'USA','Brownport','VA','20041','Freshmen', 1.19, 0, 0,'Caucasian','Male','Lower Income',15,2, 'N', 'N', 'N', 'img/student.jpg', 15);
insert into StudentInterestGroups (InterestGroupID, StudentEntityID)
values (8,124);
insert into StudentInterestGroups (InterestGroupID, StudentEntityID)
values (2,124);
insert into userEntity (UserName, EmailAddress, EntityType)
values ('HelenRagsdaleV246', 'HelenRagsdaleV246@rockingham.k12.va.us', 'STUD');
insert into student (StudentEntityID, FirstName, LastName, MiddleInitial, StreetAddress, Country,City, State,ZipCode, StudentGradeLevel, StudentGPA, StudentACTScore, StudentSATScore, StudentEthnicity, StudentGender, IncomeLevel, DaysAbsent, HoursOfWorkPlaceExp, StudentAthleteFlag, StudentGraduationTrack, StudentEmploymentFlag, StudentImage,SchoolEntityID)
values (125, 'Helen', 'Ragsdale', 'V', '6249 Sylvia Pines Apt. 372', 'USA','Lake Guyhaven','VA','20040','Sophomore', 3.12, 0, 0,'Asian','Female','Lower Income',0,20, 'Y', 'Y', 'Y', 'img/student.jpg', 13);
insert into StudentInterestGroups (InterestGroupID, StudentEntityID)
values (12,125);
insert into StudentInterestGroups (InterestGroupID, StudentEntityID)
values (3,125);
insert into StudentInterestGroups (InterestGroupID, StudentEntityID)
values (4,125);
insert into StudentInterestGroups (InterestGroupID, StudentEntityID)
values (10,125);
insert into StudentInterestGroups (InterestGroupID, StudentEntityID)
values (1,125);
insert into StudentInterestGroups (InterestGroupID, StudentEntityID)
values (2,125);
insert into StudentInterestGroups (InterestGroupID, StudentEntityID)
values (9,125);
insert into userEntity (UserName, EmailAddress, EntityType)
values ('NormaEvansX845', 'NormaEvansX845@rockingham.k12.va.us', 'STUD');
insert into student (StudentEntityID, FirstName, LastName, MiddleInitial, StreetAddress, Country,City, State,ZipCode, StudentGradeLevel, StudentGPA, StudentACTScore, StudentSATScore, StudentEthnicity, StudentGender, IncomeLevel, DaysAbsent, HoursOfWorkPlaceExp, StudentAthleteFlag, StudentGraduationTrack, StudentEmploymentFlag, StudentImage,SchoolEntityID)
values (126, 'Norma', 'Evans', 'X', '4161 Denise Estate', 'USA','New Sara','VA','20041','Senior', 2.6, 30, 1301,'Caucasian','Female','Middle Income',0,44, 'Y', 'Y', 'Y', 'img/student.jpg', 13);
insert into StudentInterestGroups (InterestGroupID, StudentEntityID)
values (10,126);
insert into StudentInterestGroups (InterestGroupID, StudentEntityID)
values (3,126);
insert into StudentInterestGroups (InterestGroupID, StudentEntityID)
values (8,126);
insert into StudentInterestGroups (InterestGroupID, StudentEntityID)
values (9,126);
insert into StudentInterestGroups (InterestGroupID, StudentEntityID)
values (12,126);
insert into StudentInterestGroups (InterestGroupID, StudentEntityID)
values (5,126);
insert into userEntity (UserName, EmailAddress, EntityType)
values ('DeniseBrookerZ974', 'DeniseBrookerZ974@harrisonburg.edu', 'STUD');
insert into student (StudentEntityID, FirstName, LastName, MiddleInitial, StreetAddress, Country,City, State,ZipCode, StudentGradeLevel, StudentGPA, StudentACTScore, StudentSATScore, StudentEthnicity, StudentGender, IncomeLevel, DaysAbsent, HoursOfWorkPlaceExp, StudentAthleteFlag, StudentGraduationTrack, StudentEmploymentFlag, StudentImage,SchoolEntityID)
values (127, 'Denise', 'Brooker', 'Z', '56727 Adam Locks', 'USA','Lake Christopherville','VA','20040','Senior', 1.99, 19, 950,'Caucasian','Female','Middle Income',12,23, 'Y', 'N', 'Y', 'img/student.jpg', 17);
insert into StudentInterestGroups (InterestGroupID, StudentEntityID)
values (3,127);
insert into StudentInterestGroups (InterestGroupID, StudentEntityID)
values (1,127);
insert into StudentInterestGroups (InterestGroupID, StudentEntityID)
values (5,127);
insert into StudentInterestGroups (InterestGroupID, StudentEntityID)
values (12,127);
insert into StudentInterestGroups (InterestGroupID, StudentEntityID)
values (9,127);
insert into StudentInterestGroups (InterestGroupID, StudentEntityID)
values (10,127);
insert into StudentInterestGroups (InterestGroupID, StudentEntityID)
values (2,127);
insert into StudentInterestGroups (InterestGroupID, StudentEntityID)
values (4,127);
insert into userEntity (UserName, EmailAddress, EntityType)
values ('KristaKennedyG156', 'KristaKennedyG156@harrisonburg.edu', 'STUD');
insert into student (StudentEntityID, FirstName, LastName, MiddleInitial, StreetAddress, Country,City, State,ZipCode, StudentGradeLevel, StudentGPA, StudentACTScore, StudentSATScore, StudentEthnicity, StudentGender, IncomeLevel, DaysAbsent, HoursOfWorkPlaceExp, StudentAthleteFlag, StudentGraduationTrack, StudentEmploymentFlag, StudentImage,SchoolEntityID)
values (128, 'Krista', 'Kennedy', 'G', '4993 Bailey Locks Suite 936', 'USA','West Kyleborough','VA','20040','Freshmen', 2.64, 0, 0,'Caucasian','Female','Middle Income',7,17, 'N', 'Y', 'N', 'img/student.jpg', 17);
insert into StudentInterestGroups (InterestGroupID, StudentEntityID)
values (1,128);
insert into StudentInterestGroups (InterestGroupID, StudentEntityID)
values (7,128);
insert into StudentInterestGroups (InterestGroupID, StudentEntityID)
values (2,128);
insert into StudentInterestGroups (InterestGroupID, StudentEntityID)
values (5,128);
insert into userEntity (UserName, EmailAddress, EntityType)
values ('MariaShepperdJ649', 'MariaShepperdJ649@spotswood.edu', 'STUD');
insert into student (StudentEntityID, FirstName, LastName, MiddleInitial, StreetAddress, Country,City, State,ZipCode, StudentGradeLevel, StudentGPA, StudentACTScore, StudentSATScore, StudentEthnicity, StudentGender, IncomeLevel, DaysAbsent, HoursOfWorkPlaceExp, StudentAthleteFlag, StudentGraduationTrack, StudentEmploymentFlag, StudentImage,SchoolEntityID)
values (129, 'Maria', 'Shepperd', 'J', '059 Bethany Lights Suite 910', 'USA','Davisborough','VA','20040','Sophomore', 3.65, 0, 0,'Pacific Islander','Female','Middle Income',2,24, 'Y', 'Y', 'N', 'img/student.jpg', 14);
insert into StudentInterestGroups (InterestGroupID, StudentEntityID)
values (10,129);
insert into userEntity (UserName, EmailAddress, EntityType)
values ('AllenSummersR797', 'AllenSummersR797@spotswood.edu', 'STUD');
insert into student (StudentEntityID, FirstName, LastName, MiddleInitial, StreetAddress, Country,City, State,ZipCode, StudentGradeLevel, StudentGPA, StudentACTScore, StudentSATScore, StudentEthnicity, StudentGender, IncomeLevel, DaysAbsent, HoursOfWorkPlaceExp, StudentAthleteFlag, StudentGraduationTrack, StudentEmploymentFlag, StudentImage,SchoolEntityID)
values (130, 'Allen', 'Summers', 'R', '9299 Gardner Canyon', 'USA','Brianburgh','VA','20040','Sophomore', 1.46, 0, 0,'Caucasian','Male','Middle Income',13,2, 'N', 'N', 'Y', 'img/student.jpg', 14);
insert into StudentInterestGroups (InterestGroupID, StudentEntityID)
values (4,130);
insert into StudentInterestGroups (InterestGroupID, StudentEntityID)
values (12,130);
insert into StudentInterestGroups (InterestGroupID, StudentEntityID)
values (1,130);
insert into StudentInterestGroups (InterestGroupID, StudentEntityID)
values (3,130);
insert into StudentInterestGroups (InterestGroupID, StudentEntityID)
values (10,130);
insert into userEntity (UserName, EmailAddress, EntityType)
values ('BrandonBrownS130', 'BrandonBrownS130@harrisonburg.edu', 'STUD');
insert into student (StudentEntityID, FirstName, LastName, MiddleInitial, StreetAddress, Country,City, State,ZipCode, StudentGradeLevel, StudentGPA, StudentACTScore, StudentSATScore, StudentEthnicity, StudentGender, IncomeLevel, DaysAbsent, HoursOfWorkPlaceExp, StudentAthleteFlag, StudentGraduationTrack, StudentEmploymentFlag, StudentImage,SchoolEntityID)
values (131, 'Brandon', 'Brown', 'S', '955 Amy Rest Apt. 375', 'USA','Monteshaven','VA','20041','Sophomore', 3.1, 0, 0,'Caucasian','Male','Higher Income',3,20, 'Y', 'Y', 'Y', 'img/student.jpg', 17);
insert into StudentInterestGroups (InterestGroupID, StudentEntityID)
values (3,131);
insert into StudentInterestGroups (InterestGroupID, StudentEntityID)
values (6,131);
insert into StudentInterestGroups (InterestGroupID, StudentEntityID)
values (1,131);
insert into StudentInterestGroups (InterestGroupID, StudentEntityID)
values (10,131);
insert into userEntity (UserName, EmailAddress, EntityType)
values ('LourdesFlattK113', 'LourdesFlattK113@spotswood.edu', 'STUD');
insert into student (StudentEntityID, FirstName, LastName, MiddleInitial, StreetAddress, Country,City, State,ZipCode, StudentGradeLevel, StudentGPA, StudentACTScore, StudentSATScore, StudentEthnicity, StudentGender, IncomeLevel, DaysAbsent, HoursOfWorkPlaceExp, StudentAthleteFlag, StudentGraduationTrack, StudentEmploymentFlag, StudentImage,SchoolEntityID)
values (132, 'Lourdes', 'Flatt', 'K', '368 Stephens Creek Apt. 698', 'USA','New James','VA','20040','Junior', 1.9, 25, 818,'Caucasian','Female','Middle Income',15,21, 'Y', 'N', 'N', 'img/student.jpg', 14);
insert into StudentInterestGroups (InterestGroupID, StudentEntityID)
values (6,132);
insert into userEntity (UserName, EmailAddress, EntityType)
values ('GeorgeLuskY762', 'GeorgeLuskY762@spotswood.edu', 'STUD');
insert into student (StudentEntityID, FirstName, LastName, MiddleInitial, StreetAddress, Country,City, State,ZipCode, StudentGradeLevel, StudentGPA, StudentACTScore, StudentSATScore, StudentEthnicity, StudentGender, IncomeLevel, DaysAbsent, HoursOfWorkPlaceExp, StudentAthleteFlag, StudentGraduationTrack, StudentEmploymentFlag, StudentImage,SchoolEntityID)
values (133, 'George', 'Lusk', 'Y', '4420 Billy Wall Suite 550', 'USA','East Jonathan','VA','20041','Freshmen', 3.26, 0, 0,'Caucasian','Male','Higher Income',1,13, 'Y', 'Y', 'Y', 'img/student.jpg', 14);
insert into StudentInterestGroups (InterestGroupID, StudentEntityID)
values (10,133);
insert into StudentInterestGroups (InterestGroupID, StudentEntityID)
values (7,133);
insert into StudentInterestGroups (InterestGroupID, StudentEntityID)
values (12,133);
insert into StudentInterestGroups (InterestGroupID, StudentEntityID)
values (8,133);
insert into StudentInterestGroups (InterestGroupID, StudentEntityID)
values (9,133);
insert into userEntity (UserName, EmailAddress, EntityType)
values ('HildaIsraelE398', 'HildaIsraelE398@broadway.edu', 'STUD');
insert into student (StudentEntityID, FirstName, LastName, MiddleInitial, StreetAddress, Country,City, State,ZipCode, StudentGradeLevel, StudentGPA, StudentACTScore, StudentSATScore, StudentEthnicity, StudentGender, IncomeLevel, DaysAbsent, HoursOfWorkPlaceExp, StudentAthleteFlag, StudentGraduationTrack, StudentEmploymentFlag, StudentImage,SchoolEntityID)
values (134, 'Hilda', 'Israel', 'E', '330 Sean Mill Apt. 457', 'USA','North Cindy','VA','20040','Senior', 2.04, 28, 1020,'Caucasian','Other','Middle Income',14,30, 'Y', 'Y', 'N', 'img/student.jpg', 16);
insert into StudentInterestGroups (InterestGroupID, StudentEntityID)
values (11,134);
insert into StudentInterestGroups (InterestGroupID, StudentEntityID)
values (9,134);
insert into StudentInterestGroups (InterestGroupID, StudentEntityID)
values (1,134);
insert into StudentInterestGroups (InterestGroupID, StudentEntityID)
values (4,134);
insert into StudentInterestGroups (InterestGroupID, StudentEntityID)
values (5,134);
insert into StudentInterestGroups (InterestGroupID, StudentEntityID)
values (6,134);
insert into userEntity (UserName, EmailAddress, EntityType)
values ('VickyLongY824', 'VickyLongY824@spotswood.edu', 'STUD');
insert into student (StudentEntityID, FirstName, LastName, MiddleInitial, StreetAddress, Country,City, State,ZipCode, StudentGradeLevel, StudentGPA, StudentACTScore, StudentSATScore, StudentEthnicity, StudentGender, IncomeLevel, DaysAbsent, HoursOfWorkPlaceExp, StudentAthleteFlag, StudentGraduationTrack, StudentEmploymentFlag, StudentImage,SchoolEntityID)
values (135, 'Vicky', 'Long', 'Y', '28652 Williams Oval Suite 652', 'USA','North Matthew','VA','20040','Senior', 2.62, 31, 982,'African American','Female','Lower Income',6,39, 'Y', 'Y', 'Y', 'img/student.jpg', 14);
insert into StudentInterestGroups (InterestGroupID, StudentEntityID)
values (12,135);
insert into StudentInterestGroups (InterestGroupID, StudentEntityID)
values (10,135);
insert into StudentInterestGroups (InterestGroupID, StudentEntityID)
values (1,135);
insert into StudentInterestGroups (InterestGroupID, StudentEntityID)
values (4,135);
insert into StudentInterestGroups (InterestGroupID, StudentEntityID)
values (8,135);
insert into StudentInterestGroups (InterestGroupID, StudentEntityID)
values (2,135);
insert into StudentInterestGroups (InterestGroupID, StudentEntityID)
values (3,135);
insert into StudentInterestGroups (InterestGroupID, StudentEntityID)
values (7,135);
insert into userEntity (UserName, EmailAddress, EntityType)
values ('SusanDixonC492', 'SusanDixonC492@rockingham.k12.va.us', 'STUD');
insert into student (StudentEntityID, FirstName, LastName, MiddleInitial, StreetAddress, Country,City, State,ZipCode, StudentGradeLevel, StudentGPA, StudentACTScore, StudentSATScore, StudentEthnicity, StudentGender, IncomeLevel, DaysAbsent, HoursOfWorkPlaceExp, StudentAthleteFlag, StudentGraduationTrack, StudentEmploymentFlag, StudentImage,SchoolEntityID)
values (136, 'Susan', 'Dixon', 'C', '62521 Roger Villages Suite 616', 'USA','Murphyfort','VA','20040','Senior', 3.53, 32, 1174,'Caucasian','Female','Middle Income',1,38, 'N', 'Y', 'N', 'img/student.jpg', 13);
insert into StudentInterestGroups (InterestGroupID, StudentEntityID)
values (9,136);
insert into StudentInterestGroups (InterestGroupID, StudentEntityID)
values (4,136);
insert into StudentInterestGroups (InterestGroupID, StudentEntityID)
values (11,136);
insert into StudentInterestGroups (InterestGroupID, StudentEntityID)
values (3,136);
insert into StudentInterestGroups (InterestGroupID, StudentEntityID)
values (5,136);
insert into userEntity (UserName, EmailAddress, EntityType)
values ('PamelaChavezG446', 'PamelaChavezG446@spotswood.edu', 'STUD');
insert into student (StudentEntityID, FirstName, LastName, MiddleInitial, StreetAddress, Country,City, State,ZipCode, StudentGradeLevel, StudentGPA, StudentACTScore, StudentSATScore, StudentEthnicity, StudentGender, IncomeLevel, DaysAbsent, HoursOfWorkPlaceExp, StudentAthleteFlag, StudentGraduationTrack, StudentEmploymentFlag, StudentImage,SchoolEntityID)
values (137, 'Pamela', 'Chavez', 'G', '83067 Scott Club', 'USA','Cruzburgh','VA','20040','Freshmen', 1.0, 0, 0,'Caucasian','Female','Middle Income',14,2, 'N', 'N', 'Y', 'img/student.jpg', 14);
insert into StudentInterestGroups (InterestGroupID, StudentEntityID)
values (2,137);
insert into StudentInterestGroups (InterestGroupID, StudentEntityID)
values (5,137);
insert into StudentInterestGroups (InterestGroupID, StudentEntityID)
values (1,137);
insert into StudentInterestGroups (InterestGroupID, StudentEntityID)
values (7,137);
insert into StudentInterestGroups (InterestGroupID, StudentEntityID)
values (3,137);
insert into StudentInterestGroups (InterestGroupID, StudentEntityID)
values (4,137);
insert into userEntity (UserName, EmailAddress, EntityType)
values ('KarieLedwigP950', 'KarieLedwigP950@Louisa.edu', 'STUD');
insert into student (StudentEntityID, FirstName, LastName, MiddleInitial, StreetAddress, Country,City, State,ZipCode, StudentGradeLevel, StudentGPA, StudentACTScore, StudentSATScore, StudentEthnicity, StudentGender, IncomeLevel, DaysAbsent, HoursOfWorkPlaceExp, StudentAthleteFlag, StudentGraduationTrack, StudentEmploymentFlag, StudentImage,SchoolEntityID)
values (138, 'Karie', 'Ledwig', 'P', '263 Tyler Trail Apt. 973', 'USA','Marthaville','VA','20040','Junior', 1.24, 19, 1087,'Caucasian','Other','Middle Income',14,20, 'Y', 'N', 'Y', 'img/student.jpg', 12);
insert into StudentInterestGroups (InterestGroupID, StudentEntityID)
values (5,138);
insert into StudentInterestGroups (InterestGroupID, StudentEntityID)
values (9,138);
insert into StudentInterestGroups (InterestGroupID, StudentEntityID)
values (2,138);
insert into StudentInterestGroups (InterestGroupID, StudentEntityID)
values (11,138);
insert into StudentInterestGroups (InterestGroupID, StudentEntityID)
values (3,138);
insert into userEntity (UserName, EmailAddress, EntityType)
values ('WilliamWestS336', 'WilliamWestS336@rockingham.k12.va.us', 'STUD');
insert into student (StudentEntityID, FirstName, LastName, MiddleInitial, StreetAddress, Country,City, State,ZipCode, StudentGradeLevel, StudentGPA, StudentACTScore, StudentSATScore, StudentEthnicity, StudentGender, IncomeLevel, DaysAbsent, HoursOfWorkPlaceExp, StudentAthleteFlag, StudentGraduationTrack, StudentEmploymentFlag, StudentImage,SchoolEntityID)
values (139, 'William', 'West', 'S', '424 Alyssa Villages', 'USA','North Jodi','VA','20041','Sophomore', 1.87, 0, 0,'Asian','Male','Lower Income',12,9, 'Y', 'N', 'N', 'img/student.jpg', 13);
insert into StudentInterestGroups (InterestGroupID, StudentEntityID)
values (1,139);
insert into StudentInterestGroups (InterestGroupID, StudentEntityID)
values (6,139);
insert into StudentInterestGroups (InterestGroupID, StudentEntityID)
values (10,139);
insert into StudentInterestGroups (InterestGroupID, StudentEntityID)
values (9,139);
insert into StudentInterestGroups (InterestGroupID, StudentEntityID)
values (2,139);
insert into userEntity (UserName, EmailAddress, EntityType)
values ('EricaCabinessL618', 'EricaCabinessL618@turnerAshby.edu', 'STUD');
insert into student (StudentEntityID, FirstName, LastName, MiddleInitial, StreetAddress, Country,City, State,ZipCode, StudentGradeLevel, StudentGPA, StudentACTScore, StudentSATScore, StudentEthnicity, StudentGender, IncomeLevel, DaysAbsent, HoursOfWorkPlaceExp, StudentAthleteFlag, StudentGraduationTrack, StudentEmploymentFlag, StudentImage,SchoolEntityID)
values (140, 'Erica', 'Cabiness', 'L', '09819 Gabriel Neck', 'USA','East Bradley','VA','20040','Freshmen', 2.18, 0, 0,'Pacific Islander','Female','Middle Income',11,10, 'N', 'Y', 'N', 'img/student.jpg', 15);
insert into StudentInterestGroups (InterestGroupID, StudentEntityID)
values (3,140);
insert into StudentInterestGroups (InterestGroupID, StudentEntityID)
values (8,140);
insert into StudentInterestGroups (InterestGroupID, StudentEntityID)
values (10,140);
insert into StudentInterestGroups (InterestGroupID, StudentEntityID)
values (7,140);
insert into userEntity (UserName, EmailAddress, EntityType)
values ('JerryJonesQ951', 'JerryJonesQ951@Louisa.edu', 'STUD');
insert into student (StudentEntityID, FirstName, LastName, MiddleInitial, StreetAddress, Country,City, State,ZipCode, StudentGradeLevel, StudentGPA, StudentACTScore, StudentSATScore, StudentEthnicity, StudentGender, IncomeLevel, DaysAbsent, HoursOfWorkPlaceExp, StudentAthleteFlag, StudentGraduationTrack, StudentEmploymentFlag, StudentImage,SchoolEntityID)
values (141, 'Jerry', 'Jones', 'Q', '96670 Brown Shore Apt. 141', 'USA','North Jacquelineshire','VA','20041','Sophomore', 3.43, 0, 0,'Caucasian','Male','Middle Income',4,23, 'Y', 'Y', 'N', 'img/student.jpg', 12);
insert into StudentInterestGroups (InterestGroupID, StudentEntityID)
values (4,141);
insert into StudentInterestGroups (InterestGroupID, StudentEntityID)
values (9,141);
insert into StudentInterestGroups (InterestGroupID, StudentEntityID)
values (2,141);
insert into StudentInterestGroups (InterestGroupID, StudentEntityID)
values (11,141);
insert into StudentInterestGroups (InterestGroupID, StudentEntityID)
values (8,141);
insert into StudentInterestGroups (InterestGroupID, StudentEntityID)
values (7,141);
insert into StudentInterestGroups (InterestGroupID, StudentEntityID)
values (3,141);
insert into userEntity (UserName, EmailAddress, EntityType)
values ('GeoffreyMccoyO565', 'GeoffreyMccoyO565@turnerAshby.edu', 'STUD');
insert into student (StudentEntityID, FirstName, LastName, MiddleInitial, StreetAddress, Country,City, State,ZipCode, StudentGradeLevel, StudentGPA, StudentACTScore, StudentSATScore, StudentEthnicity, StudentGender, IncomeLevel, DaysAbsent, HoursOfWorkPlaceExp, StudentAthleteFlag, StudentGraduationTrack, StudentEmploymentFlag, StudentImage,SchoolEntityID)
values (142, 'Geoffrey', 'Mccoy', 'O', '5842 Jennifer Station', 'USA','New Adamtown','VA','20041','Freshmen', 3.24, 0, 0,'Caucasian','Male','Lower Income',3,13, 'N', 'Y', 'Y', 'img/student.jpg', 15);
insert into StudentInterestGroups (InterestGroupID, StudentEntityID)
values (2,142);
insert into StudentInterestGroups (InterestGroupID, StudentEntityID)
values (9,142);
insert into StudentInterestGroups (InterestGroupID, StudentEntityID)
values (6,142);
insert into StudentInterestGroups (InterestGroupID, StudentEntityID)
values (11,142);
insert into StudentInterestGroups (InterestGroupID, StudentEntityID)
values (1,142);
insert into userEntity (UserName, EmailAddress, EntityType)
values ('CathyGoetzH506', 'CathyGoetzH506@harrisonburg.edu', 'STUD');
insert into student (StudentEntityID, FirstName, LastName, MiddleInitial, StreetAddress, Country,City, State,ZipCode, StudentGradeLevel, StudentGPA, StudentACTScore, StudentSATScore, StudentEthnicity, StudentGender, IncomeLevel, DaysAbsent, HoursOfWorkPlaceExp, StudentAthleteFlag, StudentGraduationTrack, StudentEmploymentFlag, StudentImage,SchoolEntityID)
values (143, 'Cathy', 'Goetz', 'H', '049 Carl Falls', 'USA','North Jared','VA','20041','Freshmen', 3.52, 0, 0,'Caucasian','Female','Middle Income',4,15, 'Y', 'Y', 'N', 'img/student.jpg', 17);
insert into StudentInterestGroups (InterestGroupID, StudentEntityID)
values (12,143);
insert into StudentInterestGroups (InterestGroupID, StudentEntityID)
values (4,143);
insert into StudentInterestGroups (InterestGroupID, StudentEntityID)
values (10,143);
insert into StudentInterestGroups (InterestGroupID, StudentEntityID)
values (9,143);
insert into StudentInterestGroups (InterestGroupID, StudentEntityID)
values (11,143);
insert into StudentInterestGroups (InterestGroupID, StudentEntityID)
values (8,143);
insert into StudentInterestGroups (InterestGroupID, StudentEntityID)
values (6,143);
insert into StudentInterestGroups (InterestGroupID, StudentEntityID)
values (5,143);
insert into userEntity (UserName, EmailAddress, EntityType)
values ('MargaretFosterS109', 'MargaretFosterS109@broadway.edu', 'STUD');
insert into student (StudentEntityID, FirstName, LastName, MiddleInitial, StreetAddress, Country,City, State,ZipCode, StudentGradeLevel, StudentGPA, StudentACTScore, StudentSATScore, StudentEthnicity, StudentGender, IncomeLevel, DaysAbsent, HoursOfWorkPlaceExp, StudentAthleteFlag, StudentGraduationTrack, StudentEmploymentFlag, StudentImage,SchoolEntityID)
values (144, 'Margaret', 'Foster', 'S', '0683 Tucker Creek Apt. 111', 'USA','Solisborough','VA','20041','Senior', 1.1, 13, 654,'Not selected or Other','Female','Middle Income',14,28, 'N', 'N', 'N', 'img/student.jpg', 16);
insert into StudentInterestGroups (InterestGroupID, StudentEntityID)
values (8,144);
insert into StudentInterestGroups (InterestGroupID, StudentEntityID)
values (3,144);
insert into StudentInterestGroups (InterestGroupID, StudentEntityID)
values (7,144);
insert into StudentInterestGroups (InterestGroupID, StudentEntityID)
values (9,144);
insert into StudentInterestGroups (InterestGroupID, StudentEntityID)
values (5,144);
insert into StudentInterestGroups (InterestGroupID, StudentEntityID)
values (1,144);
insert into userEntity (UserName, EmailAddress, EntityType)
values ('PatriciaWontorD449', 'PatriciaWontorD449@Louisa.edu', 'STUD');
insert into student (StudentEntityID, FirstName, LastName, MiddleInitial, StreetAddress, Country,City, State,ZipCode, StudentGradeLevel, StudentGPA, StudentACTScore, StudentSATScore, StudentEthnicity, StudentGender, IncomeLevel, DaysAbsent, HoursOfWorkPlaceExp, StudentAthleteFlag, StudentGraduationTrack, StudentEmploymentFlag, StudentImage,SchoolEntityID)
values (145, 'Patricia', 'Wontor', 'D', '0733 Evan Walk Suite 845', 'USA','New Austin','VA','20040','Senior', 1.79, 15, 1268,'African American','Other','Middle Income',12,31, 'Y', 'N', 'N', 'img/student.jpg', 12);
insert into StudentInterestGroups (InterestGroupID, StudentEntityID)
values (7,145);
insert into userEntity (UserName, EmailAddress, EntityType)
values ('BarbaraStanleyP997', 'BarbaraStanleyP997@broadway.edu', 'STUD');
insert into student (StudentEntityID, FirstName, LastName, MiddleInitial, StreetAddress, Country,City, State,ZipCode, StudentGradeLevel, StudentGPA, StudentACTScore, StudentSATScore, StudentEthnicity, StudentGender, IncomeLevel, DaysAbsent, HoursOfWorkPlaceExp, StudentAthleteFlag, StudentGraduationTrack, StudentEmploymentFlag, StudentImage,SchoolEntityID)
values (146, 'Barbara', 'Stanley', 'P', '60568 Jennifer Parkways', 'USA','New Omarton','VA','20040','Sophomore', 2.43, 0, 0,'Caucasian','Female','Middle Income',10,18, 'Y', 'Y', 'N', 'img/student.jpg', 16);
insert into StudentInterestGroups (InterestGroupID, StudentEntityID)
values (1,146);
insert into StudentInterestGroups (InterestGroupID, StudentEntityID)
values (4,146);
insert into StudentInterestGroups (InterestGroupID, StudentEntityID)
values (8,146);
insert into StudentInterestGroups (InterestGroupID, StudentEntityID)
values (11,146);
insert into StudentInterestGroups (InterestGroupID, StudentEntityID)
values (5,146);
insert into StudentInterestGroups (InterestGroupID, StudentEntityID)
values (6,146);
insert into StudentInterestGroups (InterestGroupID, StudentEntityID)
values (12,146);
insert into StudentInterestGroups (InterestGroupID, StudentEntityID)
values (10,146);
insert into userEntity (UserName, EmailAddress, EntityType)
values ('BarryCloseT38', 'BarryCloseT38@harrisonburg.edu', 'STUD');
insert into student (StudentEntityID, FirstName, LastName, MiddleInitial, StreetAddress, Country,City, State,ZipCode, StudentGradeLevel, StudentGPA, StudentACTScore, StudentSATScore, StudentEthnicity, StudentGender, IncomeLevel, DaysAbsent, HoursOfWorkPlaceExp, StudentAthleteFlag, StudentGraduationTrack, StudentEmploymentFlag, StudentImage,SchoolEntityID)
values (147, 'Barry', 'Close', 'T', '092 Tina Summit', 'USA','East Jeffreyland','VA','20040','Sophomore', 1.22, 0, 0,'Caucasian','Male','Lower Income',13,2, 'N', 'N', 'N', 'img/student.jpg', 17);
insert into StudentInterestGroups (InterestGroupID, StudentEntityID)
values (4,147);
insert into StudentInterestGroups (InterestGroupID, StudentEntityID)
values (10,147);
insert into StudentInterestGroups (InterestGroupID, StudentEntityID)
values (9,147);
insert into StudentInterestGroups (InterestGroupID, StudentEntityID)
values (5,147);
insert into StudentInterestGroups (InterestGroupID, StudentEntityID)
values (3,147);
insert into StudentInterestGroups (InterestGroupID, StudentEntityID)
values (6,147);
insert into userEntity (UserName, EmailAddress, EntityType)
values ('JosephShieldsM875', 'JosephShieldsM875@turnerAshby.edu', 'STUD');
insert into student (StudentEntityID, FirstName, LastName, MiddleInitial, StreetAddress, Country,City, State,ZipCode, StudentGradeLevel, StudentGPA, StudentACTScore, StudentSATScore, StudentEthnicity, StudentGender, IncomeLevel, DaysAbsent, HoursOfWorkPlaceExp, StudentAthleteFlag, StudentGraduationTrack, StudentEmploymentFlag, StudentImage,SchoolEntityID)
values (148, 'Joseph', 'Shields', 'M', '88012 Smith Common', 'USA','Howardmouth','VA','20040','Freshmen', 2.95, 0, 0,'Caucasian','Male','Lower Income',2,20, 'Y', 'Y', 'Y', 'img/student.jpg', 15);
insert into StudentInterestGroups (InterestGroupID, StudentEntityID)
values (5,148);
insert into StudentInterestGroups (InterestGroupID, StudentEntityID)
values (1,148);
insert into userEntity (UserName, EmailAddress, EntityType)
values ('MauriceVizarroS507', 'MauriceVizarroS507@rockingham.k12.va.us', 'STUD');
insert into student (StudentEntityID, FirstName, LastName, MiddleInitial, StreetAddress, Country,City, State,ZipCode, StudentGradeLevel, StudentGPA, StudentACTScore, StudentSATScore, StudentEthnicity, StudentGender, IncomeLevel, DaysAbsent, HoursOfWorkPlaceExp, StudentAthleteFlag, StudentGraduationTrack, StudentEmploymentFlag, StudentImage,SchoolEntityID)
values (149, 'Maurice', 'Vizarro', 'S', '9374 Sanders Pike', 'USA','Boothshire','VA','20040','Freshmen', 2.82, 0, 0,'Caucasian','Male','Middle Income',4,20, 'N', 'Y', 'Y', 'img/student.jpg', 13);
insert into StudentInterestGroups (InterestGroupID, StudentEntityID)
values (1,149);
insert into StudentInterestGroups (InterestGroupID, StudentEntityID)
values (12,149);
insert into StudentInterestGroups (InterestGroupID, StudentEntityID)
values (8,149);
insert into StudentInterestGroups (InterestGroupID, StudentEntityID)
values (5,149);
insert into StudentInterestGroups (InterestGroupID, StudentEntityID)
values (7,149);
insert into StudentInterestGroups (InterestGroupID, StudentEntityID)
values (11,149);
insert into StudentInterestGroups (InterestGroupID, StudentEntityID)
values (6,149);
insert into userEntity (UserName, EmailAddress, EntityType)
values ('MohammadPaulD688', 'MohammadPaulD688@spotswood.edu', 'STUD');
insert into student (StudentEntityID, FirstName, LastName, MiddleInitial, StreetAddress, Country,City, State,ZipCode, StudentGradeLevel, StudentGPA, StudentACTScore, StudentSATScore, StudentEthnicity, StudentGender, IncomeLevel, DaysAbsent, HoursOfWorkPlaceExp, StudentAthleteFlag, StudentGraduationTrack, StudentEmploymentFlag, StudentImage,SchoolEntityID)
values (150, 'Mohammad', 'Paul', 'D', '0574 Robert Hills', 'USA','Port Diana','VA','20040','Senior', 1.65, 25, 733,'Not selected or Other','Male','Lower Income',9,22, 'N', 'N', 'Y', 'img/student.jpg', 14);
insert into StudentInterestGroups (InterestGroupID, StudentEntityID)
values (7,150);
insert into StudentInterestGroups (InterestGroupID, StudentEntityID)
values (10,150);
insert into StudentInterestGroups (InterestGroupID, StudentEntityID)
values (2,150);
insert into userEntity (UserName, EmailAddress, EntityType)
values ('AnnieKearneyN124', 'AnnieKearneyN124@Louisa.edu', 'STUD');
insert into student (StudentEntityID, FirstName, LastName, MiddleInitial, StreetAddress, Country,City, State,ZipCode, StudentGradeLevel, StudentGPA, StudentACTScore, StudentSATScore, StudentEthnicity, StudentGender, IncomeLevel, DaysAbsent, HoursOfWorkPlaceExp, StudentAthleteFlag, StudentGraduationTrack, StudentEmploymentFlag, StudentImage,SchoolEntityID)
values (151, 'Annie', 'Kearney', 'N', '32370 Diaz Islands', 'USA','Jefferyfort','VA','20040','Freshmen', 3.55, 0, 0,'Caucasian','Female','Middle Income',1,20, 'Y', 'Y', 'Y', 'img/student.jpg', 12);
insert into StudentInterestGroups (InterestGroupID, StudentEntityID)
values (5,151);
insert into StudentInterestGroups (InterestGroupID, StudentEntityID)
values (3,151);
insert into StudentInterestGroups (InterestGroupID, StudentEntityID)
values (12,151);
insert into StudentInterestGroups (InterestGroupID, StudentEntityID)
values (10,151);
insert into StudentInterestGroups (InterestGroupID, StudentEntityID)
values (7,151);
insert into userEntity (UserName, EmailAddress, EntityType)
values ('MistiKroegerQ296', 'MistiKroegerQ296@spotswood.edu', 'STUD');
insert into student (StudentEntityID, FirstName, LastName, MiddleInitial, StreetAddress, Country,City, State,ZipCode, StudentGradeLevel, StudentGPA, StudentACTScore, StudentSATScore, StudentEthnicity, StudentGender, IncomeLevel, DaysAbsent, HoursOfWorkPlaceExp, StudentAthleteFlag, StudentGraduationTrack, StudentEmploymentFlag, StudentImage,SchoolEntityID)
values (152, 'Misti', 'Kroeger', 'Q', '60813 Armstrong Turnpike Suite 705', 'USA','Port Eduardobury','VA','20041','Senior', 3.05, 32, 1269,'Hispanic','Female','Higher Income',2,35, 'N', 'Y', 'N', 'img/student.jpg', 14);
insert into StudentInterestGroups (InterestGroupID, StudentEntityID)
values (2,152);
insert into StudentInterestGroups (InterestGroupID, StudentEntityID)
values (7,152);
insert into StudentInterestGroups (InterestGroupID, StudentEntityID)
values (8,152);
insert into StudentInterestGroups (InterestGroupID, StudentEntityID)
values (1,152);
insert into userEntity (UserName, EmailAddress, EntityType)
values ('MichaelJohnsonR108', 'MichaelJohnsonR108@Louisa.edu', 'STUD');
insert into student (StudentEntityID, FirstName, LastName, MiddleInitial, StreetAddress, Country,City, State,ZipCode, StudentGradeLevel, StudentGPA, StudentACTScore, StudentSATScore, StudentEthnicity, StudentGender, IncomeLevel, DaysAbsent, HoursOfWorkPlaceExp, StudentAthleteFlag, StudentGraduationTrack, StudentEmploymentFlag, StudentImage,SchoolEntityID)
values (153, 'Michael', 'Johnson', 'R', '975 Dean Parks', 'USA','Higginshaven','VA','20041','Sophomore', 3.43, 0, 0,'Caucasian','Male','Middle Income',1,18, 'Y', 'Y', 'Y', 'img/student.jpg', 12);
insert into StudentInterestGroups (InterestGroupID, StudentEntityID)
values (6,153);
insert into StudentInterestGroups (InterestGroupID, StudentEntityID)
values (5,153);
insert into StudentInterestGroups (InterestGroupID, StudentEntityID)
values (8,153);
insert into StudentInterestGroups (InterestGroupID, StudentEntityID)
values (4,153);
insert into StudentInterestGroups (InterestGroupID, StudentEntityID)
values (1,153);
insert into StudentInterestGroups (InterestGroupID, StudentEntityID)
values (7,153);
insert into StudentInterestGroups (InterestGroupID, StudentEntityID)
values (9,153);
insert into userEntity (UserName, EmailAddress, EntityType)
values ('RebaKendallO557', 'RebaKendallO557@turnerAshby.edu', 'STUD');
insert into student (StudentEntityID, FirstName, LastName, MiddleInitial, StreetAddress, Country,City, State,ZipCode, StudentGradeLevel, StudentGPA, StudentACTScore, StudentSATScore, StudentEthnicity, StudentGender, IncomeLevel, DaysAbsent, HoursOfWorkPlaceExp, StudentAthleteFlag, StudentGraduationTrack, StudentEmploymentFlag, StudentImage,SchoolEntityID)
values (154, 'Reba', 'Kendall', 'O', '3681 Rhonda Fords', 'USA','Williamsmouth','VA','20040','Sophomore', 1.99, 0, 0,'Caucasian','Female','Middle Income',14,6, 'N', 'N', 'Y', 'img/student.jpg', 15);
insert into StudentInterestGroups (InterestGroupID, StudentEntityID)
values (3,154);
insert into StudentInterestGroups (InterestGroupID, StudentEntityID)
values (6,154);
insert into StudentInterestGroups (InterestGroupID, StudentEntityID)
values (1,154);
insert into StudentInterestGroups (InterestGroupID, StudentEntityID)
values (2,154);
insert into StudentInterestGroups (InterestGroupID, StudentEntityID)
values (4,154);
insert into StudentInterestGroups (InterestGroupID, StudentEntityID)
values (7,154);
insert into StudentInterestGroups (InterestGroupID, StudentEntityID)
values (8,154);
insert into userEntity (UserName, EmailAddress, EntityType)
values ('LonnyDecoteauU719', 'LonnyDecoteauU719@broadway.edu', 'STUD');
insert into student (StudentEntityID, FirstName, LastName, MiddleInitial, StreetAddress, Country,City, State,ZipCode, StudentGradeLevel, StudentGPA, StudentACTScore, StudentSATScore, StudentEthnicity, StudentGender, IncomeLevel, DaysAbsent, HoursOfWorkPlaceExp, StudentAthleteFlag, StudentGraduationTrack, StudentEmploymentFlag, StudentImage,SchoolEntityID)
values (155, 'Lonny', 'Decoteau', 'U', '252 George Pass', 'USA','New Robertatown','VA','20040','Junior', 1.68, 17, 886,'Caucasian','Male','Higher Income',13,24, 'Y', 'N', 'Y', 'img/student.jpg', 16);
insert into StudentInterestGroups (InterestGroupID, StudentEntityID)
values (4,155);
insert into StudentInterestGroups (InterestGroupID, StudentEntityID)
values (10,155);
insert into StudentInterestGroups (InterestGroupID, StudentEntityID)
values (8,155);
insert into StudentInterestGroups (InterestGroupID, StudentEntityID)
values (5,155);
insert into StudentInterestGroups (InterestGroupID, StudentEntityID)
values (9,155);
insert into StudentInterestGroups (InterestGroupID, StudentEntityID)
values (2,155);
insert into userEntity (UserName, EmailAddress, EntityType)
values ('AugustaGarzaD20', 'AugustaGarzaD20@spotswood.edu', 'STUD');
insert into student (StudentEntityID, FirstName, LastName, MiddleInitial, StreetAddress, Country,City, State,ZipCode, StudentGradeLevel, StudentGPA, StudentACTScore, StudentSATScore, StudentEthnicity, StudentGender, IncomeLevel, DaysAbsent, HoursOfWorkPlaceExp, StudentAthleteFlag, StudentGraduationTrack, StudentEmploymentFlag, StudentImage,SchoolEntityID)
values (156, 'Augusta', 'Garza', 'D', '07069 Michael Village Apt. 033', 'USA','East Shanebury','VA','20041','Sophomore', 2.68, 0, 0,'Caucasian','Female','Middle Income',7,17, 'N', 'Y', 'N', 'img/student.jpg', 14);
insert into StudentInterestGroups (InterestGroupID, StudentEntityID)
values (6,156);
insert into StudentInterestGroups (InterestGroupID, StudentEntityID)
values (5,156);
insert into StudentInterestGroups (InterestGroupID, StudentEntityID)
values (2,156);
insert into StudentInterestGroups (InterestGroupID, StudentEntityID)
values (10,156);
insert into StudentInterestGroups (InterestGroupID, StudentEntityID)
values (9,156);
insert into userEntity (UserName, EmailAddress, EntityType)
values ('MabelCayeaI383', 'MabelCayeaI383@turnerAshby.edu', 'STUD');
insert into student (StudentEntityID, FirstName, LastName, MiddleInitial, StreetAddress, Country,City, State,ZipCode, StudentGradeLevel, StudentGPA, StudentACTScore, StudentSATScore, StudentEthnicity, StudentGender, IncomeLevel, DaysAbsent, HoursOfWorkPlaceExp, StudentAthleteFlag, StudentGraduationTrack, StudentEmploymentFlag, StudentImage,SchoolEntityID)
values (157, 'Mabel', 'Cayea', 'I', '4323 Tamara Park Apt. 306', 'USA','Yvonnechester','VA','20041','Freshmen', 3.51, 0, 0,'African American','Other','Higher Income',3,20, 'N', 'Y', 'N', 'img/student.jpg', 15);
insert into StudentInterestGroups (InterestGroupID, StudentEntityID)
values (11,157);
insert into StudentInterestGroups (InterestGroupID, StudentEntityID)
values (4,157);
insert into StudentInterestGroups (InterestGroupID, StudentEntityID)
values (10,157);
insert into StudentInterestGroups (InterestGroupID, StudentEntityID)
values (1,157);
insert into StudentInterestGroups (InterestGroupID, StudentEntityID)
values (9,157);
insert into StudentInterestGroups (InterestGroupID, StudentEntityID)
values (5,157);
insert into userEntity (UserName, EmailAddress, EntityType)
values ('RochellPrudencioC719', 'RochellPrudencioC719@harrisonburg.edu', 'STUD');
insert into student (StudentEntityID, FirstName, LastName, MiddleInitial, StreetAddress, Country,City, State,ZipCode, StudentGradeLevel, StudentGPA, StudentACTScore, StudentSATScore, StudentEthnicity, StudentGender, IncomeLevel, DaysAbsent, HoursOfWorkPlaceExp, StudentAthleteFlag, StudentGraduationTrack, StudentEmploymentFlag, StudentImage,SchoolEntityID)
values (158, 'Rochell', 'Prudencio', 'C', '970 Wendy Club', 'USA','Lake Keithland','VA','20040','Junior', 2.35, 24, 1227,'Caucasian','Female','Middle Income',12,24, 'N', 'Y', 'N', 'img/student.jpg', 17);
insert into StudentInterestGroups (InterestGroupID, StudentEntityID)
values (9,158);
insert into userEntity (UserName, EmailAddress, EntityType)
values ('StephenStammK651', 'StephenStammK651@rockingham.k12.va.us', 'STUD');
insert into student (StudentEntityID, FirstName, LastName, MiddleInitial, StreetAddress, Country,City, State,ZipCode, StudentGradeLevel, StudentGPA, StudentACTScore, StudentSATScore, StudentEthnicity, StudentGender, IncomeLevel, DaysAbsent, HoursOfWorkPlaceExp, StudentAthleteFlag, StudentGraduationTrack, StudentEmploymentFlag, StudentImage,SchoolEntityID)
values (159, 'Stephen', 'Stamm', 'K', '5985 Fisher Vista', 'USA','Mejiabury','VA','20040','Senior', 3.85, 29, 1309,'Caucasian','Male','Middle Income',3,43, 'Y', 'Y', 'Y', 'img/student.jpg', 13);
insert into StudentInterestGroups (InterestGroupID, StudentEntityID)
values (3,159);
insert into StudentInterestGroups (InterestGroupID, StudentEntityID)
values (7,159);
insert into StudentInterestGroups (InterestGroupID, StudentEntityID)
values (11,159);
insert into StudentInterestGroups (InterestGroupID, StudentEntityID)
values (6,159);
insert into StudentInterestGroups (InterestGroupID, StudentEntityID)
values (9,159);
insert into userEntity (UserName, EmailAddress, EntityType)
values ('RobinAveryP873', 'RobinAveryP873@turnerAshby.edu', 'STUD');
insert into student (StudentEntityID, FirstName, LastName, MiddleInitial, StreetAddress, Country,City, State,ZipCode, StudentGradeLevel, StudentGPA, StudentACTScore, StudentSATScore, StudentEthnicity, StudentGender, IncomeLevel, DaysAbsent, HoursOfWorkPlaceExp, StudentAthleteFlag, StudentGraduationTrack, StudentEmploymentFlag, StudentImage,SchoolEntityID)
values (160, 'Robin', 'Avery', 'P', '12822 Hall Plaza Apt. 440', 'USA','Clarkshire','VA','20041','Sophomore', 1.13, 0, 0,'Pacific Islander','Female','Middle Income',14,7, 'Y', 'N', 'N', 'img/student.jpg', 15);
insert into StudentInterestGroups (InterestGroupID, StudentEntityID)
values (8,160);
insert into StudentInterestGroups (InterestGroupID, StudentEntityID)
values (1,160);
insert into StudentInterestGroups (InterestGroupID, StudentEntityID)
values (5,160);
insert into StudentInterestGroups (InterestGroupID, StudentEntityID)
values (2,160);
insert into userEntity (UserName, EmailAddress, EntityType)
values ('AnnaWileyU950', 'AnnaWileyU950@Louisa.edu', 'STUD');
insert into student (StudentEntityID, FirstName, LastName, MiddleInitial, StreetAddress, Country,City, State,ZipCode, StudentGradeLevel, StudentGPA, StudentACTScore, StudentSATScore, StudentEthnicity, StudentGender, IncomeLevel, DaysAbsent, HoursOfWorkPlaceExp, StudentAthleteFlag, StudentGraduationTrack, StudentEmploymentFlag, StudentImage,SchoolEntityID)
values (161, 'Anna', 'Wiley', 'U', '50384 Shelley Drives Apt. 195', 'USA','Hostad','VA','20040','Senior', 1.79, 19, 1267,'African American','Female','Lower Income',10,24, 'Y', 'N', 'N', 'img/student.jpg', 12);
insert into StudentInterestGroups (InterestGroupID, StudentEntityID)
values (6,161);
insert into userEntity (UserName, EmailAddress, EntityType)
values ('DonnieDemmerU912', 'DonnieDemmerU912@spotswood.edu', 'STUD');
insert into student (StudentEntityID, FirstName, LastName, MiddleInitial, StreetAddress, Country,City, State,ZipCode, StudentGradeLevel, StudentGPA, StudentACTScore, StudentSATScore, StudentEthnicity, StudentGender, IncomeLevel, DaysAbsent, HoursOfWorkPlaceExp, StudentAthleteFlag, StudentGraduationTrack, StudentEmploymentFlag, StudentImage,SchoolEntityID)
values (162, 'Donnie', 'Demmer', 'U', '0225 Ramirez Ramp Apt. 576', 'USA','Evelynland','VA','20041','Junior', 3.45, 27, 1301,'Pacific Islander','Other','Middle Income',5,23, 'N', 'Y', 'N', 'img/student.jpg', 14);
insert into StudentInterestGroups (InterestGroupID, StudentEntityID)
values (4,162);
insert into StudentInterestGroups (InterestGroupID, StudentEntityID)
values (9,162);
insert into StudentInterestGroups (InterestGroupID, StudentEntityID)
values (5,162);
insert into StudentInterestGroups (InterestGroupID, StudentEntityID)
values (6,162);
insert into StudentInterestGroups (InterestGroupID, StudentEntityID)
values (10,162);
insert into userEntity (UserName, EmailAddress, EntityType)
values ('ToddSipesS733', 'ToddSipesS733@Louisa.edu', 'STUD');
insert into student (StudentEntityID, FirstName, LastName, MiddleInitial, StreetAddress, Country,City, State,ZipCode, StudentGradeLevel, StudentGPA, StudentACTScore, StudentSATScore, StudentEthnicity, StudentGender, IncomeLevel, DaysAbsent, HoursOfWorkPlaceExp, StudentAthleteFlag, StudentGraduationTrack, StudentEmploymentFlag, StudentImage,SchoolEntityID)
values (163, 'Todd', 'Sipes', 'S', '2795 Lisa Isle Apt. 723', 'USA','Port Xavierfort','VA','20041','Senior', 3.0, 23, 1235,'Caucasian','Male','Lower Income',3,35, 'N', 'Y', 'N', 'img/student.jpg', 12);
insert into StudentInterestGroups (InterestGroupID, StudentEntityID)
values (4,163);
insert into StudentInterestGroups (InterestGroupID, StudentEntityID)
values (5,163);
insert into StudentInterestGroups (InterestGroupID, StudentEntityID)
values (10,163);
insert into StudentInterestGroups (InterestGroupID, StudentEntityID)
values (9,163);
insert into userEntity (UserName, EmailAddress, EntityType)
values ('ClydeNorwoodB620', 'ClydeNorwoodB620@spotswood.edu', 'STUD');
insert into student (StudentEntityID, FirstName, LastName, MiddleInitial, StreetAddress, Country,City, State,ZipCode, StudentGradeLevel, StudentGPA, StudentACTScore, StudentSATScore, StudentEthnicity, StudentGender, IncomeLevel, DaysAbsent, HoursOfWorkPlaceExp, StudentAthleteFlag, StudentGraduationTrack, StudentEmploymentFlag, StudentImage,SchoolEntityID)
values (164, 'Clyde', 'Norwood', 'B', '4665 Donna Hills', 'USA','Villegasbury','VA','20041','Junior', 1.95, 19, 872,'Caucasian','Male','Middle Income',10,18, 'Y', 'N', 'N', 'img/student.jpg', 14);
insert into StudentInterestGroups (InterestGroupID, StudentEntityID)
values (12,164);
insert into StudentInterestGroups (InterestGroupID, StudentEntityID)
values (11,164);
insert into userEntity (UserName, EmailAddress, EntityType)
values ('LaurieWestI836', 'LaurieWestI836@rockingham.k12.va.us', 'STUD');
insert into student (StudentEntityID, FirstName, LastName, MiddleInitial, StreetAddress, Country,City, State,ZipCode, StudentGradeLevel, StudentGPA, StudentACTScore, StudentSATScore, StudentEthnicity, StudentGender, IncomeLevel, DaysAbsent, HoursOfWorkPlaceExp, StudentAthleteFlag, StudentGraduationTrack, StudentEmploymentFlag, StudentImage,SchoolEntityID)
values (165, 'Laurie', 'West', 'I', '520 Moore Mills Suite 455', 'USA','Daniellestad','VA','20041','Freshmen', 3.96, 0, 0,'Caucasian','Female','Lower Income',1,15, 'Y', 'Y', 'Y', 'img/student.jpg', 13);
insert into StudentInterestGroups (InterestGroupID, StudentEntityID)
values (7,165);
insert into StudentInterestGroups (InterestGroupID, StudentEntityID)
values (9,165);
insert into StudentInterestGroups (InterestGroupID, StudentEntityID)
values (5,165);
insert into userEntity (UserName, EmailAddress, EntityType)
values ('GeneStevensS438', 'GeneStevensS438@spotswood.edu', 'STUD');
insert into student (StudentEntityID, FirstName, LastName, MiddleInitial, StreetAddress, Country,City, State,ZipCode, StudentGradeLevel, StudentGPA, StudentACTScore, StudentSATScore, StudentEthnicity, StudentGender, IncomeLevel, DaysAbsent, HoursOfWorkPlaceExp, StudentAthleteFlag, StudentGraduationTrack, StudentEmploymentFlag, StudentImage,SchoolEntityID)
values (166, 'Gene', 'Stevens', 'S', '350 Smith Land Suite 039', 'USA','Oneillland','VA','20040','Sophomore', 2.13, 0, 0,'Caucasian','Male','Middle Income',15,19, 'Y', 'Y', 'Y', 'img/student.jpg', 14);
insert into StudentInterestGroups (InterestGroupID, StudentEntityID)
values (1,166);
insert into StudentInterestGroups (InterestGroupID, StudentEntityID)
values (4,166);
insert into userEntity (UserName, EmailAddress, EntityType)
values ('MichaelMatavaH821', 'MichaelMatavaH821@spotswood.edu', 'STUD');
insert into student (StudentEntityID, FirstName, LastName, MiddleInitial, StreetAddress, Country,City, State,ZipCode, StudentGradeLevel, StudentGPA, StudentACTScore, StudentSATScore, StudentEthnicity, StudentGender, IncomeLevel, DaysAbsent, HoursOfWorkPlaceExp, StudentAthleteFlag, StudentGraduationTrack, StudentEmploymentFlag, StudentImage,SchoolEntityID)
values (167, 'Michael', 'Matava', 'H', '14866 Jeffrey Junctions Apt. 102', 'USA','New James','VA','20041','Sophomore', 1.71, 0, 0,'Caucasian','Male','Higher Income',12,7, 'Y', 'N', 'N', 'img/student.jpg', 14);
insert into StudentInterestGroups (InterestGroupID, StudentEntityID)
values (8,167);
insert into StudentInterestGroups (InterestGroupID, StudentEntityID)
values (2,167);
insert into StudentInterestGroups (InterestGroupID, StudentEntityID)
values (11,167);
insert into StudentInterestGroups (InterestGroupID, StudentEntityID)
values (12,167);
insert into StudentInterestGroups (InterestGroupID, StudentEntityID)
values (6,167);
insert into StudentInterestGroups (InterestGroupID, StudentEntityID)
values (10,167);
insert into userEntity (UserName, EmailAddress, EntityType)
values ('AaronHoganR607', 'AaronHoganR607@Louisa.edu', 'STUD');
insert into student (StudentEntityID, FirstName, LastName, MiddleInitial, StreetAddress, Country,City, State,ZipCode, StudentGradeLevel, StudentGPA, StudentACTScore, StudentSATScore, StudentEthnicity, StudentGender, IncomeLevel, DaysAbsent, HoursOfWorkPlaceExp, StudentAthleteFlag, StudentGraduationTrack, StudentEmploymentFlag, StudentImage,SchoolEntityID)
values (168, 'Aaron', 'Hogan', 'R', '5448 Lindsey Walks', 'USA','Fishermouth','VA','20041','Senior', 2.81, 22, 1369,'Caucasian','Male','Lower Income',2,34, 'N', 'Y', 'N', 'img/student.jpg', 12);
insert into StudentInterestGroups (InterestGroupID, StudentEntityID)
values (2,168);
insert into userEntity (UserName, EmailAddress, EntityType)
values ('LewisMerrillS398', 'LewisMerrillS398@Louisa.edu', 'STUD');
insert into student (StudentEntityID, FirstName, LastName, MiddleInitial, StreetAddress, Country,City, State,ZipCode, StudentGradeLevel, StudentGPA, StudentACTScore, StudentSATScore, StudentEthnicity, StudentGender, IncomeLevel, DaysAbsent, HoursOfWorkPlaceExp, StudentAthleteFlag, StudentGraduationTrack, StudentEmploymentFlag, StudentImage,SchoolEntityID)
values (169, 'Lewis', 'Merrill', 'S', '987 Hoover Overpass Apt. 921', 'USA','Seanshire','VA','20041','Sophomore', 1.86, 0, 0,'Caucasian','Male','Middle Income',13,8, 'Y', 'N', 'Y', 'img/student.jpg', 12);
insert into StudentInterestGroups (InterestGroupID, StudentEntityID)
values (10,169);
insert into StudentInterestGroups (InterestGroupID, StudentEntityID)
values (1,169);
insert into userEntity (UserName, EmailAddress, EntityType)
values ('MariaClickN742', 'MariaClickN742@rockingham.k12.va.us', 'STUD');
insert into student (StudentEntityID, FirstName, LastName, MiddleInitial, StreetAddress, Country,City, State,ZipCode, StudentGradeLevel, StudentGPA, StudentACTScore, StudentSATScore, StudentEthnicity, StudentGender, IncomeLevel, DaysAbsent, HoursOfWorkPlaceExp, StudentAthleteFlag, StudentGraduationTrack, StudentEmploymentFlag, StudentImage,SchoolEntityID)
values (170, 'Maria', 'Click', 'N', '64106 Ryan Heights Apt. 048', 'USA','Port Robertland','VA','20040','Sophomore', 1.21, 0, 0,'Hispanic','Female','Middle Income',14,0, 'Y', 'N', 'Y', 'img/student.jpg', 13);
insert into StudentInterestGroups (InterestGroupID, StudentEntityID)
values (8,170);
insert into StudentInterestGroups (InterestGroupID, StudentEntityID)
values (4,170);
insert into userEntity (UserName, EmailAddress, EntityType)
values ('JamesWilliamsX14', 'JamesWilliamsX14@Louisa.edu', 'STUD');
insert into student (StudentEntityID, FirstName, LastName, MiddleInitial, StreetAddress, Country,City, State,ZipCode, StudentGradeLevel, StudentGPA, StudentACTScore, StudentSATScore, StudentEthnicity, StudentGender, IncomeLevel, DaysAbsent, HoursOfWorkPlaceExp, StudentAthleteFlag, StudentGraduationTrack, StudentEmploymentFlag, StudentImage,SchoolEntityID)
values (171, 'James', 'Williams', 'X', '015 Rodriguez Port', 'USA','West Melanie','VA','20041','Senior', 2.69, 33, 1445,'Not selected or Other','Male','Middle Income',6,45, 'Y', 'Y', 'Y', 'img/student.jpg', 12);
insert into StudentInterestGroups (InterestGroupID, StudentEntityID)
values (7,171);
insert into StudentInterestGroups (InterestGroupID, StudentEntityID)
values (11,171);
insert into userEntity (UserName, EmailAddress, EntityType)
values ('RichardHowardG478', 'RichardHowardG478@harrisonburg.edu', 'STUD');
insert into student (StudentEntityID, FirstName, LastName, MiddleInitial, StreetAddress, Country,City, State,ZipCode, StudentGradeLevel, StudentGPA, StudentACTScore, StudentSATScore, StudentEthnicity, StudentGender, IncomeLevel, DaysAbsent, HoursOfWorkPlaceExp, StudentAthleteFlag, StudentGraduationTrack, StudentEmploymentFlag, StudentImage,SchoolEntityID)
values (172, 'Richard', 'Howard', 'G', '7360 Stephanie Cliff Suite 701', 'USA','Lake Samantha','VA','20040','Freshmen', 1.22, 0, 0,'Hispanic','Male','Middle Income',15,3, 'Y', 'N', 'Y', 'img/student.jpg', 17);
insert into StudentInterestGroups (InterestGroupID, StudentEntityID)
values (6,172);
insert into StudentInterestGroups (InterestGroupID, StudentEntityID)
values (2,172);
insert into StudentInterestGroups (InterestGroupID, StudentEntityID)
values (7,172);
insert into StudentInterestGroups (InterestGroupID, StudentEntityID)
values (9,172);
insert into StudentInterestGroups (InterestGroupID, StudentEntityID)
values (5,172);
insert into StudentInterestGroups (InterestGroupID, StudentEntityID)
values (8,172);
insert into StudentInterestGroups (InterestGroupID, StudentEntityID)
values (3,172);
insert into StudentInterestGroups (InterestGroupID, StudentEntityID)
values (10,172);
insert into userEntity (UserName, EmailAddress, EntityType)
values ('FloraGonzalesT339', 'FloraGonzalesT339@broadway.edu', 'STUD');
insert into student (StudentEntityID, FirstName, LastName, MiddleInitial, StreetAddress, Country,City, State,ZipCode, StudentGradeLevel, StudentGPA, StudentACTScore, StudentSATScore, StudentEthnicity, StudentGender, IncomeLevel, DaysAbsent, HoursOfWorkPlaceExp, StudentAthleteFlag, StudentGraduationTrack, StudentEmploymentFlag, StudentImage,SchoolEntityID)
values (173, 'Flora', 'Gonzales', 'T', '27384 Davidson Green', 'USA','West Stevenfort','VA','20041','Senior', 1.55, 18, 866,'African American','Female','Middle Income',9,30, 'Y', 'N', 'N', 'img/student.jpg', 16);
insert into StudentInterestGroups (InterestGroupID, StudentEntityID)
values (6,173);
insert into StudentInterestGroups (InterestGroupID, StudentEntityID)
values (4,173);
insert into StudentInterestGroups (InterestGroupID, StudentEntityID)
values (5,173);
insert into userEntity (UserName, EmailAddress, EntityType)
values ('TeresaMaysL219', 'TeresaMaysL219@harrisonburg.edu', 'STUD');
insert into student (StudentEntityID, FirstName, LastName, MiddleInitial, StreetAddress, Country,City, State,ZipCode, StudentGradeLevel, StudentGPA, StudentACTScore, StudentSATScore, StudentEthnicity, StudentGender, IncomeLevel, DaysAbsent, HoursOfWorkPlaceExp, StudentAthleteFlag, StudentGraduationTrack, StudentEmploymentFlag, StudentImage,SchoolEntityID)
values (174, 'Teresa', 'Mays', 'L', '28231 Wilson Station', 'USA','Port Richard','VA','20040','Senior', 3.15, 24, 1124,'Caucasian','Female','Lower Income',4,38, 'Y', 'Y', 'N', 'img/student.jpg', 17);
insert into StudentInterestGroups (InterestGroupID, StudentEntityID)
values (1,174);
insert into userEntity (UserName, EmailAddress, EntityType)
values ('AmberNewnamN248', 'AmberNewnamN248@rockingham.k12.va.us', 'STUD');
insert into student (StudentEntityID, FirstName, LastName, MiddleInitial, StreetAddress, Country,City, State,ZipCode, StudentGradeLevel, StudentGPA, StudentACTScore, StudentSATScore, StudentEthnicity, StudentGender, IncomeLevel, DaysAbsent, HoursOfWorkPlaceExp, StudentAthleteFlag, StudentGraduationTrack, StudentEmploymentFlag, StudentImage,SchoolEntityID)
values (175, 'Amber', 'Newnam', 'N', '37546 Julie Square', 'USA','Michelleview','VA','20040','Senior', 2.76, 32, 1097,'Caucasian','Other','Middle Income',7,42, 'Y', 'Y', 'N', 'img/student.jpg', 13);
insert into StudentInterestGroups (InterestGroupID, StudentEntityID)
values (5,175);
insert into StudentInterestGroups (InterestGroupID, StudentEntityID)
values (8,175);
insert into StudentInterestGroups (InterestGroupID, StudentEntityID)
values (12,175);
insert into userEntity (UserName, EmailAddress, EntityType)
values ('RubyBrobstD862', 'RubyBrobstD862@harrisonburg.edu', 'STUD');
insert into student (StudentEntityID, FirstName, LastName, MiddleInitial, StreetAddress, Country,City, State,ZipCode, StudentGradeLevel, StudentGPA, StudentACTScore, StudentSATScore, StudentEthnicity, StudentGender, IncomeLevel, DaysAbsent, HoursOfWorkPlaceExp, StudentAthleteFlag, StudentGraduationTrack, StudentEmploymentFlag, StudentImage,SchoolEntityID)
values (176, 'Ruby', 'Brobst', 'D', '3339 Stephen Crescent', 'USA','Daltonburgh','VA','20041','Junior', 1.15, 17, 679,'Caucasian','Female','Middle Income',15,14, 'N', 'N', 'N', 'img/student.jpg', 17);
insert into StudentInterestGroups (InterestGroupID, StudentEntityID)
values (2,176);
insert into userEntity (UserName, EmailAddress, EntityType)
values ('MaryWarrenI350', 'MaryWarrenI350@spotswood.edu', 'STUD');
insert into student (StudentEntityID, FirstName, LastName, MiddleInitial, StreetAddress, Country,City, State,ZipCode, StudentGradeLevel, StudentGPA, StudentACTScore, StudentSATScore, StudentEthnicity, StudentGender, IncomeLevel, DaysAbsent, HoursOfWorkPlaceExp, StudentAthleteFlag, StudentGraduationTrack, StudentEmploymentFlag, StudentImage,SchoolEntityID)
values (177, 'Mary', 'Warren', 'I', '30385 Frederick Lane Suite 097', 'USA','Lake Brian','VA','20040','Senior', 1.46, 15, 1168,'African American','Female','Lower Income',14,29, 'Y', 'N', 'N', 'img/student.jpg', 14);
insert into StudentInterestGroups (InterestGroupID, StudentEntityID)
values (7,177);
insert into StudentInterestGroups (InterestGroupID, StudentEntityID)
values (8,177);
insert into StudentInterestGroups (InterestGroupID, StudentEntityID)
values (3,177);
insert into StudentInterestGroups (InterestGroupID, StudentEntityID)
values (4,177);
insert into StudentInterestGroups (InterestGroupID, StudentEntityID)
values (12,177);
insert into userEntity (UserName, EmailAddress, EntityType)
values ('RobertDeveraJ132', 'RobertDeveraJ132@spotswood.edu', 'STUD');
insert into student (StudentEntityID, FirstName, LastName, MiddleInitial, StreetAddress, Country,City, State,ZipCode, StudentGradeLevel, StudentGPA, StudentACTScore, StudentSATScore, StudentEthnicity, StudentGender, IncomeLevel, DaysAbsent, HoursOfWorkPlaceExp, StudentAthleteFlag, StudentGraduationTrack, StudentEmploymentFlag, StudentImage,SchoolEntityID)
values (178, 'Robert', 'Devera', 'J', '171 Williams Burgs', 'USA','North Michaelstad','VA','20041','Senior', 1.7, 18, 724,'Caucasian','Other','Higher Income',14,34, 'Y', 'N', 'Y', 'img/student.jpg', 14);
insert into StudentInterestGroups (InterestGroupID, StudentEntityID)
values (8,178);
insert into StudentInterestGroups (InterestGroupID, StudentEntityID)
values (3,178);
insert into StudentInterestGroups (InterestGroupID, StudentEntityID)
values (4,178);
insert into StudentInterestGroups (InterestGroupID, StudentEntityID)
values (2,178);
insert into userEntity (UserName, EmailAddress, EntityType)
values ('EdwardKellyL83', 'EdwardKellyL83@rockingham.k12.va.us', 'STUD');
insert into student (StudentEntityID, FirstName, LastName, MiddleInitial, StreetAddress, Country,City, State,ZipCode, StudentGradeLevel, StudentGPA, StudentACTScore, StudentSATScore, StudentEthnicity, StudentGender, IncomeLevel, DaysAbsent, HoursOfWorkPlaceExp, StudentAthleteFlag, StudentGraduationTrack, StudentEmploymentFlag, StudentImage,SchoolEntityID)
values (179, 'Edward', 'Kelly', 'L', '636 Snow Summit', 'USA','East Calebshire','VA','20040','Senior', 3.69, 26, 1230,'Caucasian','Male','Lower Income',1,44, 'N', 'Y', 'Y', 'img/student.jpg', 13);
insert into StudentInterestGroups (InterestGroupID, StudentEntityID)
values (1,179);
insert into userEntity (UserName, EmailAddress, EntityType)
values ('LindaCallahanU247', 'LindaCallahanU247@rockingham.k12.va.us', 'STUD');
insert into student (StudentEntityID, FirstName, LastName, MiddleInitial, StreetAddress, Country,City, State,ZipCode, StudentGradeLevel, StudentGPA, StudentACTScore, StudentSATScore, StudentEthnicity, StudentGender, IncomeLevel, DaysAbsent, HoursOfWorkPlaceExp, StudentAthleteFlag, StudentGraduationTrack, StudentEmploymentFlag, StudentImage,SchoolEntityID)
values (180, 'Linda', 'Callahan', 'U', '209 Melissa Road Apt. 026', 'USA','Snyderbury','VA','20040','Junior', 2.71, 27, 1378,'Caucasian','Other','Middle Income',5,25, 'Y', 'Y', 'Y', 'img/student.jpg', 13);
insert into StudentInterestGroups (InterestGroupID, StudentEntityID)
values (4,180);
insert into StudentInterestGroups (InterestGroupID, StudentEntityID)
values (10,180);
insert into userEntity (UserName, EmailAddress, EntityType)
values ('FlorenceHubertK942', 'FlorenceHubertK942@rockingham.k12.va.us', 'STUD');
insert into student (StudentEntityID, FirstName, LastName, MiddleInitial, StreetAddress, Country,City, State,ZipCode, StudentGradeLevel, StudentGPA, StudentACTScore, StudentSATScore, StudentEthnicity, StudentGender, IncomeLevel, DaysAbsent, HoursOfWorkPlaceExp, StudentAthleteFlag, StudentGraduationTrack, StudentEmploymentFlag, StudentImage,SchoolEntityID)
values (181, 'Florence', 'Hubert', 'K', '5536 Ashley Center Suite 390', 'USA','Jessicaside','VA','20041','Freshmen', 3.69, 0, 0,'Caucasian','Female','Lower Income',5,19, 'Y', 'Y', 'N', 'img/student.jpg', 13);
insert into StudentInterestGroups (InterestGroupID, StudentEntityID)
values (6,181);
insert into StudentInterestGroups (InterestGroupID, StudentEntityID)
values (7,181);
insert into StudentInterestGroups (InterestGroupID, StudentEntityID)
values (5,181);
insert into StudentInterestGroups (InterestGroupID, StudentEntityID)
values (8,181);
insert into userEntity (UserName, EmailAddress, EntityType)
values ('BlancaLanierG941', 'BlancaLanierG941@Louisa.edu', 'STUD');
insert into student (StudentEntityID, FirstName, LastName, MiddleInitial, StreetAddress, Country,City, State,ZipCode, StudentGradeLevel, StudentGPA, StudentACTScore, StudentSATScore, StudentEthnicity, StudentGender, IncomeLevel, DaysAbsent, HoursOfWorkPlaceExp, StudentAthleteFlag, StudentGraduationTrack, StudentEmploymentFlag, StudentImage,SchoolEntityID)
values (182, 'Blanca', 'Lanier', 'G', '9729 Nicole Road', 'USA','Sharonside','VA','20040','Junior', 1.9, 15, 1016,'Not selected or Other','Female','Higher Income',14,18, 'Y', 'N', 'N', 'img/student.jpg', 12);
insert into StudentInterestGroups (InterestGroupID, StudentEntityID)
values (4,182);
insert into userEntity (UserName, EmailAddress, EntityType)
values ('EdwardGoebelV705', 'EdwardGoebelV705@harrisonburg.edu', 'STUD');
insert into student (StudentEntityID, FirstName, LastName, MiddleInitial, StreetAddress, Country,City, State,ZipCode, StudentGradeLevel, StudentGPA, StudentACTScore, StudentSATScore, StudentEthnicity, StudentGender, IncomeLevel, DaysAbsent, HoursOfWorkPlaceExp, StudentAthleteFlag, StudentGraduationTrack, StudentEmploymentFlag, StudentImage,SchoolEntityID)
values (183, 'Edward', 'Goebel', 'V', '840 Linda Circle', 'USA','Lindabury','VA','20040','Junior', 1.39, 18, 691,'Hispanic','Male','Lower Income',14,14, 'N', 'N', 'N', 'img/student.jpg', 17);
insert into StudentInterestGroups (InterestGroupID, StudentEntityID)
values (2,183);
insert into StudentInterestGroups (InterestGroupID, StudentEntityID)
values (1,183);
insert into StudentInterestGroups (InterestGroupID, StudentEntityID)
values (7,183);
insert into StudentInterestGroups (InterestGroupID, StudentEntityID)
values (12,183);
insert into StudentInterestGroups (InterestGroupID, StudentEntityID)
values (3,183);
insert into StudentInterestGroups (InterestGroupID, StudentEntityID)
values (4,183);
insert into userEntity (UserName, EmailAddress, EntityType)
values ('ShastaDunnR933', 'ShastaDunnR933@spotswood.edu', 'STUD');
insert into student (StudentEntityID, FirstName, LastName, MiddleInitial, StreetAddress, Country,City, State,ZipCode, StudentGradeLevel, StudentGPA, StudentACTScore, StudentSATScore, StudentEthnicity, StudentGender, IncomeLevel, DaysAbsent, HoursOfWorkPlaceExp, StudentAthleteFlag, StudentGraduationTrack, StudentEmploymentFlag, StudentImage,SchoolEntityID)
values (184, 'Shasta', 'Dunn', 'R', '419 Cindy Ranch Apt. 474', 'USA','East Hannahport','VA','20040','Junior', 1.48, 11, 1155,'Not selected or Other','Female','Middle Income',15,15, 'Y', 'N', 'Y', 'img/student.jpg', 14);
insert into StudentInterestGroups (InterestGroupID, StudentEntityID)
values (3,184);
insert into StudentInterestGroups (InterestGroupID, StudentEntityID)
values (1,184);
insert into StudentInterestGroups (InterestGroupID, StudentEntityID)
values (8,184);
insert into userEntity (UserName, EmailAddress, EntityType)
values ('JeffreySmithZ734', 'JeffreySmithZ734@Louisa.edu', 'STUD');
insert into student (StudentEntityID, FirstName, LastName, MiddleInitial, StreetAddress, Country,City, State,ZipCode, StudentGradeLevel, StudentGPA, StudentACTScore, StudentSATScore, StudentEthnicity, StudentGender, IncomeLevel, DaysAbsent, HoursOfWorkPlaceExp, StudentAthleteFlag, StudentGraduationTrack, StudentEmploymentFlag, StudentImage,SchoolEntityID)
values (185, 'Jeffrey', 'Smith', 'Z', '32712 Perry Light Apt. 583', 'USA','North Colleen','VA','20040','Senior', 3.47, 33, 1405,'Caucasian','Male','Middle Income',0,35, 'Y', 'Y', 'Y', 'img/student.jpg', 12);
insert into StudentInterestGroups (InterestGroupID, StudentEntityID)
values (11,185);
insert into StudentInterestGroups (InterestGroupID, StudentEntityID)
values (6,185);
insert into StudentInterestGroups (InterestGroupID, StudentEntityID)
values (12,185);
insert into StudentInterestGroups (InterestGroupID, StudentEntityID)
values (7,185);
insert into StudentInterestGroups (InterestGroupID, StudentEntityID)
values (1,185);
insert into StudentInterestGroups (InterestGroupID, StudentEntityID)
values (3,185);
insert into userEntity (UserName, EmailAddress, EntityType)
values ('MichaelMcdanielA778', 'MichaelMcdanielA778@broadway.edu', 'STUD');
insert into student (StudentEntityID, FirstName, LastName, MiddleInitial, StreetAddress, Country,City, State,ZipCode, StudentGradeLevel, StudentGPA, StudentACTScore, StudentSATScore, StudentEthnicity, StudentGender, IncomeLevel, DaysAbsent, HoursOfWorkPlaceExp, StudentAthleteFlag, StudentGraduationTrack, StudentEmploymentFlag, StudentImage,SchoolEntityID)
values (186, 'Michael', 'Mcdaniel', 'A', '675 Sarah Common', 'USA','New John','VA','20041','Freshmen', 2.75, 0, 0,'Hispanic','Male','Lower Income',6,17, 'Y', 'Y', 'N', 'img/student.jpg', 16);
insert into StudentInterestGroups (InterestGroupID, StudentEntityID)
values (12,186);
insert into StudentInterestGroups (InterestGroupID, StudentEntityID)
values (8,186);
insert into StudentInterestGroups (InterestGroupID, StudentEntityID)
values (9,186);
insert into StudentInterestGroups (InterestGroupID, StudentEntityID)
values (7,186);
insert into userEntity (UserName, EmailAddress, EntityType)
values ('FloraRobertsonO413', 'FloraRobertsonO413@broadway.edu', 'STUD');
insert into student (StudentEntityID, FirstName, LastName, MiddleInitial, StreetAddress, Country,City, State,ZipCode, StudentGradeLevel, StudentGPA, StudentACTScore, StudentSATScore, StudentEthnicity, StudentGender, IncomeLevel, DaysAbsent, HoursOfWorkPlaceExp, StudentAthleteFlag, StudentGraduationTrack, StudentEmploymentFlag, StudentImage,SchoolEntityID)
values (187, 'Flora', 'Robertson', 'O', '961 Amanda Run', 'USA','Laurastad','VA','20040','Senior', 2.79, 21, 1411,'Caucasian','Female','Middle Income',7,40, 'Y', 'Y', 'N', 'img/student.jpg', 16);
insert into StudentInterestGroups (InterestGroupID, StudentEntityID)
values (9,187);
insert into StudentInterestGroups (InterestGroupID, StudentEntityID)
values (12,187);
insert into StudentInterestGroups (InterestGroupID, StudentEntityID)
values (2,187);
insert into StudentInterestGroups (InterestGroupID, StudentEntityID)
values (1,187);
insert into StudentInterestGroups (InterestGroupID, StudentEntityID)
values (5,187);
insert into StudentInterestGroups (InterestGroupID, StudentEntityID)
values (4,187);
insert into userEntity (UserName, EmailAddress, EntityType)
values ('ChristopherVerdinE751', 'ChristopherVerdinE751@Louisa.edu', 'STUD');
insert into student (StudentEntityID, FirstName, LastName, MiddleInitial, StreetAddress, Country,City, State,ZipCode, StudentGradeLevel, StudentGPA, StudentACTScore, StudentSATScore, StudentEthnicity, StudentGender, IncomeLevel, DaysAbsent, HoursOfWorkPlaceExp, StudentAthleteFlag, StudentGraduationTrack, StudentEmploymentFlag, StudentImage,SchoolEntityID)
values (188, 'Christopher', 'Verdin', 'E', '81217 Jason Dam Suite 493', 'USA','Theresashire','VA','20040','Sophomore', 2.39, 0, 0,'Caucasian','Male','Middle Income',6,18, 'Y', 'Y', 'N', 'img/student.jpg', 12);
insert into StudentInterestGroups (InterestGroupID, StudentEntityID)
values (10,188);
insert into StudentInterestGroups (InterestGroupID, StudentEntityID)
values (12,188);
insert into StudentInterestGroups (InterestGroupID, StudentEntityID)
values (7,188);
insert into StudentInterestGroups (InterestGroupID, StudentEntityID)
values (11,188);
insert into StudentInterestGroups (InterestGroupID, StudentEntityID)
values (8,188);
insert into StudentInterestGroups (InterestGroupID, StudentEntityID)
values (3,188);
insert into StudentInterestGroups (InterestGroupID, StudentEntityID)
values (9,188);
insert into userEntity (UserName, EmailAddress, EntityType)
values ('JaimeJohnsonO832', 'JaimeJohnsonO832@broadway.edu', 'STUD');
insert into student (StudentEntityID, FirstName, LastName, MiddleInitial, StreetAddress, Country,City, State,ZipCode, StudentGradeLevel, StudentGPA, StudentACTScore, StudentSATScore, StudentEthnicity, StudentGender, IncomeLevel, DaysAbsent, HoursOfWorkPlaceExp, StudentAthleteFlag, StudentGraduationTrack, StudentEmploymentFlag, StudentImage,SchoolEntityID)
values (189, 'Jaime', 'Johnson', 'O', '4330 Atkins Place Suite 506', 'USA','Francofort','VA','20041','Freshmen', 3.81, 0, 0,'Hispanic','Male','Higher Income',4,19, 'N', 'Y', 'Y', 'img/student.jpg', 16);
insert into StudentInterestGroups (InterestGroupID, StudentEntityID)
values (2,189);
insert into StudentInterestGroups (InterestGroupID, StudentEntityID)
values (6,189);
insert into userEntity (UserName, EmailAddress, EntityType)
values ('GinaPattersonY382', 'GinaPattersonY382@rockingham.k12.va.us', 'STUD');
insert into student (StudentEntityID, FirstName, LastName, MiddleInitial, StreetAddress, Country,City, State,ZipCode, StudentGradeLevel, StudentGPA, StudentACTScore, StudentSATScore, StudentEthnicity, StudentGender, IncomeLevel, DaysAbsent, HoursOfWorkPlaceExp, StudentAthleteFlag, StudentGraduationTrack, StudentEmploymentFlag, StudentImage,SchoolEntityID)
values (190, 'Gina', 'Patterson', 'Y', '41061 Lance Via', 'USA','Grantstad','VA','20040','Freshmen', 2.24, 0, 0,'Caucasian','Female','Lower Income',10,11, 'Y', 'Y', 'N', 'img/student.jpg', 13);
insert into StudentInterestGroups (InterestGroupID, StudentEntityID)
values (8,190);
insert into userEntity (UserName, EmailAddress, EntityType)
values ('StephanieGonzalezC577', 'StephanieGonzalezC577@broadway.edu', 'STUD');
insert into student (StudentEntityID, FirstName, LastName, MiddleInitial, StreetAddress, Country,City, State,ZipCode, StudentGradeLevel, StudentGPA, StudentACTScore, StudentSATScore, StudentEthnicity, StudentGender, IncomeLevel, DaysAbsent, HoursOfWorkPlaceExp, StudentAthleteFlag, StudentGraduationTrack, StudentEmploymentFlag, StudentImage,SchoolEntityID)
values (191, 'Stephanie', 'Gonzalez', 'C', '54415 Jill Mountains', 'USA','Lake Nicholasshire','VA','20040','Senior', 1.63, 19, 977,'Caucasian','Female','Middle Income',10,30, 'N', 'N', 'Y', 'img/student.jpg', 16);
insert into StudentInterestGroups (InterestGroupID, StudentEntityID)
values (5,191);
insert into StudentInterestGroups (InterestGroupID, StudentEntityID)
values (1,191);
insert into StudentInterestGroups (InterestGroupID, StudentEntityID)
values (7,191);
insert into StudentInterestGroups (InterestGroupID, StudentEntityID)
values (2,191);
insert into StudentInterestGroups (InterestGroupID, StudentEntityID)
values (11,191);
insert into StudentInterestGroups (InterestGroupID, StudentEntityID)
values (8,191);
insert into StudentInterestGroups (InterestGroupID, StudentEntityID)
values (9,191);
insert into StudentInterestGroups (InterestGroupID, StudentEntityID)
values (12,191);
insert into userEntity (UserName, EmailAddress, EntityType)
values ('StephanSmithU627', 'StephanSmithU627@spotswood.edu', 'STUD');
insert into student (StudentEntityID, FirstName, LastName, MiddleInitial, StreetAddress, Country,City, State,ZipCode, StudentGradeLevel, StudentGPA, StudentACTScore, StudentSATScore, StudentEthnicity, StudentGender, IncomeLevel, DaysAbsent, HoursOfWorkPlaceExp, StudentAthleteFlag, StudentGraduationTrack, StudentEmploymentFlag, StudentImage,SchoolEntityID)
values (192, 'Stephan', 'Smith', 'U', '6260 Carey Knoll Suite 534', 'USA','Kennethberg','VA','20041','Sophomore', 2.91, 0, 0,'Caucasian','Male','Higher Income',0,23, 'N', 'Y', 'N', 'img/student.jpg', 14);
insert into StudentInterestGroups (InterestGroupID, StudentEntityID)
values (4,192);
insert into StudentInterestGroups (InterestGroupID, StudentEntityID)
values (10,192);
insert into StudentInterestGroups (InterestGroupID, StudentEntityID)
values (11,192);
insert into StudentInterestGroups (InterestGroupID, StudentEntityID)
values (12,192);
insert into userEntity (UserName, EmailAddress, EntityType)
values ('JonathanMarcheseI608', 'JonathanMarcheseI608@turnerAshby.edu', 'STUD');
insert into student (StudentEntityID, FirstName, LastName, MiddleInitial, StreetAddress, Country,City, State,ZipCode, StudentGradeLevel, StudentGPA, StudentACTScore, StudentSATScore, StudentEthnicity, StudentGender, IncomeLevel, DaysAbsent, HoursOfWorkPlaceExp, StudentAthleteFlag, StudentGraduationTrack, StudentEmploymentFlag, StudentImage,SchoolEntityID)
values (193, 'Jonathan', 'Marchese', 'I', '5382 Jason Forge Suite 046', 'USA','Lake Jennifer','VA','20041','Sophomore', 1.95, 0, 0,'Caucasian','Male','Higher Income',8,8, 'N', 'N', 'Y', 'img/student.jpg', 15);
insert into StudentInterestGroups (InterestGroupID, StudentEntityID)
values (8,193);
insert into StudentInterestGroups (InterestGroupID, StudentEntityID)
values (3,193);
insert into StudentInterestGroups (InterestGroupID, StudentEntityID)
values (11,193);
insert into StudentInterestGroups (InterestGroupID, StudentEntityID)
values (4,193);
insert into StudentInterestGroups (InterestGroupID, StudentEntityID)
values (1,193);
insert into StudentInterestGroups (InterestGroupID, StudentEntityID)
values (5,193);
insert into StudentInterestGroups (InterestGroupID, StudentEntityID)
values (7,193);
insert into userEntity (UserName, EmailAddress, EntityType)
values ('ArnoldDeeterA418', 'ArnoldDeeterA418@harrisonburg.edu', 'STUD');
insert into student (StudentEntityID, FirstName, LastName, MiddleInitial, StreetAddress, Country,City, State,ZipCode, StudentGradeLevel, StudentGPA, StudentACTScore, StudentSATScore, StudentEthnicity, StudentGender, IncomeLevel, DaysAbsent, HoursOfWorkPlaceExp, StudentAthleteFlag, StudentGraduationTrack, StudentEmploymentFlag, StudentImage,SchoolEntityID)
values (194, 'Arnold', 'Deeter', 'A', '25080 Perry Summit', 'USA','North Brandonburgh','VA','20040','Senior', 3.98, 32, 1226,'Caucasian','Other','Middle Income',5,44, 'N', 'Y', 'N', 'img/student.jpg', 17);
insert into StudentInterestGroups (InterestGroupID, StudentEntityID)
values (1,194);
insert into StudentInterestGroups (InterestGroupID, StudentEntityID)
values (4,194);
insert into StudentInterestGroups (InterestGroupID, StudentEntityID)
values (12,194);
insert into StudentInterestGroups (InterestGroupID, StudentEntityID)
values (7,194);
insert into StudentInterestGroups (InterestGroupID, StudentEntityID)
values (10,194);
insert into StudentInterestGroups (InterestGroupID, StudentEntityID)
values (9,194);
insert into userEntity (UserName, EmailAddress, EntityType)
values ('DavidGreenfeldQ295', 'DavidGreenfeldQ295@broadway.edu', 'STUD');
insert into student (StudentEntityID, FirstName, LastName, MiddleInitial, StreetAddress, Country,City, State,ZipCode, StudentGradeLevel, StudentGPA, StudentACTScore, StudentSATScore, StudentEthnicity, StudentGender, IncomeLevel, DaysAbsent, HoursOfWorkPlaceExp, StudentAthleteFlag, StudentGraduationTrack, StudentEmploymentFlag, StudentImage,SchoolEntityID)
values (195, 'David', 'Greenfeld', 'Q', '12423 George Branch Apt. 010', 'USA','Lisaborough','VA','20040','Senior', 2.21, 30, 984,'Caucasian','Male','Middle Income',5,36, 'Y', 'Y', 'Y', 'img/student.jpg', 16);
insert into StudentInterestGroups (InterestGroupID, StudentEntityID)
values (1,195);
insert into StudentInterestGroups (InterestGroupID, StudentEntityID)
values (10,195);
insert into StudentInterestGroups (InterestGroupID, StudentEntityID)
values (6,195);
insert into StudentInterestGroups (InterestGroupID, StudentEntityID)
values (5,195);
insert into StudentInterestGroups (InterestGroupID, StudentEntityID)
values (7,195);
insert into StudentInterestGroups (InterestGroupID, StudentEntityID)
values (9,195);
insert into userEntity (UserName, EmailAddress, EntityType)
values ('JenniferBautistaH984', 'JenniferBautistaH984@harrisonburg.edu', 'STUD');
insert into student (StudentEntityID, FirstName, LastName, MiddleInitial, StreetAddress, Country,City, State,ZipCode, StudentGradeLevel, StudentGPA, StudentACTScore, StudentSATScore, StudentEthnicity, StudentGender, IncomeLevel, DaysAbsent, HoursOfWorkPlaceExp, StudentAthleteFlag, StudentGraduationTrack, StudentEmploymentFlag, StudentImage,SchoolEntityID)
values (196, 'Jennifer', 'Bautista', 'H', '98534 Harris Extension', 'USA','Derekport','VA','20041','Sophomore', 3.39, 0, 0,'Hispanic','Other','Higher Income',3,21, 'Y', 'Y', 'N', 'img/student.jpg', 17);
insert into StudentInterestGroups (InterestGroupID, StudentEntityID)
values (1,196);
insert into StudentInterestGroups (InterestGroupID, StudentEntityID)
values (4,196);
insert into StudentInterestGroups (InterestGroupID, StudentEntityID)
values (7,196);
insert into StudentInterestGroups (InterestGroupID, StudentEntityID)
values (6,196);
insert into StudentInterestGroups (InterestGroupID, StudentEntityID)
values (5,196);
insert into userEntity (UserName, EmailAddress, EntityType)
values ('JohnJacksonN543', 'JohnJacksonN543@spotswood.edu', 'STUD');
insert into student (StudentEntityID, FirstName, LastName, MiddleInitial, StreetAddress, Country,City, State,ZipCode, StudentGradeLevel, StudentGPA, StudentACTScore, StudentSATScore, StudentEthnicity, StudentGender, IncomeLevel, DaysAbsent, HoursOfWorkPlaceExp, StudentAthleteFlag, StudentGraduationTrack, StudentEmploymentFlag, StudentImage,SchoolEntityID)
values (197, 'John', 'Jackson', 'N', '284 Robert Radial Apt. 762', 'USA','South Natasha','VA','20041','Junior', 3.55, 27, 1274,'Caucasian','Male','Higher Income',1,28, 'Y', 'Y', 'Y', 'img/student.jpg', 14);
insert into StudentInterestGroups (InterestGroupID, StudentEntityID)
values (6,197);
insert into StudentInterestGroups (InterestGroupID, StudentEntityID)
values (5,197);
insert into StudentInterestGroups (InterestGroupID, StudentEntityID)
values (11,197);
insert into StudentInterestGroups (InterestGroupID, StudentEntityID)
values (12,197);
insert into StudentInterestGroups (InterestGroupID, StudentEntityID)
values (8,197);
insert into StudentInterestGroups (InterestGroupID, StudentEntityID)
values (10,197);
insert into StudentInterestGroups (InterestGroupID, StudentEntityID)
values (1,197);
insert into StudentInterestGroups (InterestGroupID, StudentEntityID)
values (9,197);
insert into userEntity (UserName, EmailAddress, EntityType)
values ('AgnesLongA475', 'AgnesLongA475@turnerAshby.edu', 'STUD');
insert into student (StudentEntityID, FirstName, LastName, MiddleInitial, StreetAddress, Country,City, State,ZipCode, StudentGradeLevel, StudentGPA, StudentACTScore, StudentSATScore, StudentEthnicity, StudentGender, IncomeLevel, DaysAbsent, HoursOfWorkPlaceExp, StudentAthleteFlag, StudentGraduationTrack, StudentEmploymentFlag, StudentImage,SchoolEntityID)
values (198, 'Agnes', 'Long', 'A', '517 Jenna Vista Suite 033', 'USA','Beardshire','VA','20040','Sophomore', 3.71, 0, 0,'Caucasian','Female','Lower Income',3,24, 'Y', 'Y', 'N', 'img/student.jpg', 15);
insert into StudentInterestGroups (InterestGroupID, StudentEntityID)
values (2,198);
insert into StudentInterestGroups (InterestGroupID, StudentEntityID)
values (4,198);
insert into StudentInterestGroups (InterestGroupID, StudentEntityID)
values (5,198);
insert into StudentInterestGroups (InterestGroupID, StudentEntityID)
values (11,198);
insert into StudentInterestGroups (InterestGroupID, StudentEntityID)
values (6,198);
insert into StudentInterestGroups (InterestGroupID, StudentEntityID)
values (8,198);
insert into userEntity (UserName, EmailAddress, EntityType)
values ('AmandaHuffC708', 'AmandaHuffC708@Louisa.edu', 'STUD');
insert into student (StudentEntityID, FirstName, LastName, MiddleInitial, StreetAddress, Country,City, State,ZipCode, StudentGradeLevel, StudentGPA, StudentACTScore, StudentSATScore, StudentEthnicity, StudentGender, IncomeLevel, DaysAbsent, HoursOfWorkPlaceExp, StudentAthleteFlag, StudentGraduationTrack, StudentEmploymentFlag, StudentImage,SchoolEntityID)
values (199, 'Amanda', 'Huff', 'C', '963 Leslie Bypass Suite 175', 'USA','Kathleenport','VA','20041','Freshmen', 3.04, 0, 0,'Hispanic','Female','Middle Income',5,19, 'Y', 'Y', 'Y', 'img/student.jpg', 12);
insert into StudentInterestGroups (InterestGroupID, StudentEntityID)
values (8,199);
insert into StudentInterestGroups (InterestGroupID, StudentEntityID)
values (3,199);
insert into StudentInterestGroups (InterestGroupID, StudentEntityID)
values (11,199);
insert into StudentInterestGroups (InterestGroupID, StudentEntityID)
values (9,199);
insert into userEntity (UserName, EmailAddress, EntityType)
values ('DavidMunizW837', 'DavidMunizW837@turnerAshby.edu', 'STUD');
insert into student (StudentEntityID, FirstName, LastName, MiddleInitial, StreetAddress, Country,City, State,ZipCode, StudentGradeLevel, StudentGPA, StudentACTScore, StudentSATScore, StudentEthnicity, StudentGender, IncomeLevel, DaysAbsent, HoursOfWorkPlaceExp, StudentAthleteFlag, StudentGraduationTrack, StudentEmploymentFlag, StudentImage,SchoolEntityID)
values (200, 'David', 'Muniz', 'W', '81607 Turner Crest Apt. 842', 'USA','South Katie','VA','20041','Senior', 1.17, 17, 701,'Caucasian','Male','Higher Income',14,20, 'Y', 'N', 'N', 'img/student.jpg', 15);
insert into StudentInterestGroups (InterestGroupID, StudentEntityID)
values (3,200);
insert into StudentInterestGroups (InterestGroupID, StudentEntityID)
values (4,200);
insert into StudentInterestGroups (InterestGroupID, StudentEntityID)
values (11,200);
insert into userEntity (UserName, EmailAddress, EntityType)
values ('MichaelJacksonF324', 'MichaelJacksonF324@harrisonburg.edu', 'STUD');
insert into student (StudentEntityID, FirstName, LastName, MiddleInitial, StreetAddress, Country,City, State,ZipCode, StudentGradeLevel, StudentGPA, StudentACTScore, StudentSATScore, StudentEthnicity, StudentGender, IncomeLevel, DaysAbsent, HoursOfWorkPlaceExp, StudentAthleteFlag, StudentGraduationTrack, StudentEmploymentFlag, StudentImage,SchoolEntityID)
values (201, 'Michael', 'Jackson', 'F', '74592 Misty Park Apt. 249', 'USA','Hillchester','VA','20041','Junior', 3.81, 30, 1510,'Caucasian','Male','Lower Income',3,31, 'Y', 'Y', 'Y', 'img/student.jpg', 17);
insert into StudentInterestGroups (InterestGroupID, StudentEntityID)
values (3,201);
insert into StudentInterestGroups (InterestGroupID, StudentEntityID)
values (6,201);
insert into userEntity (UserName, EmailAddress, EntityType)
values ('FredericLesterH242', 'FredericLesterH242@turnerAshby.edu', 'STUD');
insert into student (StudentEntityID, FirstName, LastName, MiddleInitial, StreetAddress, Country,City, State,ZipCode, StudentGradeLevel, StudentGPA, StudentACTScore, StudentSATScore, StudentEthnicity, StudentGender, IncomeLevel, DaysAbsent, HoursOfWorkPlaceExp, StudentAthleteFlag, StudentGraduationTrack, StudentEmploymentFlag, StudentImage,SchoolEntityID)
values (202, 'Frederic', 'Lester', 'H', '37145 Velez Summit Suite 437', 'USA','Lindamouth','VA','20041','Junior', 1.96, 21, 1070,'Caucasian','Male','Middle Income',12,16, 'N', 'N', 'N', 'img/student.jpg', 15);
insert into StudentInterestGroups (InterestGroupID, StudentEntityID)
values (1,202);
insert into StudentInterestGroups (InterestGroupID, StudentEntityID)
values (6,202);
insert into StudentInterestGroups (InterestGroupID, StudentEntityID)
values (3,202);
insert into StudentInterestGroups (InterestGroupID, StudentEntityID)
values (8,202);
insert into StudentInterestGroups (InterestGroupID, StudentEntityID)
values (9,202);
insert into userEntity (UserName, EmailAddress, EntityType)
values ('DarrenHansenJ714', 'DarrenHansenJ714@harrisonburg.edu', 'STUD');
insert into student (StudentEntityID, FirstName, LastName, MiddleInitial, StreetAddress, Country,City, State,ZipCode, StudentGradeLevel, StudentGPA, StudentACTScore, StudentSATScore, StudentEthnicity, StudentGender, IncomeLevel, DaysAbsent, HoursOfWorkPlaceExp, StudentAthleteFlag, StudentGraduationTrack, StudentEmploymentFlag, StudentImage,SchoolEntityID)
values (203, 'Darren', 'Hansen', 'J', '02165 Christopher Forks Apt. 595', 'USA','Lake Justin','VA','20041','Junior', 2.54, 35, 1245,'Caucasian','Male','Middle Income',0,24, 'Y', 'Y', 'N', 'img/student.jpg', 17);
insert into StudentInterestGroups (InterestGroupID, StudentEntityID)
values (9,203);
insert into StudentInterestGroups (InterestGroupID, StudentEntityID)
values (4,203);
insert into StudentInterestGroups (InterestGroupID, StudentEntityID)
values (8,203);
insert into StudentInterestGroups (InterestGroupID, StudentEntityID)
values (7,203);
insert into StudentInterestGroups (InterestGroupID, StudentEntityID)
values (1,203);
insert into userEntity (UserName, EmailAddress, EntityType)
values ('NormaBarnesU463', 'NormaBarnesU463@spotswood.edu', 'STUD');
insert into student (StudentEntityID, FirstName, LastName, MiddleInitial, StreetAddress, Country,City, State,ZipCode, StudentGradeLevel, StudentGPA, StudentACTScore, StudentSATScore, StudentEthnicity, StudentGender, IncomeLevel, DaysAbsent, HoursOfWorkPlaceExp, StudentAthleteFlag, StudentGraduationTrack, StudentEmploymentFlag, StudentImage,SchoolEntityID)
values (204, 'Norma', 'Barnes', 'U', '4717 Anthony Freeway Suite 167', 'USA','Jakestad','VA','20040','Freshmen', 1.13, 0, 0,'Hispanic','Female','Lower Income',13,4, 'Y', 'N', 'N', 'img/student.jpg', 14);
insert into StudentInterestGroups (InterestGroupID, StudentEntityID)
values (8,204);
insert into StudentInterestGroups (InterestGroupID, StudentEntityID)
values (11,204);
insert into userEntity (UserName, EmailAddress, EntityType)
values ('BerthaRichardsonC379', 'BerthaRichardsonC379@turnerAshby.edu', 'STUD');
insert into student (StudentEntityID, FirstName, LastName, MiddleInitial, StreetAddress, Country,City, State,ZipCode, StudentGradeLevel, StudentGPA, StudentACTScore, StudentSATScore, StudentEthnicity, StudentGender, IncomeLevel, DaysAbsent, HoursOfWorkPlaceExp, StudentAthleteFlag, StudentGraduationTrack, StudentEmploymentFlag, StudentImage,SchoolEntityID)
values (205, 'Bertha', 'Richardson', 'C', '2679 Bush Terrace Apt. 694', 'USA','West Ryan','VA','20041','Junior', 1.22, 18, 1032,'African American','Female','Middle Income',13,12, 'Y', 'N', 'N', 'img/student.jpg', 15);
insert into StudentInterestGroups (InterestGroupID, StudentEntityID)
values (4,205);
insert into StudentInterestGroups (InterestGroupID, StudentEntityID)
values (5,205);
insert into StudentInterestGroups (InterestGroupID, StudentEntityID)
values (1,205);
insert into StudentInterestGroups (InterestGroupID, StudentEntityID)
values (6,205);
insert into StudentInterestGroups (InterestGroupID, StudentEntityID)
values (11,205);
insert into StudentInterestGroups (InterestGroupID, StudentEntityID)
values (10,205);
insert into userEntity (UserName, EmailAddress, EntityType)
values ('PattyBriggsC872', 'PattyBriggsC872@rockingham.k12.va.us', 'STUD');
insert into student (StudentEntityID, FirstName, LastName, MiddleInitial, StreetAddress, Country,City, State,ZipCode, StudentGradeLevel, StudentGPA, StudentACTScore, StudentSATScore, StudentEthnicity, StudentGender, IncomeLevel, DaysAbsent, HoursOfWorkPlaceExp, StudentAthleteFlag, StudentGraduationTrack, StudentEmploymentFlag, StudentImage,SchoolEntityID)
values (206, 'Patty', 'Briggs', 'C', '447 Garner Terrace Suite 217', 'USA','New Kristen','VA','20041','Junior', 3.86, 33, 1381,'Caucasian','Female','Lower Income',0,34, 'Y', 'Y', 'N', 'img/student.jpg', 13);
insert into StudentInterestGroups (InterestGroupID, StudentEntityID)
values (7,206);
insert into StudentInterestGroups (InterestGroupID, StudentEntityID)
values (5,206);
insert into StudentInterestGroups (InterestGroupID, StudentEntityID)
values (11,206);
insert into userEntity (UserName, EmailAddress, EntityType)
values ('RichardKruminsI844', 'RichardKruminsI844@spotswood.edu', 'STUD');
insert into student (StudentEntityID, FirstName, LastName, MiddleInitial, StreetAddress, Country,City, State,ZipCode, StudentGradeLevel, StudentGPA, StudentACTScore, StudentSATScore, StudentEthnicity, StudentGender, IncomeLevel, DaysAbsent, HoursOfWorkPlaceExp, StudentAthleteFlag, StudentGraduationTrack, StudentEmploymentFlag, StudentImage,SchoolEntityID)
values (207, 'Richard', 'Krumins', 'I', '96664 Peter Bridge Apt. 796', 'USA','North Lisaton','VA','20041','Sophomore', 1.05, 0, 0,'African American','Male','Lower Income',15,6, 'N', 'N', 'N', 'img/student.jpg', 14);
insert into StudentInterestGroups (InterestGroupID, StudentEntityID)
values (6,207);
insert into userEntity (UserName, EmailAddress, EntityType)
values ('JeffreyTraylorA397', 'JeffreyTraylorA397@turnerAshby.edu', 'STUD');
insert into student (StudentEntityID, FirstName, LastName, MiddleInitial, StreetAddress, Country,City, State,ZipCode, StudentGradeLevel, StudentGPA, StudentACTScore, StudentSATScore, StudentEthnicity, StudentGender, IncomeLevel, DaysAbsent, HoursOfWorkPlaceExp, StudentAthleteFlag, StudentGraduationTrack, StudentEmploymentFlag, StudentImage,SchoolEntityID)
values (208, 'Jeffrey', 'Traylor', 'A', '4872 Stephanie Trace Apt. 039', 'USA','Hannahview','VA','20040','Senior', 3.15, 27, 1301,'African American','Other','Lower Income',0,45, 'Y', 'Y', 'N', 'img/student.jpg', 15);
insert into StudentInterestGroups (InterestGroupID, StudentEntityID)
values (3,208);
insert into StudentInterestGroups (InterestGroupID, StudentEntityID)
values (6,208);
insert into StudentInterestGroups (InterestGroupID, StudentEntityID)
values (4,208);
insert into StudentInterestGroups (InterestGroupID, StudentEntityID)
values (9,208);
insert into StudentInterestGroups (InterestGroupID, StudentEntityID)
values (10,208);
insert into StudentInterestGroups (InterestGroupID, StudentEntityID)
values (8,208);
insert into userEntity (UserName, EmailAddress, EntityType)
values ('BettyDavisQ530', 'BettyDavisQ530@broadway.edu', 'STUD');
insert into student (StudentEntityID, FirstName, LastName, MiddleInitial, StreetAddress, Country,City, State,ZipCode, StudentGradeLevel, StudentGPA, StudentACTScore, StudentSATScore, StudentEthnicity, StudentGender, IncomeLevel, DaysAbsent, HoursOfWorkPlaceExp, StudentAthleteFlag, StudentGraduationTrack, StudentEmploymentFlag, StudentImage,SchoolEntityID)
values (209, 'Betty', 'Davis', 'Q', '96652 Melinda Manors', 'USA','South Beverlyside','VA','20040','Junior', 1.12, 10, 1093,'Caucasian','Female','Lower Income',15,15, 'N', 'N', 'N', 'img/student.jpg', 16);
insert into StudentInterestGroups (InterestGroupID, StudentEntityID)
values (3,209);
insert into StudentInterestGroups (InterestGroupID, StudentEntityID)
values (12,209);
insert into userEntity (UserName, EmailAddress, EntityType)
values ('JohnLerchO746', 'JohnLerchO746@harrisonburg.edu', 'STUD');
insert into student (StudentEntityID, FirstName, LastName, MiddleInitial, StreetAddress, Country,City, State,ZipCode, StudentGradeLevel, StudentGPA, StudentACTScore, StudentSATScore, StudentEthnicity, StudentGender, IncomeLevel, DaysAbsent, HoursOfWorkPlaceExp, StudentAthleteFlag, StudentGraduationTrack, StudentEmploymentFlag, StudentImage,SchoolEntityID)
values (210, 'John', 'Lerch', 'O', '833 Brown Ridge', 'USA','East Eric','VA','20041','Junior', 3.25, 27, 1386,'Caucasian','Male','Higher Income',3,31, 'Y', 'Y', 'Y', 'img/student.jpg', 17);
insert into StudentInterestGroups (InterestGroupID, StudentEntityID)
values (7,210);
insert into userEntity (UserName, EmailAddress, EntityType)
values ('RubyJohnsonY321', 'RubyJohnsonY321@harrisonburg.edu', 'STUD');
insert into student (StudentEntityID, FirstName, LastName, MiddleInitial, StreetAddress, Country,City, State,ZipCode, StudentGradeLevel, StudentGPA, StudentACTScore, StudentSATScore, StudentEthnicity, StudentGender, IncomeLevel, DaysAbsent, HoursOfWorkPlaceExp, StudentAthleteFlag, StudentGraduationTrack, StudentEmploymentFlag, StudentImage,SchoolEntityID)
values (211, 'Ruby', 'Johnson', 'Y', '00208 Davis Lakes Suite 332', 'USA','Johnsonside','VA','20040','Sophomore', 3.15, 0, 0,'Caucasian','Female','Middle Income',2,20, 'Y', 'Y', 'N', 'img/student.jpg', 17);
insert into StudentInterestGroups (InterestGroupID, StudentEntityID)
values (3,211);
insert into userEntity (UserName, EmailAddress, EntityType)
values ('AnaCookE349', 'AnaCookE349@rockingham.k12.va.us', 'STUD');
insert into student (StudentEntityID, FirstName, LastName, MiddleInitial, StreetAddress, Country,City, State,ZipCode, StudentGradeLevel, StudentGPA, StudentACTScore, StudentSATScore, StudentEthnicity, StudentGender, IncomeLevel, DaysAbsent, HoursOfWorkPlaceExp, StudentAthleteFlag, StudentGraduationTrack, StudentEmploymentFlag, StudentImage,SchoolEntityID)
values (212, 'Ana', 'Cook', 'E', '13535 Hernandez Hill Apt. 719', 'USA','East Linda','VA','20041','Freshmen', 3.67, 0, 0,'Asian','Female','Lower Income',4,19, 'N', 'Y', 'N', 'img/student.jpg', 13);
insert into StudentInterestGroups (InterestGroupID, StudentEntityID)
values (3,212);
insert into StudentInterestGroups (InterestGroupID, StudentEntityID)
values (1,212);
insert into StudentInterestGroups (InterestGroupID, StudentEntityID)
values (10,212);
insert into StudentInterestGroups (InterestGroupID, StudentEntityID)
values (8,212);
insert into userEntity (UserName, EmailAddress, EntityType)
values ('SallieCampbellB144', 'SallieCampbellB144@Louisa.edu', 'STUD');
insert into student (StudentEntityID, FirstName, LastName, MiddleInitial, StreetAddress, Country,City, State,ZipCode, StudentGradeLevel, StudentGPA, StudentACTScore, StudentSATScore, StudentEthnicity, StudentGender, IncomeLevel, DaysAbsent, HoursOfWorkPlaceExp, StudentAthleteFlag, StudentGraduationTrack, StudentEmploymentFlag, StudentImage,SchoolEntityID)
values (213, 'Sallie', 'Campbell', 'B', '5286 Hopkins Wells Suite 076', 'USA','Lake Debramouth','VA','20041','Sophomore', 3.17, 0, 0,'Caucasian','Female','Lower Income',1,20, 'N', 'Y', 'N', 'img/student.jpg', 12);
insert into StudentInterestGroups (InterestGroupID, StudentEntityID)
values (7,213);
insert into userEntity (UserName, EmailAddress, EntityType)
values ('LenaDupreR128', 'LenaDupreR128@Louisa.edu', 'STUD');
insert into student (StudentEntityID, FirstName, LastName, MiddleInitial, StreetAddress, Country,City, State,ZipCode, StudentGradeLevel, StudentGPA, StudentACTScore, StudentSATScore, StudentEthnicity, StudentGender, IncomeLevel, DaysAbsent, HoursOfWorkPlaceExp, StudentAthleteFlag, StudentGraduationTrack, StudentEmploymentFlag, StudentImage,SchoolEntityID)
values (214, 'Lena', 'Dupre', 'R', '297 Carol Common Suite 317', 'USA','Brittanyburgh','VA','20040','Freshmen', 3.84, 0, 0,'Caucasian','Female','Middle Income',4,15, 'N', 'Y', 'N', 'img/student.jpg', 12);
insert into StudentInterestGroups (InterestGroupID, StudentEntityID)
values (9,214);
insert into StudentInterestGroups (InterestGroupID, StudentEntityID)
values (12,214);
insert into StudentInterestGroups (InterestGroupID, StudentEntityID)
values (8,214);
insert into userEntity (UserName, EmailAddress, EntityType)
values ('SheilaPowellI222', 'SheilaPowellI222@turnerAshby.edu', 'STUD');
insert into student (StudentEntityID, FirstName, LastName, MiddleInitial, StreetAddress, Country,City, State,ZipCode, StudentGradeLevel, StudentGPA, StudentACTScore, StudentSATScore, StudentEthnicity, StudentGender, IncomeLevel, DaysAbsent, HoursOfWorkPlaceExp, StudentAthleteFlag, StudentGraduationTrack, StudentEmploymentFlag, StudentImage,SchoolEntityID)
values (215, 'Sheila', 'Powell', 'I', '72929 Tracy Route Suite 807', 'USA','Huffchester','VA','20040','Senior', 2.16, 23, 1232,'Hispanic','Female','Higher Income',7,39, 'Y', 'Y', 'N', 'img/student.jpg', 15);
insert into StudentInterestGroups (InterestGroupID, StudentEntityID)
values (8,215);
insert into StudentInterestGroups (InterestGroupID, StudentEntityID)
values (7,215);
insert into userEntity (UserName, EmailAddress, EntityType)
values ('StephenSpencerP232', 'StephenSpencerP232@harrisonburg.edu', 'STUD');
insert into student (StudentEntityID, FirstName, LastName, MiddleInitial, StreetAddress, Country,City, State,ZipCode, StudentGradeLevel, StudentGPA, StudentACTScore, StudentSATScore, StudentEthnicity, StudentGender, IncomeLevel, DaysAbsent, HoursOfWorkPlaceExp, StudentAthleteFlag, StudentGraduationTrack, StudentEmploymentFlag, StudentImage,SchoolEntityID)
values (216, 'Stephen', 'Spencer', 'P', '941 Valdez Bypass Suite 971', 'USA','Lake Michael','VA','20040','Junior', 2.75, 31, 917,'Caucasian','Male','Middle Income',5,22, 'Y', 'Y', 'N', 'img/student.jpg', 17);
insert into StudentInterestGroups (InterestGroupID, StudentEntityID)
values (10,216);
insert into StudentInterestGroups (InterestGroupID, StudentEntityID)
values (9,216);
insert into StudentInterestGroups (InterestGroupID, StudentEntityID)
values (1,216);
insert into StudentInterestGroups (InterestGroupID, StudentEntityID)
values (7,216);
insert into userEntity (UserName, EmailAddress, EntityType)
values ('JohnMartensB162', 'JohnMartensB162@harrisonburg.edu', 'STUD');
insert into student (StudentEntityID, FirstName, LastName, MiddleInitial, StreetAddress, Country,City, State,ZipCode, StudentGradeLevel, StudentGPA, StudentACTScore, StudentSATScore, StudentEthnicity, StudentGender, IncomeLevel, DaysAbsent, HoursOfWorkPlaceExp, StudentAthleteFlag, StudentGraduationTrack, StudentEmploymentFlag, StudentImage,SchoolEntityID)
values (217, 'John', 'Martens', 'B', '62797 Massey Villages Suite 520', 'USA','Joannatown','VA','20041','Senior', 1.01, 11, 1191,'Caucasian','Male','Middle Income',14,24, 'N', 'N', 'N', 'img/student.jpg', 17);
insert into StudentInterestGroups (InterestGroupID, StudentEntityID)
values (2,217);
insert into StudentInterestGroups (InterestGroupID, StudentEntityID)
values (4,217);
insert into userEntity (UserName, EmailAddress, EntityType)
values ('SheilaKelleyD228', 'SheilaKelleyD228@spotswood.edu', 'STUD');
insert into student (StudentEntityID, FirstName, LastName, MiddleInitial, StreetAddress, Country,City, State,ZipCode, StudentGradeLevel, StudentGPA, StudentACTScore, StudentSATScore, StudentEthnicity, StudentGender, IncomeLevel, DaysAbsent, HoursOfWorkPlaceExp, StudentAthleteFlag, StudentGraduationTrack, StudentEmploymentFlag, StudentImage,SchoolEntityID)
values (218, 'Sheila', 'Kelley', 'D', '9077 Arnold Row', 'USA','Watsonshire','VA','20040','Freshmen', 2.82, 0, 0,'Not selected or Other','Female','Lower Income',4,15, 'Y', 'Y', 'N', 'img/student.jpg', 14);
insert into StudentInterestGroups (InterestGroupID, StudentEntityID)
values (7,218);
insert into userEntity (UserName, EmailAddress, EntityType)
values ('AndreaCookK845', 'AndreaCookK845@Louisa.edu', 'STUD');
insert into student (StudentEntityID, FirstName, LastName, MiddleInitial, StreetAddress, Country,City, State,ZipCode, StudentGradeLevel, StudentGPA, StudentACTScore, StudentSATScore, StudentEthnicity, StudentGender, IncomeLevel, DaysAbsent, HoursOfWorkPlaceExp, StudentAthleteFlag, StudentGraduationTrack, StudentEmploymentFlag, StudentImage,SchoolEntityID)
values (219, 'Andrea', 'Cook', 'K', '204 Tammie Parkways', 'USA','Tammyville','VA','20040','Senior', 2.64, 26, 1337,'Caucasian','Female','Middle Income',2,33, 'Y', 'Y', 'N', 'img/student.jpg', 12);
insert into StudentInterestGroups (InterestGroupID, StudentEntityID)
values (1,219);
insert into StudentInterestGroups (InterestGroupID, StudentEntityID)
values (4,219);
insert into StudentInterestGroups (InterestGroupID, StudentEntityID)
values (7,219);
insert into StudentInterestGroups (InterestGroupID, StudentEntityID)
values (3,219);
insert into StudentInterestGroups (InterestGroupID, StudentEntityID)
values (9,219);
insert into StudentInterestGroups (InterestGroupID, StudentEntityID)
values (8,219);
insert into StudentInterestGroups (InterestGroupID, StudentEntityID)
values (6,219);
insert into StudentInterestGroups (InterestGroupID, StudentEntityID)
values (12,219);
insert into userEntity (UserName, EmailAddress, EntityType)
values ('ThomasCollierK967', 'ThomasCollierK967@Louisa.edu', 'STUD');
insert into student (StudentEntityID, FirstName, LastName, MiddleInitial, StreetAddress, Country,City, State,ZipCode, StudentGradeLevel, StudentGPA, StudentACTScore, StudentSATScore, StudentEthnicity, StudentGender, IncomeLevel, DaysAbsent, HoursOfWorkPlaceExp, StudentAthleteFlag, StudentGraduationTrack, StudentEmploymentFlag, StudentImage,SchoolEntityID)
values (220, 'Thomas', 'Collier', 'K', '4462 Douglas Falls Apt. 770', 'USA','South Maria','VA','20040','Freshmen', 3.59, 0, 0,'Caucasian','Male','Higher Income',2,15, 'Y', 'Y', 'N', 'img/student.jpg', 12);
insert into StudentInterestGroups (InterestGroupID, StudentEntityID)
values (10,220);
insert into StudentInterestGroups (InterestGroupID, StudentEntityID)
values (9,220);
insert into userEntity (UserName, EmailAddress, EntityType)
values ('RichardSalasZ240', 'RichardSalasZ240@harrisonburg.edu', 'STUD');
insert into student (StudentEntityID, FirstName, LastName, MiddleInitial, StreetAddress, Country,City, State,ZipCode, StudentGradeLevel, StudentGPA, StudentACTScore, StudentSATScore, StudentEthnicity, StudentGender, IncomeLevel, DaysAbsent, HoursOfWorkPlaceExp, StudentAthleteFlag, StudentGraduationTrack, StudentEmploymentFlag, StudentImage,SchoolEntityID)
values (221, 'Richard', 'Salas', 'Z', '15586 Kimberly Skyway Apt. 425', 'USA','Johnberg','VA','20041','Junior', 3.64, 33, 1428,'African American','Male','Middle Income',1,29, 'Y', 'Y', 'N', 'img/student.jpg', 17);
insert into StudentInterestGroups (InterestGroupID, StudentEntityID)
values (11,221);
insert into StudentInterestGroups (InterestGroupID, StudentEntityID)
values (7,221);
insert into userEntity (UserName, EmailAddress, EntityType)
values ('LolaAlvaradoD884', 'LolaAlvaradoD884@broadway.edu', 'STUD');
insert into student (StudentEntityID, FirstName, LastName, MiddleInitial, StreetAddress, Country,City, State,ZipCode, StudentGradeLevel, StudentGPA, StudentACTScore, StudentSATScore, StudentEthnicity, StudentGender, IncomeLevel, DaysAbsent, HoursOfWorkPlaceExp, StudentAthleteFlag, StudentGraduationTrack, StudentEmploymentFlag, StudentImage,SchoolEntityID)
values (222, 'Lola', 'Alvarado', 'D', '9603 Katherine Estate Apt. 690', 'USA','Chenfurt','VA','20041','Senior', 2.05, 30, 1066,'Caucasian','Female','Lower Income',15,38, 'Y', 'Y', 'N', 'img/student.jpg', 16);
insert into StudentInterestGroups (InterestGroupID, StudentEntityID)
values (6,222);
insert into StudentInterestGroups (InterestGroupID, StudentEntityID)
values (5,222);
insert into StudentInterestGroups (InterestGroupID, StudentEntityID)
values (8,222);
insert into StudentInterestGroups (InterestGroupID, StudentEntityID)
values (3,222);
insert into StudentInterestGroups (InterestGroupID, StudentEntityID)
values (11,222);
insert into StudentInterestGroups (InterestGroupID, StudentEntityID)
values (12,222);
insert into userEntity (UserName, EmailAddress, EntityType)
values ('JesusHardyM2', 'JesusHardyM2@spotswood.edu', 'STUD');
insert into student (StudentEntityID, FirstName, LastName, MiddleInitial, StreetAddress, Country,City, State,ZipCode, StudentGradeLevel, StudentGPA, StudentACTScore, StudentSATScore, StudentEthnicity, StudentGender, IncomeLevel, DaysAbsent, HoursOfWorkPlaceExp, StudentAthleteFlag, StudentGraduationTrack, StudentEmploymentFlag, StudentImage,SchoolEntityID)
values (223, 'Jesus', 'Hardy', 'M', '260 Mills Via', 'USA','West Bradleymouth','VA','20040','Senior', 1.81, 19, 913,'Caucasian','Male','Middle Income',9,35, 'N', 'N', 'N', 'img/student.jpg', 14);
insert into StudentInterestGroups (InterestGroupID, StudentEntityID)
values (9,223);
insert into userEntity (UserName, EmailAddress, EntityType)
values ('JerryCastroF71', 'JerryCastroF71@harrisonburg.edu', 'STUD');
insert into student (StudentEntityID, FirstName, LastName, MiddleInitial, StreetAddress, Country,City, State,ZipCode, StudentGradeLevel, StudentGPA, StudentACTScore, StudentSATScore, StudentEthnicity, StudentGender, IncomeLevel, DaysAbsent, HoursOfWorkPlaceExp, StudentAthleteFlag, StudentGraduationTrack, StudentEmploymentFlag, StudentImage,SchoolEntityID)
values (224, 'Jerry', 'Castro', 'F', '828 Edward Springs Apt. 452', 'USA','North Diana','VA','20040','Senior', 3.15, 35, 1451,'Caucasian','Male','Middle Income',1,44, 'N', 'Y', 'Y', 'img/student.jpg', 17);
insert into StudentInterestGroups (InterestGroupID, StudentEntityID)
values (3,224);
insert into userEntity (UserName, EmailAddress, EntityType)
values ('LilaHernandezJ503', 'LilaHernandezJ503@rockingham.k12.va.us', 'STUD');
insert into student (StudentEntityID, FirstName, LastName, MiddleInitial, StreetAddress, Country,City, State,ZipCode, StudentGradeLevel, StudentGPA, StudentACTScore, StudentSATScore, StudentEthnicity, StudentGender, IncomeLevel, DaysAbsent, HoursOfWorkPlaceExp, StudentAthleteFlag, StudentGraduationTrack, StudentEmploymentFlag, StudentImage,SchoolEntityID)
values (225, 'Lila', 'Hernandez', 'J', '723 Phillips Common Apt. 107', 'USA','Port Lisa','VA','20041','Senior', 3.16, 28, 1253,'Caucasian','Female','Higher Income',3,45, 'N', 'Y', 'Y', 'img/student.jpg', 13);
insert into StudentInterestGroups (InterestGroupID, StudentEntityID)
values (11,225);
insert into StudentInterestGroups (InterestGroupID, StudentEntityID)
values (5,225);
insert into StudentInterestGroups (InterestGroupID, StudentEntityID)
values (3,225);
insert into StudentInterestGroups (InterestGroupID, StudentEntityID)
values (7,225);
insert into StudentInterestGroups (InterestGroupID, StudentEntityID)
values (6,225);
insert into StudentInterestGroups (InterestGroupID, StudentEntityID)
values (10,225);
insert into StudentInterestGroups (InterestGroupID, StudentEntityID)
values (12,225);
insert into StudentInterestGroups (InterestGroupID, StudentEntityID)
values (9,225);
insert into userEntity (UserName, EmailAddress, EntityType)
values ('EricZimmermanB878', 'EricZimmermanB878@rockingham.k12.va.us', 'STUD');
insert into student (StudentEntityID, FirstName, LastName, MiddleInitial, StreetAddress, Country,City, State,ZipCode, StudentGradeLevel, StudentGPA, StudentACTScore, StudentSATScore, StudentEthnicity, StudentGender, IncomeLevel, DaysAbsent, HoursOfWorkPlaceExp, StudentAthleteFlag, StudentGraduationTrack, StudentEmploymentFlag, StudentImage,SchoolEntityID)
values (226, 'Eric', 'Zimmerman', 'B', '1240 Richard Cliffs Suite 332', 'USA','Cherylmouth','VA','20040','Sophomore', 2.64, 0, 0,'Caucasian','Male','Middle Income',4,24, 'Y', 'Y', 'N', 'img/student.jpg', 13);
insert into StudentInterestGroups (InterestGroupID, StudentEntityID)
values (3,226);
insert into StudentInterestGroups (InterestGroupID, StudentEntityID)
values (1,226);
insert into userEntity (UserName, EmailAddress, EntityType)
values ('SophiePirogD486', 'SophiePirogD486@spotswood.edu', 'STUD');
insert into student (StudentEntityID, FirstName, LastName, MiddleInitial, StreetAddress, Country,City, State,ZipCode, StudentGradeLevel, StudentGPA, StudentACTScore, StudentSATScore, StudentEthnicity, StudentGender, IncomeLevel, DaysAbsent, HoursOfWorkPlaceExp, StudentAthleteFlag, StudentGraduationTrack, StudentEmploymentFlag, StudentImage,SchoolEntityID)
values (227, 'Sophie', 'Pirog', 'D', '013 Amanda Haven Suite 751', 'USA','Lake Jason','VA','20041','Freshmen', 1.94, 0, 0,'Caucasian','Female','Middle Income',14,6, 'N', 'N', 'Y', 'img/student.jpg', 14);
insert into StudentInterestGroups (InterestGroupID, StudentEntityID)
values (3,227);
insert into userEntity (UserName, EmailAddress, EntityType)
values ('ArthurWallaceI685', 'ArthurWallaceI685@broadway.edu', 'STUD');
insert into student (StudentEntityID, FirstName, LastName, MiddleInitial, StreetAddress, Country,City, State,ZipCode, StudentGradeLevel, StudentGPA, StudentACTScore, StudentSATScore, StudentEthnicity, StudentGender, IncomeLevel, DaysAbsent, HoursOfWorkPlaceExp, StudentAthleteFlag, StudentGraduationTrack, StudentEmploymentFlag, StudentImage,SchoolEntityID)
values (228, 'Arthur', 'Wallace', 'I', '7355 Diana Burg', 'USA','Rodriguezstad','VA','20041','Sophomore', 3.01, 0, 0,'Hispanic','Male','Middle Income',1,25, 'Y', 'Y', 'Y', 'img/student.jpg', 16);
insert into StudentInterestGroups (InterestGroupID, StudentEntityID)
values (8,228);
insert into StudentInterestGroups (InterestGroupID, StudentEntityID)
values (7,228);
insert into StudentInterestGroups (InterestGroupID, StudentEntityID)
values (10,228);
insert into StudentInterestGroups (InterestGroupID, StudentEntityID)
values (4,228);
insert into StudentInterestGroups (InterestGroupID, StudentEntityID)
values (11,228);
insert into userEntity (UserName, EmailAddress, EntityType)
values ('LisaMarshallJ314', 'LisaMarshallJ314@broadway.edu', 'STUD');
insert into student (StudentEntityID, FirstName, LastName, MiddleInitial, StreetAddress, Country,City, State,ZipCode, StudentGradeLevel, StudentGPA, StudentACTScore, StudentSATScore, StudentEthnicity, StudentGender, IncomeLevel, DaysAbsent, HoursOfWorkPlaceExp, StudentAthleteFlag, StudentGraduationTrack, StudentEmploymentFlag, StudentImage,SchoolEntityID)
values (229, 'Lisa', 'Marshall', 'J', '148 Fleming Road Suite 088', 'USA','Joyhaven','VA','20041','Senior', 2.09, 30, 1278,'Caucasian','Female','Middle Income',9,35, 'Y', 'Y', 'N', 'img/student.jpg', 16);
insert into StudentInterestGroups (InterestGroupID, StudentEntityID)
values (5,229);
insert into StudentInterestGroups (InterestGroupID, StudentEntityID)
values (4,229);
insert into StudentInterestGroups (InterestGroupID, StudentEntityID)
values (10,229);
insert into userEntity (UserName, EmailAddress, EntityType)
values ('RyanKeysL703', 'RyanKeysL703@broadway.edu', 'STUD');
insert into student (StudentEntityID, FirstName, LastName, MiddleInitial, StreetAddress, Country,City, State,ZipCode, StudentGradeLevel, StudentGPA, StudentACTScore, StudentSATScore, StudentEthnicity, StudentGender, IncomeLevel, DaysAbsent, HoursOfWorkPlaceExp, StudentAthleteFlag, StudentGraduationTrack, StudentEmploymentFlag, StudentImage,SchoolEntityID)
values (230, 'Ryan', 'Keys', 'L', '8530 Crystal Shore Apt. 258', 'USA','Port Nicole','VA','20041','Junior', 3.36, 33, 1136,'Pacific Islander','Male','Higher Income',1,34, 'Y', 'Y', 'Y', 'img/student.jpg', 16);
insert into StudentInterestGroups (InterestGroupID, StudentEntityID)
values (11,230);
insert into StudentInterestGroups (InterestGroupID, StudentEntityID)
values (4,230);
insert into StudentInterestGroups (InterestGroupID, StudentEntityID)
values (7,230);
insert into StudentInterestGroups (InterestGroupID, StudentEntityID)
values (1,230);
insert into StudentInterestGroups (InterestGroupID, StudentEntityID)
values (2,230);
insert into StudentInterestGroups (InterestGroupID, StudentEntityID)
values (10,230);
insert into StudentInterestGroups (InterestGroupID, StudentEntityID)
values (9,230);
insert into userEntity (UserName, EmailAddress, EntityType)
values ('WesleyMartinH353', 'WesleyMartinH353@spotswood.edu', 'STUD');
insert into student (StudentEntityID, FirstName, LastName, MiddleInitial, StreetAddress, Country,City, State,ZipCode, StudentGradeLevel, StudentGPA, StudentACTScore, StudentSATScore, StudentEthnicity, StudentGender, IncomeLevel, DaysAbsent, HoursOfWorkPlaceExp, StudentAthleteFlag, StudentGraduationTrack, StudentEmploymentFlag, StudentImage,SchoolEntityID)
values (231, 'Wesley', 'Martin', 'H', '76465 Jared Center Apt. 735', 'USA','North Vanessa','VA','20041','Freshmen', 2.33, 0, 0,'Caucasian','Male','Middle Income',13,13, 'Y', 'Y', 'N', 'img/student.jpg', 14);
insert into StudentInterestGroups (InterestGroupID, StudentEntityID)
values (7,231);
insert into StudentInterestGroups (InterestGroupID, StudentEntityID)
values (10,231);
insert into userEntity (UserName, EmailAddress, EntityType)
values ('CharlesStevensA810', 'CharlesStevensA810@spotswood.edu', 'STUD');
insert into student (StudentEntityID, FirstName, LastName, MiddleInitial, StreetAddress, Country,City, State,ZipCode, StudentGradeLevel, StudentGPA, StudentACTScore, StudentSATScore, StudentEthnicity, StudentGender, IncomeLevel, DaysAbsent, HoursOfWorkPlaceExp, StudentAthleteFlag, StudentGraduationTrack, StudentEmploymentFlag, StudentImage,SchoolEntityID)
values (232, 'Charles', 'Stevens', 'A', '9263 Colin Crossing', 'USA','Williamsmouth','VA','20040','Freshmen', 2.62, 0, 0,'Caucasian','Other','Higher Income',7,10, 'Y', 'Y', 'Y', 'img/student.jpg', 14);
insert into StudentInterestGroups (InterestGroupID, StudentEntityID)
values (4,232);
insert into StudentInterestGroups (InterestGroupID, StudentEntityID)
values (11,232);
insert into StudentInterestGroups (InterestGroupID, StudentEntityID)
values (3,232);
insert into userEntity (UserName, EmailAddress, EntityType)
values ('SharonMarinC306', 'SharonMarinC306@rockingham.k12.va.us', 'STUD');
insert into student (StudentEntityID, FirstName, LastName, MiddleInitial, StreetAddress, Country,City, State,ZipCode, StudentGradeLevel, StudentGPA, StudentACTScore, StudentSATScore, StudentEthnicity, StudentGender, IncomeLevel, DaysAbsent, HoursOfWorkPlaceExp, StudentAthleteFlag, StudentGraduationTrack, StudentEmploymentFlag, StudentImage,SchoolEntityID)
values (233, 'Sharon', 'Marin', 'C', '266 Jonathan Row', 'USA','Millerville','VA','20040','Sophomore', 3.3, 0, 0,'Hispanic','Female','Middle Income',4,19, 'N', 'Y', 'N', 'img/student.jpg', 13);
insert into StudentInterestGroups (InterestGroupID, StudentEntityID)
values (7,233);
insert into userEntity (UserName, EmailAddress, EntityType)
values ('AdaRagoM52', 'AdaRagoM52@broadway.edu', 'STUD');
insert into student (StudentEntityID, FirstName, LastName, MiddleInitial, StreetAddress, Country,City, State,ZipCode, StudentGradeLevel, StudentGPA, StudentACTScore, StudentSATScore, StudentEthnicity, StudentGender, IncomeLevel, DaysAbsent, HoursOfWorkPlaceExp, StudentAthleteFlag, StudentGraduationTrack, StudentEmploymentFlag, StudentImage,SchoolEntityID)
values (234, 'Ada', 'Rago', 'M', '053 Darryl Glens', 'USA','Port Valeriemouth','VA','20041','Sophomore', 2.46, 0, 0,'Caucasian','Female','Middle Income',8,19, 'N', 'Y', 'Y', 'img/student.jpg', 16);
insert into StudentInterestGroups (InterestGroupID, StudentEntityID)
values (7,234);
insert into StudentInterestGroups (InterestGroupID, StudentEntityID)
values (5,234);
insert into StudentInterestGroups (InterestGroupID, StudentEntityID)
values (10,234);
insert into userEntity (UserName, EmailAddress, EntityType)
values ('MattieLowryX142', 'MattieLowryX142@harrisonburg.edu', 'STUD');
insert into student (StudentEntityID, FirstName, LastName, MiddleInitial, StreetAddress, Country,City, State,ZipCode, StudentGradeLevel, StudentGPA, StudentACTScore, StudentSATScore, StudentEthnicity, StudentGender, IncomeLevel, DaysAbsent, HoursOfWorkPlaceExp, StudentAthleteFlag, StudentGraduationTrack, StudentEmploymentFlag, StudentImage,SchoolEntityID)
values (235, 'Mattie', 'Lowry', 'X', '38465 Rodgers Trail', 'USA','Johnsonstad','VA','20041','Junior', 1.27, 14, 810,'Not selected or Other','Female','Lower Income',15,17, 'N', 'N', 'N', 'img/student.jpg', 17);
insert into StudentInterestGroups (InterestGroupID, StudentEntityID)
values (4,235);
insert into StudentInterestGroups (InterestGroupID, StudentEntityID)
values (10,235);
insert into StudentInterestGroups (InterestGroupID, StudentEntityID)
values (5,235);
insert into userEntity (UserName, EmailAddress, EntityType)
values ('JeffLipeF188', 'JeffLipeF188@broadway.edu', 'STUD');
insert into student (StudentEntityID, FirstName, LastName, MiddleInitial, StreetAddress, Country,City, State,ZipCode, StudentGradeLevel, StudentGPA, StudentACTScore, StudentSATScore, StudentEthnicity, StudentGender, IncomeLevel, DaysAbsent, HoursOfWorkPlaceExp, StudentAthleteFlag, StudentGraduationTrack, StudentEmploymentFlag, StudentImage,SchoolEntityID)
values (236, 'Jeff', 'Lipe', 'F', '1613 Ana Well Suite 796', 'USA','Allentown','VA','20041','Senior', 1.64, 20, 829,'Caucasian','Male','Higher Income',10,23, 'N', 'N', 'N', 'img/student.jpg', 16);
insert into StudentInterestGroups (InterestGroupID, StudentEntityID)
values (8,236);
insert into StudentInterestGroups (InterestGroupID, StudentEntityID)
values (5,236);
insert into StudentInterestGroups (InterestGroupID, StudentEntityID)
values (6,236);
insert into StudentInterestGroups (InterestGroupID, StudentEntityID)
values (3,236);
insert into StudentInterestGroups (InterestGroupID, StudentEntityID)
values (2,236);
insert into userEntity (UserName, EmailAddress, EntityType)
values ('ShaneMitchellT296', 'ShaneMitchellT296@rockingham.k12.va.us', 'STUD');
insert into student (StudentEntityID, FirstName, LastName, MiddleInitial, StreetAddress, Country,City, State,ZipCode, StudentGradeLevel, StudentGPA, StudentACTScore, StudentSATScore, StudentEthnicity, StudentGender, IncomeLevel, DaysAbsent, HoursOfWorkPlaceExp, StudentAthleteFlag, StudentGraduationTrack, StudentEmploymentFlag, StudentImage,SchoolEntityID)
values (237, 'Shane', 'Mitchell', 'T', '403 Joshua Trace', 'USA','Hatfieldview','VA','20041','Sophomore', 1.69, 0, 0,'African American','Male','Middle Income',12,10, 'Y', 'N', 'N', 'img/student.jpg', 13);
insert into StudentInterestGroups (InterestGroupID, StudentEntityID)
values (8,237);
insert into StudentInterestGroups (InterestGroupID, StudentEntityID)
values (6,237);
insert into StudentInterestGroups (InterestGroupID, StudentEntityID)
values (7,237);
insert into StudentInterestGroups (InterestGroupID, StudentEntityID)
values (4,237);
insert into StudentInterestGroups (InterestGroupID, StudentEntityID)
values (3,237);
insert into userEntity (UserName, EmailAddress, EntityType)
values ('LauraWoodruffK533', 'LauraWoodruffK533@Louisa.edu', 'STUD');
insert into student (StudentEntityID, FirstName, LastName, MiddleInitial, StreetAddress, Country,City, State,ZipCode, StudentGradeLevel, StudentGPA, StudentACTScore, StudentSATScore, StudentEthnicity, StudentGender, IncomeLevel, DaysAbsent, HoursOfWorkPlaceExp, StudentAthleteFlag, StudentGraduationTrack, StudentEmploymentFlag, StudentImage,SchoolEntityID)
values (238, 'Laura', 'Woodruff', 'K', '7975 Samuel Road', 'USA','North Danny','VA','20040','Sophomore', 2.91, 0, 0,'African American','Female','Middle Income',5,16, 'Y', 'Y', 'N', 'img/student.jpg', 12);
insert into StudentInterestGroups (InterestGroupID, StudentEntityID)
values (4,238);
insert into userEntity (UserName, EmailAddress, EntityType)
values ('RobertDeatonN63', 'RobertDeatonN63@harrisonburg.edu', 'STUD');
insert into student (StudentEntityID, FirstName, LastName, MiddleInitial, StreetAddress, Country,City, State,ZipCode, StudentGradeLevel, StudentGPA, StudentACTScore, StudentSATScore, StudentEthnicity, StudentGender, IncomeLevel, DaysAbsent, HoursOfWorkPlaceExp, StudentAthleteFlag, StudentGraduationTrack, StudentEmploymentFlag, StudentImage,SchoolEntityID)
values (239, 'Robert', 'Deaton', 'N', '1191 Schneider Avenue', 'USA','Lake Andrew','VA','20041','Sophomore', 3.79, 0, 0,'Caucasian','Male','Middle Income',3,21, 'Y', 'Y', 'Y', 'img/student.jpg', 17);
insert into StudentInterestGroups (InterestGroupID, StudentEntityID)
values (2,239);
insert into StudentInterestGroups (InterestGroupID, StudentEntityID)
values (1,239);
insert into StudentInterestGroups (InterestGroupID, StudentEntityID)
values (7,239);
insert into userEntity (UserName, EmailAddress, EntityType)
values ('KatherineGonzalesS188', 'KatherineGonzalesS188@Louisa.edu', 'STUD');
insert into student (StudentEntityID, FirstName, LastName, MiddleInitial, StreetAddress, Country,City, State,ZipCode, StudentGradeLevel, StudentGPA, StudentACTScore, StudentSATScore, StudentEthnicity, StudentGender, IncomeLevel, DaysAbsent, HoursOfWorkPlaceExp, StudentAthleteFlag, StudentGraduationTrack, StudentEmploymentFlag, StudentImage,SchoolEntityID)
values (240, 'Katherine', 'Gonzales', 'S', '4864 Hines Street', 'USA','Serranofurt','VA','20041','Junior', 2.95, 33, 922,'Caucasian','Female','Middle Income',7,31, 'Y', 'Y', 'N', 'img/student.jpg', 12);
insert into StudentInterestGroups (InterestGroupID, StudentEntityID)
values (1,240);
insert into StudentInterestGroups (InterestGroupID, StudentEntityID)
values (3,240);
insert into StudentInterestGroups (InterestGroupID, StudentEntityID)
values (8,240);
insert into StudentInterestGroups (InterestGroupID, StudentEntityID)
values (2,240);
insert into StudentInterestGroups (InterestGroupID, StudentEntityID)
values (7,240);
insert into StudentInterestGroups (InterestGroupID, StudentEntityID)
values (11,240);
insert into StudentInterestGroups (InterestGroupID, StudentEntityID)
values (5,240);
insert into StudentInterestGroups (InterestGroupID, StudentEntityID)
values (9,240);
insert into userEntity (UserName, EmailAddress, EntityType)
values ('NancyHeinG267', 'NancyHeinG267@rockingham.k12.va.us', 'STUD');
insert into student (StudentEntityID, FirstName, LastName, MiddleInitial, StreetAddress, Country,City, State,ZipCode, StudentGradeLevel, StudentGPA, StudentACTScore, StudentSATScore, StudentEthnicity, StudentGender, IncomeLevel, DaysAbsent, HoursOfWorkPlaceExp, StudentAthleteFlag, StudentGraduationTrack, StudentEmploymentFlag, StudentImage,SchoolEntityID)
values (241, 'Nancy', 'Hein', 'G', '21799 Garcia Way', 'USA','Loribury','VA','20040','Junior', 2.07, 19, 959,'Caucasian','Female','Higher Income',3,23, 'Y', 'Y', 'N', 'img/student.jpg', 13);
insert into StudentInterestGroups (InterestGroupID, StudentEntityID)
values (5,241);
insert into StudentInterestGroups (InterestGroupID, StudentEntityID)
values (6,241);
insert into StudentInterestGroups (InterestGroupID, StudentEntityID)
values (7,241);
insert into userEntity (UserName, EmailAddress, EntityType)
values ('BillieHollandC952', 'BillieHollandC952@broadway.edu', 'STUD');
insert into student (StudentEntityID, FirstName, LastName, MiddleInitial, StreetAddress, Country,City, State,ZipCode, StudentGradeLevel, StudentGPA, StudentACTScore, StudentSATScore, StudentEthnicity, StudentGender, IncomeLevel, DaysAbsent, HoursOfWorkPlaceExp, StudentAthleteFlag, StudentGraduationTrack, StudentEmploymentFlag, StudentImage,SchoolEntityID)
values (242, 'Billie', 'Holland', 'C', '3426 Fisher Glen', 'USA','Erikview','VA','20041','Freshmen', 3.05, 0, 0,'Caucasian','Female','Higher Income',2,14, 'N', 'Y', 'Y', 'img/student.jpg', 16);
insert into StudentInterestGroups (InterestGroupID, StudentEntityID)
values (11,242);
insert into StudentInterestGroups (InterestGroupID, StudentEntityID)
values (1,242);
insert into StudentInterestGroups (InterestGroupID, StudentEntityID)
values (5,242);
insert into StudentInterestGroups (InterestGroupID, StudentEntityID)
values (2,242);
insert into StudentInterestGroups (InterestGroupID, StudentEntityID)
values (6,242);
insert into userEntity (UserName, EmailAddress, EntityType)
values ('ToniJeffersonY439', 'ToniJeffersonY439@Louisa.edu', 'STUD');
insert into student (StudentEntityID, FirstName, LastName, MiddleInitial, StreetAddress, Country,City, State,ZipCode, StudentGradeLevel, StudentGPA, StudentACTScore, StudentSATScore, StudentEthnicity, StudentGender, IncomeLevel, DaysAbsent, HoursOfWorkPlaceExp, StudentAthleteFlag, StudentGraduationTrack, StudentEmploymentFlag, StudentImage,SchoolEntityID)
values (243, 'Toni', 'Jefferson', 'Y', '675 Mark Harbor Apt. 489', 'USA','Perezchester','VA','20040','Sophomore', 2.71, 0, 0,'Caucasian','Female','Higher Income',5,15, 'Y', 'Y', 'Y', 'img/student.jpg', 12);
insert into StudentInterestGroups (InterestGroupID, StudentEntityID)
values (11,243);
insert into StudentInterestGroups (InterestGroupID, StudentEntityID)
values (1,243);
insert into StudentInterestGroups (InterestGroupID, StudentEntityID)
values (3,243);
insert into StudentInterestGroups (InterestGroupID, StudentEntityID)
values (8,243);
insert into StudentInterestGroups (InterestGroupID, StudentEntityID)
values (7,243);
insert into StudentInterestGroups (InterestGroupID, StudentEntityID)
values (5,243);
insert into StudentInterestGroups (InterestGroupID, StudentEntityID)
values (2,243);
insert into userEntity (UserName, EmailAddress, EntityType)
values ('RafaelKashW746', 'RafaelKashW746@Louisa.edu', 'STUD');
insert into student (StudentEntityID, FirstName, LastName, MiddleInitial, StreetAddress, Country,City, State,ZipCode, StudentGradeLevel, StudentGPA, StudentACTScore, StudentSATScore, StudentEthnicity, StudentGender, IncomeLevel, DaysAbsent, HoursOfWorkPlaceExp, StudentAthleteFlag, StudentGraduationTrack, StudentEmploymentFlag, StudentImage,SchoolEntityID)
values (244, 'Rafael', 'Kash', 'W', '385 Christopher Course Apt. 488', 'USA','Ruizburgh','VA','20041','Sophomore', 1.49, 0, 0,'Hispanic','Male','Middle Income',14,2, 'Y', 'N', 'Y', 'img/student.jpg', 12);
insert into StudentInterestGroups (InterestGroupID, StudentEntityID)
values (5,244);
insert into StudentInterestGroups (InterestGroupID, StudentEntityID)
values (11,244);
insert into StudentInterestGroups (InterestGroupID, StudentEntityID)
values (9,244);
insert into StudentInterestGroups (InterestGroupID, StudentEntityID)
values (2,244);
insert into StudentInterestGroups (InterestGroupID, StudentEntityID)
values (4,244);
insert into StudentInterestGroups (InterestGroupID, StudentEntityID)
values (7,244);
insert into StudentInterestGroups (InterestGroupID, StudentEntityID)
values (1,244);
insert into StudentInterestGroups (InterestGroupID, StudentEntityID)
values (12,244);
insert into userEntity (UserName, EmailAddress, EntityType)
values ('JanetBlancU844', 'JanetBlancU844@spotswood.edu', 'STUD');
insert into student (StudentEntityID, FirstName, LastName, MiddleInitial, StreetAddress, Country,City, State,ZipCode, StudentGradeLevel, StudentGPA, StudentACTScore, StudentSATScore, StudentEthnicity, StudentGender, IncomeLevel, DaysAbsent, HoursOfWorkPlaceExp, StudentAthleteFlag, StudentGraduationTrack, StudentEmploymentFlag, StudentImage,SchoolEntityID)
values (245, 'Janet', 'Blanc', 'U', '19761 Sergio Shore Apt. 203', 'USA','East Ryantown','VA','20041','Sophomore', 3.48, 0, 0,'Hispanic','Female','Middle Income',1,18, 'N', 'Y', 'N', 'img/student.jpg', 14);
insert into StudentInterestGroups (InterestGroupID, StudentEntityID)
values (7,245);
insert into userEntity (UserName, EmailAddress, EntityType)
values ('GinaCornelyP34', 'GinaCornelyP34@Louisa.edu', 'STUD');
insert into student (StudentEntityID, FirstName, LastName, MiddleInitial, StreetAddress, Country,City, State,ZipCode, StudentGradeLevel, StudentGPA, StudentACTScore, StudentSATScore, StudentEthnicity, StudentGender, IncomeLevel, DaysAbsent, HoursOfWorkPlaceExp, StudentAthleteFlag, StudentGraduationTrack, StudentEmploymentFlag, StudentImage,SchoolEntityID)
values (246, 'Gina', 'Cornely', 'P', '871 Kenneth Fort Apt. 099', 'USA','Port James','VA','20040','Sophomore', 1.27, 0, 0,'Caucasian','Other','Lower Income',13,6, 'Y', 'N', 'N', 'img/student.jpg', 12);
insert into StudentInterestGroups (InterestGroupID, StudentEntityID)
values (5,246);
insert into StudentInterestGroups (InterestGroupID, StudentEntityID)
values (3,246);
insert into StudentInterestGroups (InterestGroupID, StudentEntityID)
values (11,246);
insert into StudentInterestGroups (InterestGroupID, StudentEntityID)
values (6,246);
insert into StudentInterestGroups (InterestGroupID, StudentEntityID)
values (7,246);
insert into StudentInterestGroups (InterestGroupID, StudentEntityID)
values (10,246);
insert into StudentInterestGroups (InterestGroupID, StudentEntityID)
values (8,246);
insert into StudentInterestGroups (InterestGroupID, StudentEntityID)
values (1,246);
insert into userEntity (UserName, EmailAddress, EntityType)
values ('TomasCollinsF89', 'TomasCollinsF89@spotswood.edu', 'STUD');
insert into student (StudentEntityID, FirstName, LastName, MiddleInitial, StreetAddress, Country,City, State,ZipCode, StudentGradeLevel, StudentGPA, StudentACTScore, StudentSATScore, StudentEthnicity, StudentGender, IncomeLevel, DaysAbsent, HoursOfWorkPlaceExp, StudentAthleteFlag, StudentGraduationTrack, StudentEmploymentFlag, StudentImage,SchoolEntityID)
values (247, 'Tomas', 'Collins', 'F', '374 William Ports Suite 381', 'USA','Lake Nathanborough','VA','20040','Freshmen', 2.87, 0, 0,'Caucasian','Male','Middle Income',0,10, 'Y', 'Y', 'Y', 'img/student.jpg', 14);
insert into StudentInterestGroups (InterestGroupID, StudentEntityID)
values (1,247);
insert into StudentInterestGroups (InterestGroupID, StudentEntityID)
values (4,247);
insert into StudentInterestGroups (InterestGroupID, StudentEntityID)
values (6,247);
insert into userEntity (UserName, EmailAddress, EntityType)
values ('DevonMalcolmF688', 'DevonMalcolmF688@rockingham.k12.va.us', 'STUD');
insert into student (StudentEntityID, FirstName, LastName, MiddleInitial, StreetAddress, Country,City, State,ZipCode, StudentGradeLevel, StudentGPA, StudentACTScore, StudentSATScore, StudentEthnicity, StudentGender, IncomeLevel, DaysAbsent, HoursOfWorkPlaceExp, StudentAthleteFlag, StudentGraduationTrack, StudentEmploymentFlag, StudentImage,SchoolEntityID)
values (248, 'Devon', 'Malcolm', 'F', '11199 House Manors', 'USA','Blackborough','VA','20040','Freshmen', 2.48, 0, 0,'Caucasian','Other','Higher Income',8,5, 'N', 'Y', 'Y', 'img/student.jpg', 13);
insert into StudentInterestGroups (InterestGroupID, StudentEntityID)
values (5,248);
insert into StudentInterestGroups (InterestGroupID, StudentEntityID)
values (3,248);
insert into userEntity (UserName, EmailAddress, EntityType)
values ('SusanAndersonL917', 'SusanAndersonL917@harrisonburg.edu', 'STUD');
insert into student (StudentEntityID, FirstName, LastName, MiddleInitial, StreetAddress, Country,City, State,ZipCode, StudentGradeLevel, StudentGPA, StudentACTScore, StudentSATScore, StudentEthnicity, StudentGender, IncomeLevel, DaysAbsent, HoursOfWorkPlaceExp, StudentAthleteFlag, StudentGraduationTrack, StudentEmploymentFlag, StudentImage,SchoolEntityID)
values (249, 'Susan', 'Anderson', 'L', '1730 Vang Route', 'USA','West Jessica','VA','20041','Sophomore', 3.27, 0, 0,'Pacific Islander','Female','Lower Income',5,19, 'Y', 'Y', 'Y', 'img/student.jpg', 17);
insert into StudentInterestGroups (InterestGroupID, StudentEntityID)
values (4,249);
insert into StudentInterestGroups (InterestGroupID, StudentEntityID)
values (3,249);
insert into StudentInterestGroups (InterestGroupID, StudentEntityID)
values (8,249);
insert into StudentInterestGroups (InterestGroupID, StudentEntityID)
values (2,249);
insert into userEntity (UserName, EmailAddress, EntityType)
values ('GeorgeLeeH316', 'GeorgeLeeH316@turnerAshby.edu', 'STUD');
insert into student (StudentEntityID, FirstName, LastName, MiddleInitial, StreetAddress, Country,City, State,ZipCode, StudentGradeLevel, StudentGPA, StudentACTScore, StudentSATScore, StudentEthnicity, StudentGender, IncomeLevel, DaysAbsent, HoursOfWorkPlaceExp, StudentAthleteFlag, StudentGraduationTrack, StudentEmploymentFlag, StudentImage,SchoolEntityID)
values (250, 'George', 'Lee', 'H', '407 Ross Haven', 'USA','Richardsonport','VA','20041','Senior', 3.47, 29, 1129,'Hispanic','Male','Middle Income',5,44, 'Y', 'Y', 'N', 'img/student.jpg', 15);
insert into StudentInterestGroups (InterestGroupID, StudentEntityID)
values (11,250);
insert into StudentInterestGroups (InterestGroupID, StudentEntityID)
values (9,250);
insert into userEntity (UserName, EmailAddress, EntityType)
values ('EbonyDanielsE33', 'EbonyDanielsE33@harrisonburg.edu', 'STUD');
insert into student (StudentEntityID, FirstName, LastName, MiddleInitial, StreetAddress, Country,City, State,ZipCode, StudentGradeLevel, StudentGPA, StudentACTScore, StudentSATScore, StudentEthnicity, StudentGender, IncomeLevel, DaysAbsent, HoursOfWorkPlaceExp, StudentAthleteFlag, StudentGraduationTrack, StudentEmploymentFlag, StudentImage,SchoolEntityID)
values (251, 'Ebony', 'Daniels', 'E', '5757 Palmer Spring', 'USA','Wilsonborough','VA','20040','Freshmen', 1.39, 0, 0,'Not selected or Other','Female','Middle Income',14,1, 'Y', 'N', 'Y', 'img/student.jpg', 17);
insert into StudentInterestGroups (InterestGroupID, StudentEntityID)
values (10,251);
insert into StudentInterestGroups (InterestGroupID, StudentEntityID)
values (6,251);
insert into StudentInterestGroups (InterestGroupID, StudentEntityID)
values (11,251);
insert into StudentInterestGroups (InterestGroupID, StudentEntityID)
values (7,251);
insert into StudentInterestGroups (InterestGroupID, StudentEntityID)
values (8,251);
insert into StudentInterestGroups (InterestGroupID, StudentEntityID)
values (1,251);
insert into StudentInterestGroups (InterestGroupID, StudentEntityID)
values (3,251);
insert into userEntity (UserName, EmailAddress, EntityType)
values ('AshleyMentgenC915', 'AshleyMentgenC915@broadway.edu', 'STUD');
insert into student (StudentEntityID, FirstName, LastName, MiddleInitial, StreetAddress, Country,City, State,ZipCode, StudentGradeLevel, StudentGPA, StudentACTScore, StudentSATScore, StudentEthnicity, StudentGender, IncomeLevel, DaysAbsent, HoursOfWorkPlaceExp, StudentAthleteFlag, StudentGraduationTrack, StudentEmploymentFlag, StudentImage,SchoolEntityID)
values (252, 'Ashley', 'Mentgen', 'C', '51504 Irwin Brooks', 'USA','East Andrewmouth','VA','20041','Junior', 3.95, 32, 1273,'African American','Female','Lower Income',3,26, 'N', 'Y', 'Y', 'img/student.jpg', 16);
insert into StudentInterestGroups (InterestGroupID, StudentEntityID)
values (2,252);
insert into StudentInterestGroups (InterestGroupID, StudentEntityID)
values (6,252);
insert into StudentInterestGroups (InterestGroupID, StudentEntityID)
values (7,252);
insert into StudentInterestGroups (InterestGroupID, StudentEntityID)
values (4,252);
insert into StudentInterestGroups (InterestGroupID, StudentEntityID)
values (5,252);
insert into StudentInterestGroups (InterestGroupID, StudentEntityID)
values (3,252);
insert into StudentInterestGroups (InterestGroupID, StudentEntityID)
values (10,252);
insert into userEntity (UserName, EmailAddress, EntityType)
values ('MarvinFullerS512', 'MarvinFullerS512@spotswood.edu', 'STUD');
insert into student (StudentEntityID, FirstName, LastName, MiddleInitial, StreetAddress, Country,City, State,ZipCode, StudentGradeLevel, StudentGPA, StudentACTScore, StudentSATScore, StudentEthnicity, StudentGender, IncomeLevel, DaysAbsent, HoursOfWorkPlaceExp, StudentAthleteFlag, StudentGraduationTrack, StudentEmploymentFlag, StudentImage,SchoolEntityID)
values (253, 'Marvin', 'Fuller', 'S', '1566 Mccann Ranch', 'USA','Sonyafurt','VA','20041','Freshmen', 3.63, 0, 0,'Caucasian','Male','Middle Income',1,18, 'Y', 'Y', 'N', 'img/student.jpg', 14);
insert into StudentInterestGroups (InterestGroupID, StudentEntityID)
values (9,253);
insert into userEntity (UserName, EmailAddress, EntityType)
values ('RobertPeltonH901', 'RobertPeltonH901@harrisonburg.edu', 'STUD');
insert into student (StudentEntityID, FirstName, LastName, MiddleInitial, StreetAddress, Country,City, State,ZipCode, StudentGradeLevel, StudentGPA, StudentACTScore, StudentSATScore, StudentEthnicity, StudentGender, IncomeLevel, DaysAbsent, HoursOfWorkPlaceExp, StudentAthleteFlag, StudentGraduationTrack, StudentEmploymentFlag, StudentImage,SchoolEntityID)
values (254, 'Robert', 'Pelton', 'H', '298 Rodney Glens', 'USA','Tonyaside','VA','20041','Senior', 2.04, 30, 980,'Caucasian','Male','Lower Income',8,38, 'N', 'Y', 'Y', 'img/student.jpg', 17);
insert into StudentInterestGroups (InterestGroupID, StudentEntityID)
values (10,254);
insert into StudentInterestGroups (InterestGroupID, StudentEntityID)
values (3,254);
insert into StudentInterestGroups (InterestGroupID, StudentEntityID)
values (2,254);
insert into userEntity (UserName, EmailAddress, EntityType)
values ('EllaHedrickX967', 'EllaHedrickX967@spotswood.edu', 'STUD');
insert into student (StudentEntityID, FirstName, LastName, MiddleInitial, StreetAddress, Country,City, State,ZipCode, StudentGradeLevel, StudentGPA, StudentACTScore, StudentSATScore, StudentEthnicity, StudentGender, IncomeLevel, DaysAbsent, HoursOfWorkPlaceExp, StudentAthleteFlag, StudentGraduationTrack, StudentEmploymentFlag, StudentImage,SchoolEntityID)
values (255, 'Ella', 'Hedrick', 'X', '08550 Mcneil Fort Suite 388', 'USA','New Leetown','VA','20040','Freshmen', 2.09, 0, 0,'Caucasian','Female','Middle Income',7,5, 'Y', 'Y', 'Y', 'img/student.jpg', 14);
insert into StudentInterestGroups (InterestGroupID, StudentEntityID)
values (11,255);
insert into userEntity (UserName, EmailAddress, EntityType)
values ('RandellPerkinsM434', 'RandellPerkinsM434@Louisa.edu', 'STUD');
insert into student (StudentEntityID, FirstName, LastName, MiddleInitial, StreetAddress, Country,City, State,ZipCode, StudentGradeLevel, StudentGPA, StudentACTScore, StudentSATScore, StudentEthnicity, StudentGender, IncomeLevel, DaysAbsent, HoursOfWorkPlaceExp, StudentAthleteFlag, StudentGraduationTrack, StudentEmploymentFlag, StudentImage,SchoolEntityID)
values (256, 'Randell', 'Perkins', 'M', '46320 Scott Cliffs Apt. 040', 'USA','Ashleyberg','VA','20041','Freshmen', 1.94, 0, 0,'Caucasian','Male','Middle Income',13,12, 'N', 'N', 'Y', 'img/student.jpg', 12);
insert into StudentInterestGroups (InterestGroupID, StudentEntityID)
values (9,256);
insert into StudentInterestGroups (InterestGroupID, StudentEntityID)
values (4,256);
insert into userEntity (UserName, EmailAddress, EntityType)
values ('VincentWaltonZ665', 'VincentWaltonZ665@rockingham.k12.va.us', 'STUD');
insert into student (StudentEntityID, FirstName, LastName, MiddleInitial, StreetAddress, Country,City, State,ZipCode, StudentGradeLevel, StudentGPA, StudentACTScore, StudentSATScore, StudentEthnicity, StudentGender, IncomeLevel, DaysAbsent, HoursOfWorkPlaceExp, StudentAthleteFlag, StudentGraduationTrack, StudentEmploymentFlag, StudentImage,SchoolEntityID)
values (257, 'Vincent', 'Walton', 'Z', '789 Michael Estate Suite 455', 'USA','Rodriguezshire','VA','20041','Freshmen', 1.92, 0, 0,'Hispanic','Male','Lower Income',12,7, 'Y', 'N', 'N', 'img/student.jpg', 13);
insert into StudentInterestGroups (InterestGroupID, StudentEntityID)
values (12,257);
insert into StudentInterestGroups (InterestGroupID, StudentEntityID)
values (11,257);
insert into StudentInterestGroups (InterestGroupID, StudentEntityID)
values (5,257);
insert into StudentInterestGroups (InterestGroupID, StudentEntityID)
values (10,257);
insert into userEntity (UserName, EmailAddress, EntityType)
values ('EricaDavisD779', 'EricaDavisD779@spotswood.edu', 'STUD');
insert into student (StudentEntityID, FirstName, LastName, MiddleInitial, StreetAddress, Country,City, State,ZipCode, StudentGradeLevel, StudentGPA, StudentACTScore, StudentSATScore, StudentEthnicity, StudentGender, IncomeLevel, DaysAbsent, HoursOfWorkPlaceExp, StudentAthleteFlag, StudentGraduationTrack, StudentEmploymentFlag, StudentImage,SchoolEntityID)
values (258, 'Erica', 'Davis', 'D', '355 John Grove', 'USA','North Johnmouth','VA','20040','Freshmen', 3.21, 0, 0,'Not selected or Other','Female','Higher Income',2,18, 'Y', 'Y', 'N', 'img/student.jpg', 14);
insert into StudentInterestGroups (InterestGroupID, StudentEntityID)
values (8,258);
insert into StudentInterestGroups (InterestGroupID, StudentEntityID)
values (7,258);
insert into StudentInterestGroups (InterestGroupID, StudentEntityID)
values (9,258);
insert into userEntity (UserName, EmailAddress, EntityType)
values ('NancyLocyF296', 'NancyLocyF296@rockingham.k12.va.us', 'STUD');
insert into student (StudentEntityID, FirstName, LastName, MiddleInitial, StreetAddress, Country,City, State,ZipCode, StudentGradeLevel, StudentGPA, StudentACTScore, StudentSATScore, StudentEthnicity, StudentGender, IncomeLevel, DaysAbsent, HoursOfWorkPlaceExp, StudentAthleteFlag, StudentGraduationTrack, StudentEmploymentFlag, StudentImage,SchoolEntityID)
values (259, 'Nancy', 'Locy', 'F', '80734 Kim Mountain Apt. 689', 'USA','Port Wendy','VA','20040','Junior', 3.13, 27, 1185,'African American','Other','Middle Income',3,30, 'Y', 'Y', 'Y', 'img/student.jpg', 13);
insert into StudentInterestGroups (InterestGroupID, StudentEntityID)
values (12,259);
insert into StudentInterestGroups (InterestGroupID, StudentEntityID)
values (9,259);
insert into StudentInterestGroups (InterestGroupID, StudentEntityID)
values (10,259);
insert into StudentInterestGroups (InterestGroupID, StudentEntityID)
values (5,259);
insert into StudentInterestGroups (InterestGroupID, StudentEntityID)
values (7,259);
insert into userEntity (UserName, EmailAddress, EntityType)
values ('MarianneTesterE762', 'MarianneTesterE762@turnerAshby.edu', 'STUD');
insert into student (StudentEntityID, FirstName, LastName, MiddleInitial, StreetAddress, Country,City, State,ZipCode, StudentGradeLevel, StudentGPA, StudentACTScore, StudentSATScore, StudentEthnicity, StudentGender, IncomeLevel, DaysAbsent, HoursOfWorkPlaceExp, StudentAthleteFlag, StudentGraduationTrack, StudentEmploymentFlag, StudentImage,SchoolEntityID)
values (260, 'Marianne', 'Tester', 'E', '12476 Nelson Vista', 'USA','North Brett','VA','20040','Senior', 1.41, 11, 858,'Caucasian','Female','Higher Income',14,28, 'N', 'N', 'Y', 'img/student.jpg', 15);
insert into StudentInterestGroups (InterestGroupID, StudentEntityID)
values (9,260);
insert into StudentInterestGroups (InterestGroupID, StudentEntityID)
values (3,260);
insert into StudentInterestGroups (InterestGroupID, StudentEntityID)
values (10,260);
insert into StudentInterestGroups (InterestGroupID, StudentEntityID)
values (12,260);
insert into StudentInterestGroups (InterestGroupID, StudentEntityID)
values (4,260);
insert into userEntity (UserName, EmailAddress, EntityType)
values ('DanielSnowdenH771', 'DanielSnowdenH771@harrisonburg.edu', 'STUD');
insert into student (StudentEntityID, FirstName, LastName, MiddleInitial, StreetAddress, Country,City, State,ZipCode, StudentGradeLevel, StudentGPA, StudentACTScore, StudentSATScore, StudentEthnicity, StudentGender, IncomeLevel, DaysAbsent, HoursOfWorkPlaceExp, StudentAthleteFlag, StudentGraduationTrack, StudentEmploymentFlag, StudentImage,SchoolEntityID)
values (261, 'Daniel', 'Snowden', 'H', '3875 Claire Point Apt. 678', 'USA','New Amy','VA','20040','Senior', 1.62, 15, 745,'Not selected or Other','Male','Middle Income',10,28, 'Y', 'N', 'Y', 'img/student.jpg', 17);
insert into StudentInterestGroups (InterestGroupID, StudentEntityID)
values (1,261);
insert into StudentInterestGroups (InterestGroupID, StudentEntityID)
values (2,261);
insert into StudentInterestGroups (InterestGroupID, StudentEntityID)
values (5,261);
insert into StudentInterestGroups (InterestGroupID, StudentEntityID)
values (4,261);
insert into StudentInterestGroups (InterestGroupID, StudentEntityID)
values (11,261);
insert into userEntity (UserName, EmailAddress, EntityType)
values ('TinaRushfordD24', 'TinaRushfordD24@harrisonburg.edu', 'STUD');
insert into student (StudentEntityID, FirstName, LastName, MiddleInitial, StreetAddress, Country,City, State,ZipCode, StudentGradeLevel, StudentGPA, StudentACTScore, StudentSATScore, StudentEthnicity, StudentGender, IncomeLevel, DaysAbsent, HoursOfWorkPlaceExp, StudentAthleteFlag, StudentGraduationTrack, StudentEmploymentFlag, StudentImage,SchoolEntityID)
values (262, 'Tina', 'Rushford', 'D', '6598 Robert Via Apt. 466', 'USA','Derekfort','VA','20041','Junior', 2.64, 30, 1127,'African American','Female','Middle Income',0,35, 'N', 'Y', 'Y', 'img/student.jpg', 17);
insert into StudentInterestGroups (InterestGroupID, StudentEntityID)
values (11,262);
insert into StudentInterestGroups (InterestGroupID, StudentEntityID)
values (7,262);
insert into userEntity (UserName, EmailAddress, EntityType)
values ('TimothyThompsonE800', 'TimothyThompsonE800@harrisonburg.edu', 'STUD');
insert into student (StudentEntityID, FirstName, LastName, MiddleInitial, StreetAddress, Country,City, State,ZipCode, StudentGradeLevel, StudentGPA, StudentACTScore, StudentSATScore, StudentEthnicity, StudentGender, IncomeLevel, DaysAbsent, HoursOfWorkPlaceExp, StudentAthleteFlag, StudentGraduationTrack, StudentEmploymentFlag, StudentImage,SchoolEntityID)
values (263, 'Timothy', 'Thompson', 'E', '1559 Hinton Alley', 'USA','Daughertyside','VA','20040','Freshmen', 3.49, 0, 0,'Not selected or Other','Male','Middle Income',3,18, 'N', 'Y', 'Y', 'img/student.jpg', 17);
insert into StudentInterestGroups (InterestGroupID, StudentEntityID)
values (8,263);
insert into StudentInterestGroups (InterestGroupID, StudentEntityID)
values (4,263);
insert into StudentInterestGroups (InterestGroupID, StudentEntityID)
values (5,263);
insert into StudentInterestGroups (InterestGroupID, StudentEntityID)
values (7,263);
insert into StudentInterestGroups (InterestGroupID, StudentEntityID)
values (11,263);
insert into StudentInterestGroups (InterestGroupID, StudentEntityID)
values (1,263);
insert into StudentInterestGroups (InterestGroupID, StudentEntityID)
values (10,263);
insert into userEntity (UserName, EmailAddress, EntityType)
values ('JeannetteDimaggioQ858', 'JeannetteDimaggioQ858@rockingham.k12.va.us', 'STUD');
insert into student (StudentEntityID, FirstName, LastName, MiddleInitial, StreetAddress, Country,City, State,ZipCode, StudentGradeLevel, StudentGPA, StudentACTScore, StudentSATScore, StudentEthnicity, StudentGender, IncomeLevel, DaysAbsent, HoursOfWorkPlaceExp, StudentAthleteFlag, StudentGraduationTrack, StudentEmploymentFlag, StudentImage,SchoolEntityID)
values (264, 'Jeannette', 'Dimaggio', 'Q', '4268 Curry Bridge', 'USA','Wilcoxbury','VA','20040','Junior', 3.89, 31, 1182,'African American','Other','Middle Income',3,25, 'N', 'Y', 'N', 'img/student.jpg', 13);
insert into StudentInterestGroups (InterestGroupID, StudentEntityID)
values (12,264);
insert into StudentInterestGroups (InterestGroupID, StudentEntityID)
values (5,264);
insert into StudentInterestGroups (InterestGroupID, StudentEntityID)
values (10,264);
insert into StudentInterestGroups (InterestGroupID, StudentEntityID)
values (11,264);
insert into StudentInterestGroups (InterestGroupID, StudentEntityID)
values (7,264);
insert into StudentInterestGroups (InterestGroupID, StudentEntityID)
values (1,264);
insert into StudentInterestGroups (InterestGroupID, StudentEntityID)
values (4,264);
insert into userEntity (UserName, EmailAddress, EntityType)
values ('MaryMashakO345', 'MaryMashakO345@harrisonburg.edu', 'STUD');
insert into student (StudentEntityID, FirstName, LastName, MiddleInitial, StreetAddress, Country,City, State,ZipCode, StudentGradeLevel, StudentGPA, StudentACTScore, StudentSATScore, StudentEthnicity, StudentGender, IncomeLevel, DaysAbsent, HoursOfWorkPlaceExp, StudentAthleteFlag, StudentGraduationTrack, StudentEmploymentFlag, StudentImage,SchoolEntityID)
values (265, 'Mary', 'Mashak', 'O', '657 Mark Land', 'USA','Kaylaland','VA','20040','Sophomore', 3.73, 0, 0,'Caucasian','Female','Higher Income',3,25, 'Y', 'Y', 'N', 'img/student.jpg', 17);
insert into StudentInterestGroups (InterestGroupID, StudentEntityID)
values (1,265);
insert into StudentInterestGroups (InterestGroupID, StudentEntityID)
values (10,265);
insert into StudentInterestGroups (InterestGroupID, StudentEntityID)
values (9,265);
insert into StudentInterestGroups (InterestGroupID, StudentEntityID)
values (3,265);
insert into StudentInterestGroups (InterestGroupID, StudentEntityID)
values (8,265);
insert into StudentInterestGroups (InterestGroupID, StudentEntityID)
values (4,265);
insert into userEntity (UserName, EmailAddress, EntityType)
values ('KimberlyHernandezH451', 'KimberlyHernandezH451@harrisonburg.edu', 'STUD');
insert into student (StudentEntityID, FirstName, LastName, MiddleInitial, StreetAddress, Country,City, State,ZipCode, StudentGradeLevel, StudentGPA, StudentACTScore, StudentSATScore, StudentEthnicity, StudentGender, IncomeLevel, DaysAbsent, HoursOfWorkPlaceExp, StudentAthleteFlag, StudentGraduationTrack, StudentEmploymentFlag, StudentImage,SchoolEntityID)
values (266, 'Kimberly', 'Hernandez', 'H', '125 Martin Court', 'USA','New Julie','VA','20041','Sophomore', 1.94, 0, 0,'Asian','Female','Lower Income',15,8, 'Y', 'N', 'N', 'img/student.jpg', 17);
insert into StudentInterestGroups (InterestGroupID, StudentEntityID)
values (5,266);
insert into StudentInterestGroups (InterestGroupID, StudentEntityID)
values (9,266);
insert into StudentInterestGroups (InterestGroupID, StudentEntityID)
values (1,266);
insert into StudentInterestGroups (InterestGroupID, StudentEntityID)
values (3,266);
insert into userEntity (UserName, EmailAddress, EntityType)
values ('AlexanderSaysongkhamQ529', 'AlexanderSaysongkhamQ529@spotswood.edu', 'STUD');
insert into student (StudentEntityID, FirstName, LastName, MiddleInitial, StreetAddress, Country,City, State,ZipCode, StudentGradeLevel, StudentGPA, StudentACTScore, StudentSATScore, StudentEthnicity, StudentGender, IncomeLevel, DaysAbsent, HoursOfWorkPlaceExp, StudentAthleteFlag, StudentGraduationTrack, StudentEmploymentFlag, StudentImage,SchoolEntityID)
values (267, 'Alexander', 'Saysongkham', 'Q', '23467 Hunter Well', 'USA','Matthewberg','VA','20040','Freshmen', 2.36, 0, 0,'Caucasian','Male','Lower Income',14,14, 'Y', 'Y', 'Y', 'img/student.jpg', 14);
insert into StudentInterestGroups (InterestGroupID, StudentEntityID)
values (5,267);
insert into userEntity (UserName, EmailAddress, EntityType)
values ('KathrynSanchezF877', 'KathrynSanchezF877@turnerAshby.edu', 'STUD');
insert into student (StudentEntityID, FirstName, LastName, MiddleInitial, StreetAddress, Country,City, State,ZipCode, StudentGradeLevel, StudentGPA, StudentACTScore, StudentSATScore, StudentEthnicity, StudentGender, IncomeLevel, DaysAbsent, HoursOfWorkPlaceExp, StudentAthleteFlag, StudentGraduationTrack, StudentEmploymentFlag, StudentImage,SchoolEntityID)
values (268, 'Kathryn', 'Sanchez', 'F', '74856 Debra Tunnel Suite 336', 'USA','Myerston','VA','20040','Senior', 2.1, 20, 904,'Caucasian','Female','Middle Income',14,34, 'Y', 'Y', 'Y', 'img/student.jpg', 15);
insert into StudentInterestGroups (InterestGroupID, StudentEntityID)
values (8,268);
insert into StudentInterestGroups (InterestGroupID, StudentEntityID)
values (7,268);
insert into StudentInterestGroups (InterestGroupID, StudentEntityID)
values (2,268);
insert into StudentInterestGroups (InterestGroupID, StudentEntityID)
values (3,268);
insert into StudentInterestGroups (InterestGroupID, StudentEntityID)
values (4,268);
insert into StudentInterestGroups (InterestGroupID, StudentEntityID)
values (11,268);
insert into userEntity (UserName, EmailAddress, EntityType)
values ('ChristineChenA315', 'ChristineChenA315@Louisa.edu', 'STUD');
insert into student (StudentEntityID, FirstName, LastName, MiddleInitial, StreetAddress, Country,City, State,ZipCode, StudentGradeLevel, StudentGPA, StudentACTScore, StudentSATScore, StudentEthnicity, StudentGender, IncomeLevel, DaysAbsent, HoursOfWorkPlaceExp, StudentAthleteFlag, StudentGraduationTrack, StudentEmploymentFlag, StudentImage,SchoolEntityID)
values (269, 'Christine', 'Chen', 'A', '331 Dennis Streets Suite 502', 'USA','South Benjamin','VA','20040','Sophomore', 3.71, 0, 0,'Caucasian','Female','Higher Income',5,22, 'Y', 'Y', 'Y', 'img/student.jpg', 12);
insert into StudentInterestGroups (InterestGroupID, StudentEntityID)
values (10,269);
insert into StudentInterestGroups (InterestGroupID, StudentEntityID)
values (1,269);
insert into StudentInterestGroups (InterestGroupID, StudentEntityID)
values (9,269);
insert into StudentInterestGroups (InterestGroupID, StudentEntityID)
values (11,269);
insert into StudentInterestGroups (InterestGroupID, StudentEntityID)
values (2,269);
insert into StudentInterestGroups (InterestGroupID, StudentEntityID)
values (12,269);
insert into userEntity (UserName, EmailAddress, EntityType)
values ('JefferyHallmarkE892', 'JefferyHallmarkE892@spotswood.edu', 'STUD');
insert into student (StudentEntityID, FirstName, LastName, MiddleInitial, StreetAddress, Country,City, State,ZipCode, StudentGradeLevel, StudentGPA, StudentACTScore, StudentSATScore, StudentEthnicity, StudentGender, IncomeLevel, DaysAbsent, HoursOfWorkPlaceExp, StudentAthleteFlag, StudentGraduationTrack, StudentEmploymentFlag, StudentImage,SchoolEntityID)
values (270, 'Jeffery', 'Hallmark', 'E', '965 David Flats Suite 022', 'USA','East George','VA','20040','Freshmen', 1.15, 0, 0,'Pacific Islander','Male','Lower Income',13,1, 'Y', 'N', 'N', 'img/student.jpg', 14);
insert into StudentInterestGroups (InterestGroupID, StudentEntityID)
values (6,270);
insert into StudentInterestGroups (InterestGroupID, StudentEntityID)
values (12,270);
insert into StudentInterestGroups (InterestGroupID, StudentEntityID)
values (2,270);
insert into StudentInterestGroups (InterestGroupID, StudentEntityID)
values (11,270);
insert into StudentInterestGroups (InterestGroupID, StudentEntityID)
values (8,270);
insert into StudentInterestGroups (InterestGroupID, StudentEntityID)
values (1,270);
insert into userEntity (UserName, EmailAddress, EntityType)
values ('LaneGrandaA623', 'LaneGrandaA623@turnerAshby.edu', 'STUD');
insert into student (StudentEntityID, FirstName, LastName, MiddleInitial, StreetAddress, Country,City, State,ZipCode, StudentGradeLevel, StudentGPA, StudentACTScore, StudentSATScore, StudentEthnicity, StudentGender, IncomeLevel, DaysAbsent, HoursOfWorkPlaceExp, StudentAthleteFlag, StudentGraduationTrack, StudentEmploymentFlag, StudentImage,SchoolEntityID)
values (271, 'Lane', 'Granda', 'A', '14488 Jones Camp Apt. 136', 'USA','West Wendy','VA','20041','Senior', 1.08, 12, 990,'Caucasian','Male','Middle Income',15,24, 'Y', 'N', 'N', 'img/student.jpg', 15);
insert into StudentInterestGroups (InterestGroupID, StudentEntityID)
values (7,271);
insert into StudentInterestGroups (InterestGroupID, StudentEntityID)
values (11,271);
insert into StudentInterestGroups (InterestGroupID, StudentEntityID)
values (3,271);
insert into StudentInterestGroups (InterestGroupID, StudentEntityID)
values (1,271);
insert into StudentInterestGroups (InterestGroupID, StudentEntityID)
values (10,271);
insert into StudentInterestGroups (InterestGroupID, StudentEntityID)
values (4,271);
insert into StudentInterestGroups (InterestGroupID, StudentEntityID)
values (9,271);
insert into StudentInterestGroups (InterestGroupID, StudentEntityID)
values (8,271);
insert into userEntity (UserName, EmailAddress, EntityType)
values ('JenniferFieldsH863', 'JenniferFieldsH863@turnerAshby.edu', 'STUD');
insert into student (StudentEntityID, FirstName, LastName, MiddleInitial, StreetAddress, Country,City, State,ZipCode, StudentGradeLevel, StudentGPA, StudentACTScore, StudentSATScore, StudentEthnicity, StudentGender, IncomeLevel, DaysAbsent, HoursOfWorkPlaceExp, StudentAthleteFlag, StudentGraduationTrack, StudentEmploymentFlag, StudentImage,SchoolEntityID)
values (272, 'Jennifer', 'Fields', 'H', '47171 Whitehead Locks Apt. 666', 'USA','New Valeriemouth','VA','20040','Junior', 1.36, 14, 740,'Hispanic','Other','Lower Income',14,18, 'N', 'N', 'Y', 'img/student.jpg', 15);
insert into StudentInterestGroups (InterestGroupID, StudentEntityID)
values (2,272);
insert into userEntity (UserName, EmailAddress, EntityType)
values ('LeroyPrittsM545', 'LeroyPrittsM545@broadway.edu', 'STUD');
insert into student (StudentEntityID, FirstName, LastName, MiddleInitial, StreetAddress, Country,City, State,ZipCode, StudentGradeLevel, StudentGPA, StudentACTScore, StudentSATScore, StudentEthnicity, StudentGender, IncomeLevel, DaysAbsent, HoursOfWorkPlaceExp, StudentAthleteFlag, StudentGraduationTrack, StudentEmploymentFlag, StudentImage,SchoolEntityID)
values (273, 'Leroy', 'Pritts', 'M', '80891 Anderson Canyon', 'USA','East John','VA','20041','Freshmen', 1.69, 0, 0,'Not selected or Other','Male','Middle Income',12,13, 'N', 'N', 'Y', 'img/student.jpg', 16);
insert into StudentInterestGroups (InterestGroupID, StudentEntityID)
values (5,273);
insert into StudentInterestGroups (InterestGroupID, StudentEntityID)
values (12,273);
insert into StudentInterestGroups (InterestGroupID, StudentEntityID)
values (7,273);
insert into userEntity (UserName, EmailAddress, EntityType)
values ('LillianHolleranN255', 'LillianHolleranN255@harrisonburg.edu', 'STUD');
insert into student (StudentEntityID, FirstName, LastName, MiddleInitial, StreetAddress, Country,City, State,ZipCode, StudentGradeLevel, StudentGPA, StudentACTScore, StudentSATScore, StudentEthnicity, StudentGender, IncomeLevel, DaysAbsent, HoursOfWorkPlaceExp, StudentAthleteFlag, StudentGraduationTrack, StudentEmploymentFlag, StudentImage,SchoolEntityID)
values (274, 'Lillian', 'Holleran', 'N', '3909 Andrew Mount Apt. 230', 'USA','Thomashaven','VA','20040','Freshmen', 3.44, 0, 0,'Asian','Female','Middle Income',4,15, 'Y', 'Y', 'N', 'img/student.jpg', 17);
insert into StudentInterestGroups (InterestGroupID, StudentEntityID)
values (8,274);
insert into StudentInterestGroups (InterestGroupID, StudentEntityID)
values (6,274);
insert into StudentInterestGroups (InterestGroupID, StudentEntityID)
values (4,274);
insert into StudentInterestGroups (InterestGroupID, StudentEntityID)
values (10,274);
insert into StudentInterestGroups (InterestGroupID, StudentEntityID)
values (7,274);
insert into StudentInterestGroups (InterestGroupID, StudentEntityID)
values (1,274);
insert into StudentInterestGroups (InterestGroupID, StudentEntityID)
values (5,274);
insert into StudentInterestGroups (InterestGroupID, StudentEntityID)
values (2,274);
insert into userEntity (UserName, EmailAddress, EntityType)
values ('JillSmithC880', 'JillSmithC880@harrisonburg.edu', 'STUD');
insert into student (StudentEntityID, FirstName, LastName, MiddleInitial, StreetAddress, Country,City, State,ZipCode, StudentGradeLevel, StudentGPA, StudentACTScore, StudentSATScore, StudentEthnicity, StudentGender, IncomeLevel, DaysAbsent, HoursOfWorkPlaceExp, StudentAthleteFlag, StudentGraduationTrack, StudentEmploymentFlag, StudentImage,SchoolEntityID)
values (275, 'Jill', 'Smith', 'C', '374 Derrick Stravenue', 'USA','Martinside','VA','20040','Freshmen', 1.63, 0, 0,'Caucasian','Female','Lower Income',15,11, 'N', 'N', 'N', 'img/student.jpg', 17);
insert into StudentInterestGroups (InterestGroupID, StudentEntityID)
values (6,275);
insert into userEntity (UserName, EmailAddress, EntityType)
values ('EvangelinaPowersC92', 'EvangelinaPowersC92@harrisonburg.edu', 'STUD');
insert into student (StudentEntityID, FirstName, LastName, MiddleInitial, StreetAddress, Country,City, State,ZipCode, StudentGradeLevel, StudentGPA, StudentACTScore, StudentSATScore, StudentEthnicity, StudentGender, IncomeLevel, DaysAbsent, HoursOfWorkPlaceExp, StudentAthleteFlag, StudentGraduationTrack, StudentEmploymentFlag, StudentImage,SchoolEntityID)
values (276, 'Evangelina', 'Powers', 'C', '589 Derrick Dam Apt. 264', 'USA','Port Vanessabury','VA','20041','Junior', 2.22, 17, 974,'Caucasian','Female','Lower Income',7,24, 'Y', 'Y', 'N', 'img/student.jpg', 17);
insert into StudentInterestGroups (InterestGroupID, StudentEntityID)
values (9,276);
insert into StudentInterestGroups (InterestGroupID, StudentEntityID)
values (5,276);
insert into StudentInterestGroups (InterestGroupID, StudentEntityID)
values (7,276);
insert into StudentInterestGroups (InterestGroupID, StudentEntityID)
values (2,276);
insert into StudentInterestGroups (InterestGroupID, StudentEntityID)
values (10,276);
insert into StudentInterestGroups (InterestGroupID, StudentEntityID)
values (11,276);
insert into StudentInterestGroups (InterestGroupID, StudentEntityID)
values (4,276);
insert into StudentInterestGroups (InterestGroupID, StudentEntityID)
values (1,276);
insert into userEntity (UserName, EmailAddress, EntityType)
values ('EricHarveyT105', 'EricHarveyT105@turnerAshby.edu', 'STUD');
insert into student (StudentEntityID, FirstName, LastName, MiddleInitial, StreetAddress, Country,City, State,ZipCode, StudentGradeLevel, StudentGPA, StudentACTScore, StudentSATScore, StudentEthnicity, StudentGender, IncomeLevel, DaysAbsent, HoursOfWorkPlaceExp, StudentAthleteFlag, StudentGraduationTrack, StudentEmploymentFlag, StudentImage,SchoolEntityID)
values (277, 'Eric', 'Harvey', 'T', '635 Amanda Freeway Apt. 516', 'USA','South Ginabury','VA','20041','Senior', 2.66, 32, 1415,'Hispanic','Other','Lower Income',2,34, 'Y', 'Y', 'Y', 'img/student.jpg', 15);
insert into StudentInterestGroups (InterestGroupID, StudentEntityID)
values (5,277);
insert into StudentInterestGroups (InterestGroupID, StudentEntityID)
values (6,277);
insert into StudentInterestGroups (InterestGroupID, StudentEntityID)
values (8,277);
insert into StudentInterestGroups (InterestGroupID, StudentEntityID)
values (7,277);
insert into userEntity (UserName, EmailAddress, EntityType)
values ('BethBlackwellH484', 'BethBlackwellH484@Louisa.edu', 'STUD');
insert into student (StudentEntityID, FirstName, LastName, MiddleInitial, StreetAddress, Country,City, State,ZipCode, StudentGradeLevel, StudentGPA, StudentACTScore, StudentSATScore, StudentEthnicity, StudentGender, IncomeLevel, DaysAbsent, HoursOfWorkPlaceExp, StudentAthleteFlag, StudentGraduationTrack, StudentEmploymentFlag, StudentImage,SchoolEntityID)
values (278, 'Beth', 'Blackwell', 'H', '929 Mcdonald Summit Apt. 470', 'USA','North Michaelton','VA','20041','Senior', 3.71, 27, 1355,'Caucasian','Female','Middle Income',1,42, 'N', 'Y', 'Y', 'img/student.jpg', 12);
insert into StudentInterestGroups (InterestGroupID, StudentEntityID)
values (8,278);
insert into StudentInterestGroups (InterestGroupID, StudentEntityID)
values (11,278);
insert into StudentInterestGroups (InterestGroupID, StudentEntityID)
values (10,278);
insert into userEntity (UserName, EmailAddress, EntityType)
values ('KristineBurnetteH810', 'KristineBurnetteH810@turnerAshby.edu', 'STUD');
insert into student (StudentEntityID, FirstName, LastName, MiddleInitial, StreetAddress, Country,City, State,ZipCode, StudentGradeLevel, StudentGPA, StudentACTScore, StudentSATScore, StudentEthnicity, StudentGender, IncomeLevel, DaysAbsent, HoursOfWorkPlaceExp, StudentAthleteFlag, StudentGraduationTrack, StudentEmploymentFlag, StudentImage,SchoolEntityID)
values (279, 'Kristine', 'Burnette', 'H', '55016 Shaw Port', 'USA','Port Kathleenberg','VA','20041','Senior', 3.88, 33, 1152,'Caucasian','Female','Middle Income',1,44, 'Y', 'Y', 'Y', 'img/student.jpg', 15);
insert into StudentInterestGroups (InterestGroupID, StudentEntityID)
values (9,279);
insert into StudentInterestGroups (InterestGroupID, StudentEntityID)
values (12,279);
insert into StudentInterestGroups (InterestGroupID, StudentEntityID)
values (8,279);
insert into StudentInterestGroups (InterestGroupID, StudentEntityID)
values (10,279);
insert into StudentInterestGroups (InterestGroupID, StudentEntityID)
values (2,279);
insert into userEntity (UserName, EmailAddress, EntityType)
values ('StephenPeeleR41', 'StephenPeeleR41@Louisa.edu', 'STUD');
insert into student (StudentEntityID, FirstName, LastName, MiddleInitial, StreetAddress, Country,City, State,ZipCode, StudentGradeLevel, StudentGPA, StudentACTScore, StudentSATScore, StudentEthnicity, StudentGender, IncomeLevel, DaysAbsent, HoursOfWorkPlaceExp, StudentAthleteFlag, StudentGraduationTrack, StudentEmploymentFlag, StudentImage,SchoolEntityID)
values (280, 'Stephen', 'Peele', 'R', '65802 Hall Rapids Apt. 172', 'USA','South Marytown','VA','20041','Freshmen', 2.76, 0, 0,'Caucasian','Male','Middle Income',7,11, 'Y', 'Y', 'N', 'img/student.jpg', 12);
insert into StudentInterestGroups (InterestGroupID, StudentEntityID)
values (7,280);
insert into StudentInterestGroups (InterestGroupID, StudentEntityID)
values (1,280);
insert into StudentInterestGroups (InterestGroupID, StudentEntityID)
values (5,280);
insert into StudentInterestGroups (InterestGroupID, StudentEntityID)
values (9,280);
insert into StudentInterestGroups (InterestGroupID, StudentEntityID)
values (6,280);
insert into userEntity (UserName, EmailAddress, EntityType)
values ('GaryDurhamD267', 'GaryDurhamD267@turnerAshby.edu', 'STUD');
insert into student (StudentEntityID, FirstName, LastName, MiddleInitial, StreetAddress, Country,City, State,ZipCode, StudentGradeLevel, StudentGPA, StudentACTScore, StudentSATScore, StudentEthnicity, StudentGender, IncomeLevel, DaysAbsent, HoursOfWorkPlaceExp, StudentAthleteFlag, StudentGraduationTrack, StudentEmploymentFlag, StudentImage,SchoolEntityID)
values (281, 'Gary', 'Durham', 'D', '88299 Kyle Viaduct', 'USA','Hernandezbury','VA','20041','Sophomore', 2.29, 0, 0,'Not selected or Other','Male','Middle Income',14,17, 'Y', 'Y', 'N', 'img/student.jpg', 15);
insert into StudentInterestGroups (InterestGroupID, StudentEntityID)
values (11,281);
insert into StudentInterestGroups (InterestGroupID, StudentEntityID)
values (1,281);
insert into userEntity (UserName, EmailAddress, EntityType)
values ('ChristopherKeithA170', 'ChristopherKeithA170@Louisa.edu', 'STUD');
insert into student (StudentEntityID, FirstName, LastName, MiddleInitial, StreetAddress, Country,City, State,ZipCode, StudentGradeLevel, StudentGPA, StudentACTScore, StudentSATScore, StudentEthnicity, StudentGender, IncomeLevel, DaysAbsent, HoursOfWorkPlaceExp, StudentAthleteFlag, StudentGraduationTrack, StudentEmploymentFlag, StudentImage,SchoolEntityID)
values (282, 'Christopher', 'Keith', 'A', '37876 Wallace Route Apt. 467', 'USA','Kaylaton','VA','20041','Freshmen', 3.86, 0, 0,'Caucasian','Male','Lower Income',0,19, 'Y', 'Y', 'Y', 'img/student.jpg', 12);
insert into StudentInterestGroups (InterestGroupID, StudentEntityID)
values (10,282);
insert into StudentInterestGroups (InterestGroupID, StudentEntityID)
values (6,282);
insert into StudentInterestGroups (InterestGroupID, StudentEntityID)
values (4,282);
insert into StudentInterestGroups (InterestGroupID, StudentEntityID)
values (5,282);
insert into StudentInterestGroups (InterestGroupID, StudentEntityID)
values (1,282);
insert into userEntity (UserName, EmailAddress, EntityType)
values ('BradleyDarbonneU971', 'BradleyDarbonneU971@spotswood.edu', 'STUD');
insert into student (StudentEntityID, FirstName, LastName, MiddleInitial, StreetAddress, Country,City, State,ZipCode, StudentGradeLevel, StudentGPA, StudentACTScore, StudentSATScore, StudentEthnicity, StudentGender, IncomeLevel, DaysAbsent, HoursOfWorkPlaceExp, StudentAthleteFlag, StudentGraduationTrack, StudentEmploymentFlag, StudentImage,SchoolEntityID)
values (283, 'Bradley', 'Darbonne', 'U', '5344 Hall Isle', 'USA','North Samanthafurt','VA','20041','Senior', 1.49, 11, 1075,'Caucasian','Male','Middle Income',15,25, 'Y', 'N', 'N', 'img/student.jpg', 14);
insert into StudentInterestGroups (InterestGroupID, StudentEntityID)
values (4,283);
insert into StudentInterestGroups (InterestGroupID, StudentEntityID)
values (10,283);
insert into StudentInterestGroups (InterestGroupID, StudentEntityID)
values (9,283);
insert into StudentInterestGroups (InterestGroupID, StudentEntityID)
values (11,283);
insert into StudentInterestGroups (InterestGroupID, StudentEntityID)
values (2,283);
insert into StudentInterestGroups (InterestGroupID, StudentEntityID)
values (8,283);
insert into StudentInterestGroups (InterestGroupID, StudentEntityID)
values (1,283);
insert into StudentInterestGroups (InterestGroupID, StudentEntityID)
values (6,283);
insert into userEntity (UserName, EmailAddress, EntityType)
values ('DennisSmithB614', 'DennisSmithB614@spotswood.edu', 'STUD');
insert into student (StudentEntityID, FirstName, LastName, MiddleInitial, StreetAddress, Country,City, State,ZipCode, StudentGradeLevel, StudentGPA, StudentACTScore, StudentSATScore, StudentEthnicity, StudentGender, IncomeLevel, DaysAbsent, HoursOfWorkPlaceExp, StudentAthleteFlag, StudentGraduationTrack, StudentEmploymentFlag, StudentImage,SchoolEntityID)
values (284, 'Dennis', 'Smith', 'B', '924 Garcia Glens Suite 121', 'USA','Jessemouth','VA','20040','Freshmen', 2.44, 0, 0,'Caucasian','Male','Lower Income',13,13, 'Y', 'Y', 'Y', 'img/student.jpg', 14);
insert into StudentInterestGroups (InterestGroupID, StudentEntityID)
values (6,284);
insert into StudentInterestGroups (InterestGroupID, StudentEntityID)
values (4,284);
insert into StudentInterestGroups (InterestGroupID, StudentEntityID)
values (7,284);
insert into userEntity (UserName, EmailAddress, EntityType)
values ('ErnestoKerrC870', 'ErnestoKerrC870@rockingham.k12.va.us', 'STUD');
insert into student (StudentEntityID, FirstName, LastName, MiddleInitial, StreetAddress, Country,City, State,ZipCode, StudentGradeLevel, StudentGPA, StudentACTScore, StudentSATScore, StudentEthnicity, StudentGender, IncomeLevel, DaysAbsent, HoursOfWorkPlaceExp, StudentAthleteFlag, StudentGraduationTrack, StudentEmploymentFlag, StudentImage,SchoolEntityID)
values (285, 'Ernesto', 'Kerr', 'C', '188 Jensen Parkways Apt. 261', 'USA','South Lauren','VA','20040','Junior', 1.01, 11, 806,'Caucasian','Male','Lower Income',13,16, 'N', 'N', 'Y', 'img/student.jpg', 13);
insert into StudentInterestGroups (InterestGroupID, StudentEntityID)
values (2,285);
insert into StudentInterestGroups (InterestGroupID, StudentEntityID)
values (4,285);
insert into userEntity (UserName, EmailAddress, EntityType)
values ('BarbaraIngramG891', 'BarbaraIngramG891@turnerAshby.edu', 'STUD');
insert into student (StudentEntityID, FirstName, LastName, MiddleInitial, StreetAddress, Country,City, State,ZipCode, StudentGradeLevel, StudentGPA, StudentACTScore, StudentSATScore, StudentEthnicity, StudentGender, IncomeLevel, DaysAbsent, HoursOfWorkPlaceExp, StudentAthleteFlag, StudentGraduationTrack, StudentEmploymentFlag, StudentImage,SchoolEntityID)
values (286, 'Barbara', 'Ingram', 'G', '2153 Richardson Burgs', 'USA','Meganland','VA','20040','Junior', 3.44, 30, 1244,'Caucasian','Female','Higher Income',1,34, 'Y', 'Y', 'Y', 'img/student.jpg', 15);
insert into StudentInterestGroups (InterestGroupID, StudentEntityID)
values (8,286);
insert into StudentInterestGroups (InterestGroupID, StudentEntityID)
values (6,286);
insert into userEntity (UserName, EmailAddress, EntityType)
values ('LloydDevriesI652', 'LloydDevriesI652@Louisa.edu', 'STUD');
insert into student (StudentEntityID, FirstName, LastName, MiddleInitial, StreetAddress, Country,City, State,ZipCode, StudentGradeLevel, StudentGPA, StudentACTScore, StudentSATScore, StudentEthnicity, StudentGender, IncomeLevel, DaysAbsent, HoursOfWorkPlaceExp, StudentAthleteFlag, StudentGraduationTrack, StudentEmploymentFlag, StudentImage,SchoolEntityID)
values (287, 'Lloyd', 'Devries', 'I', '6878 Joseph Mount', 'USA','New Nicholasstad','VA','20041','Junior', 1.45, 18, 649,'Caucasian','Male','Higher Income',13,12, 'Y', 'N', 'Y', 'img/student.jpg', 12);
insert into StudentInterestGroups (InterestGroupID, StudentEntityID)
values (5,287);
insert into StudentInterestGroups (InterestGroupID, StudentEntityID)
values (6,287);
insert into StudentInterestGroups (InterestGroupID, StudentEntityID)
values (8,287);
insert into StudentInterestGroups (InterestGroupID, StudentEntityID)
values (9,287);
insert into StudentInterestGroups (InterestGroupID, StudentEntityID)
values (1,287);
insert into StudentInterestGroups (InterestGroupID, StudentEntityID)
values (7,287);
insert into userEntity (UserName, EmailAddress, EntityType)
values ('HelenPfeiferW356', 'HelenPfeiferW356@turnerAshby.edu', 'STUD');
insert into student (StudentEntityID, FirstName, LastName, MiddleInitial, StreetAddress, Country,City, State,ZipCode, StudentGradeLevel, StudentGPA, StudentACTScore, StudentSATScore, StudentEthnicity, StudentGender, IncomeLevel, DaysAbsent, HoursOfWorkPlaceExp, StudentAthleteFlag, StudentGraduationTrack, StudentEmploymentFlag, StudentImage,SchoolEntityID)
values (288, 'Helen', 'Pfeifer', 'W', '234 Stephanie Trafficway Suite 907', 'USA','Bowmantown','VA','20040','Freshmen', 3.21, 0, 0,'Caucasian','Female','Higher Income',2,14, 'Y', 'Y', 'Y', 'img/student.jpg', 15);
insert into StudentInterestGroups (InterestGroupID, StudentEntityID)
values (5,288);
insert into StudentInterestGroups (InterestGroupID, StudentEntityID)
values (2,288);
insert into StudentInterestGroups (InterestGroupID, StudentEntityID)
values (12,288);
insert into StudentInterestGroups (InterestGroupID, StudentEntityID)
values (7,288);
insert into StudentInterestGroups (InterestGroupID, StudentEntityID)
values (11,288);
insert into StudentInterestGroups (InterestGroupID, StudentEntityID)
values (1,288);
insert into StudentInterestGroups (InterestGroupID, StudentEntityID)
values (6,288);
insert into userEntity (UserName, EmailAddress, EntityType)
values ('JacobBishopD304', 'JacobBishopD304@rockingham.k12.va.us', 'STUD');
insert into student (StudentEntityID, FirstName, LastName, MiddleInitial, StreetAddress, Country,City, State,ZipCode, StudentGradeLevel, StudentGPA, StudentACTScore, StudentSATScore, StudentEthnicity, StudentGender, IncomeLevel, DaysAbsent, HoursOfWorkPlaceExp, StudentAthleteFlag, StudentGraduationTrack, StudentEmploymentFlag, StudentImage,SchoolEntityID)
values (289, 'Jacob', 'Bishop', 'D', '225 Stephanie Lodge Suite 188', 'USA','North Sarah','VA','20041','Senior', 2.5, 32, 1032,'Caucasian','Male','Middle Income',5,45, 'Y', 'Y', 'N', 'img/student.jpg', 13);
insert into StudentInterestGroups (InterestGroupID, StudentEntityID)
values (1,289);
insert into StudentInterestGroups (InterestGroupID, StudentEntityID)
values (6,289);
insert into StudentInterestGroups (InterestGroupID, StudentEntityID)
values (9,289);
insert into userEntity (UserName, EmailAddress, EntityType)
values ('GlennaCucuzzaE193', 'GlennaCucuzzaE193@spotswood.edu', 'STUD');
insert into student (StudentEntityID, FirstName, LastName, MiddleInitial, StreetAddress, Country,City, State,ZipCode, StudentGradeLevel, StudentGPA, StudentACTScore, StudentSATScore, StudentEthnicity, StudentGender, IncomeLevel, DaysAbsent, HoursOfWorkPlaceExp, StudentAthleteFlag, StudentGraduationTrack, StudentEmploymentFlag, StudentImage,SchoolEntityID)
values (290, 'Glenna', 'Cucuzza', 'E', '9073 Weeks Stravenue', 'USA','Port William','VA','20041','Sophomore', 1.05, 0, 0,'Asian','Female','Higher Income',13,4, 'N', 'N', 'N', 'img/student.jpg', 14);
insert into StudentInterestGroups (InterestGroupID, StudentEntityID)
values (6,290);
insert into userEntity (UserName, EmailAddress, EntityType)
values ('JoseHuntZ360', 'JoseHuntZ360@broadway.edu', 'STUD');
insert into student (StudentEntityID, FirstName, LastName, MiddleInitial, StreetAddress, Country,City, State,ZipCode, StudentGradeLevel, StudentGPA, StudentACTScore, StudentSATScore, StudentEthnicity, StudentGender, IncomeLevel, DaysAbsent, HoursOfWorkPlaceExp, StudentAthleteFlag, StudentGraduationTrack, StudentEmploymentFlag, StudentImage,SchoolEntityID)
values (291, 'Jose', 'Hunt', 'Z', '22456 Klein Ramp Apt. 886', 'USA','Lake Ginashire','VA','20040','Sophomore', 3.66, 0, 0,'Caucasian','Male','Middle Income',0,25, 'Y', 'Y', 'N', 'img/student.jpg', 16);
insert into StudentInterestGroups (InterestGroupID, StudentEntityID)
values (4,291);
insert into StudentInterestGroups (InterestGroupID, StudentEntityID)
values (12,291);
insert into StudentInterestGroups (InterestGroupID, StudentEntityID)
values (2,291);
insert into StudentInterestGroups (InterestGroupID, StudentEntityID)
values (1,291);
insert into StudentInterestGroups (InterestGroupID, StudentEntityID)
values (11,291);
insert into StudentInterestGroups (InterestGroupID, StudentEntityID)
values (3,291);
insert into userEntity (UserName, EmailAddress, EntityType)
values ('ErnestoPageF666', 'ErnestoPageF666@Louisa.edu', 'STUD');
insert into student (StudentEntityID, FirstName, LastName, MiddleInitial, StreetAddress, Country,City, State,ZipCode, StudentGradeLevel, StudentGPA, StudentACTScore, StudentSATScore, StudentEthnicity, StudentGender, IncomeLevel, DaysAbsent, HoursOfWorkPlaceExp, StudentAthleteFlag, StudentGraduationTrack, StudentEmploymentFlag, StudentImage,SchoolEntityID)
values (292, 'Ernesto', 'Page', 'F', '5324 Bonnie Pass Suite 302', 'USA','South Anne','VA','20041','Sophomore', 1.64, 0, 0,'Caucasian','Male','Lower Income',8,7, 'Y', 'N', 'N', 'img/student.jpg', 12);
insert into StudentInterestGroups (InterestGroupID, StudentEntityID)
values (8,292);
insert into StudentInterestGroups (InterestGroupID, StudentEntityID)
values (11,292);
insert into StudentInterestGroups (InterestGroupID, StudentEntityID)
values (1,292);
insert into StudentInterestGroups (InterestGroupID, StudentEntityID)
values (5,292);
insert into StudentInterestGroups (InterestGroupID, StudentEntityID)
values (6,292);
insert into StudentInterestGroups (InterestGroupID, StudentEntityID)
values (10,292);
insert into userEntity (UserName, EmailAddress, EntityType)
values ('SueBennettA84', 'SueBennettA84@Louisa.edu', 'STUD');
insert into student (StudentEntityID, FirstName, LastName, MiddleInitial, StreetAddress, Country,City, State,ZipCode, StudentGradeLevel, StudentGPA, StudentACTScore, StudentSATScore, StudentEthnicity, StudentGender, IncomeLevel, DaysAbsent, HoursOfWorkPlaceExp, StudentAthleteFlag, StudentGraduationTrack, StudentEmploymentFlag, StudentImage,SchoolEntityID)
values (293, 'Sue', 'Bennett', 'A', '43941 Cole Streets', 'USA','Mcleanborough','VA','20041','Sophomore', 1.48, 0, 0,'Caucasian','Female','Higher Income',13,1, 'N', 'N', 'Y', 'img/student.jpg', 12);
insert into StudentInterestGroups (InterestGroupID, StudentEntityID)
values (8,293);
insert into StudentInterestGroups (InterestGroupID, StudentEntityID)
values (3,293);
insert into StudentInterestGroups (InterestGroupID, StudentEntityID)
values (12,293);
insert into StudentInterestGroups (InterestGroupID, StudentEntityID)
values (4,293);
insert into userEntity (UserName, EmailAddress, EntityType)
values ('LeonLaumbachW458', 'LeonLaumbachW458@harrisonburg.edu', 'STUD');
insert into student (StudentEntityID, FirstName, LastName, MiddleInitial, StreetAddress, Country,City, State,ZipCode, StudentGradeLevel, StudentGPA, StudentACTScore, StudentSATScore, StudentEthnicity, StudentGender, IncomeLevel, DaysAbsent, HoursOfWorkPlaceExp, StudentAthleteFlag, StudentGraduationTrack, StudentEmploymentFlag, StudentImage,SchoolEntityID)
values (294, 'Leon', 'Laumbach', 'W', '07731 Brooks Hill', 'USA','Edwinton','VA','20040','Junior', 3.67, 27, 1392,'Caucasian','Male','Middle Income',2,32, 'Y', 'Y', 'Y', 'img/student.jpg', 17);
insert into StudentInterestGroups (InterestGroupID, StudentEntityID)
values (6,294);
insert into StudentInterestGroups (InterestGroupID, StudentEntityID)
values (5,294);
insert into StudentInterestGroups (InterestGroupID, StudentEntityID)
values (4,294);
insert into StudentInterestGroups (InterestGroupID, StudentEntityID)
values (1,294);
insert into userEntity (UserName, EmailAddress, EntityType)
values ('LorenzoRomanR974', 'LorenzoRomanR974@spotswood.edu', 'STUD');
insert into student (StudentEntityID, FirstName, LastName, MiddleInitial, StreetAddress, Country,City, State,ZipCode, StudentGradeLevel, StudentGPA, StudentACTScore, StudentSATScore, StudentEthnicity, StudentGender, IncomeLevel, DaysAbsent, HoursOfWorkPlaceExp, StudentAthleteFlag, StudentGraduationTrack, StudentEmploymentFlag, StudentImage,SchoolEntityID)
values (295, 'Lorenzo', 'Roman', 'R', '911 Tina Point', 'USA','West Anna','VA','20040','Junior', 3.59, 31, 1150,'Caucasian','Male','Middle Income',1,27, 'Y', 'Y', 'Y', 'img/student.jpg', 14);
insert into StudentInterestGroups (InterestGroupID, StudentEntityID)
values (8,295);
insert into StudentInterestGroups (InterestGroupID, StudentEntityID)
values (11,295);
insert into StudentInterestGroups (InterestGroupID, StudentEntityID)
values (6,295);
insert into StudentInterestGroups (InterestGroupID, StudentEntityID)
values (10,295);
insert into userEntity (UserName, EmailAddress, EntityType)
values ('JacobMacdonaldB581', 'JacobMacdonaldB581@broadway.edu', 'STUD');
insert into student (StudentEntityID, FirstName, LastName, MiddleInitial, StreetAddress, Country,City, State,ZipCode, StudentGradeLevel, StudentGPA, StudentACTScore, StudentSATScore, StudentEthnicity, StudentGender, IncomeLevel, DaysAbsent, HoursOfWorkPlaceExp, StudentAthleteFlag, StudentGraduationTrack, StudentEmploymentFlag, StudentImage,SchoolEntityID)
values (296, 'Jacob', 'Macdonald', 'B', '95389 Andrew Knoll', 'USA','Grahammouth','VA','20040','Senior', 3.08, 30, 1377,'African American','Male','Lower Income',1,35, 'N', 'Y', 'N', 'img/student.jpg', 16);
insert into StudentInterestGroups (InterestGroupID, StudentEntityID)
values (2,296);
insert into StudentInterestGroups (InterestGroupID, StudentEntityID)
values (1,296);
insert into userEntity (UserName, EmailAddress, EntityType)
values ('DeannaRochaZ500', 'DeannaRochaZ500@turnerAshby.edu', 'STUD');
insert into student (StudentEntityID, FirstName, LastName, MiddleInitial, StreetAddress, Country,City, State,ZipCode, StudentGradeLevel, StudentGPA, StudentACTScore, StudentSATScore, StudentEthnicity, StudentGender, IncomeLevel, DaysAbsent, HoursOfWorkPlaceExp, StudentAthleteFlag, StudentGraduationTrack, StudentEmploymentFlag, StudentImage,SchoolEntityID)
values (297, 'Deanna', 'Rocha', 'Z', '357 Anderson Glen Apt. 175', 'USA','Wongshire','VA','20040','Freshmen', 2.24, 0, 0,'Hispanic','Female','Lower Income',14,5, 'Y', 'Y', 'N', 'img/student.jpg', 15);
insert into StudentInterestGroups (InterestGroupID, StudentEntityID)
values (6,297);
insert into userEntity (UserName, EmailAddress, EntityType)
values ('IsabellePaquinE367', 'IsabellePaquinE367@rockingham.k12.va.us', 'STUD');
insert into student (StudentEntityID, FirstName, LastName, MiddleInitial, StreetAddress, Country,City, State,ZipCode, StudentGradeLevel, StudentGPA, StudentACTScore, StudentSATScore, StudentEthnicity, StudentGender, IncomeLevel, DaysAbsent, HoursOfWorkPlaceExp, StudentAthleteFlag, StudentGraduationTrack, StudentEmploymentFlag, StudentImage,SchoolEntityID)
values (298, 'Isabelle', 'Paquin', 'E', '96597 Barnett Branch', 'USA','Rhondamouth','VA','20040','Junior', 3.02, 33, 1291,'Hispanic','Female','Lower Income',2,34, 'Y', 'Y', 'N', 'img/student.jpg', 13);
insert into StudentInterestGroups (InterestGroupID, StudentEntityID)
values (7,298);
insert into StudentInterestGroups (InterestGroupID, StudentEntityID)
values (2,298);
insert into StudentInterestGroups (InterestGroupID, StudentEntityID)
values (9,298);
insert into StudentInterestGroups (InterestGroupID, StudentEntityID)
values (5,298);
insert into StudentInterestGroups (InterestGroupID, StudentEntityID)
values (10,298);
insert into userEntity (UserName, EmailAddress, EntityType)
values ('AnnMagersZ837', 'AnnMagersZ837@spotswood.edu', 'STUD');
insert into student (StudentEntityID, FirstName, LastName, MiddleInitial, StreetAddress, Country,City, State,ZipCode, StudentGradeLevel, StudentGPA, StudentACTScore, StudentSATScore, StudentEthnicity, StudentGender, IncomeLevel, DaysAbsent, HoursOfWorkPlaceExp, StudentAthleteFlag, StudentGraduationTrack, StudentEmploymentFlag, StudentImage,SchoolEntityID)
values (299, 'Ann', 'Magers', 'Z', '2675 Rodriguez Vista', 'USA','Lake Jacquelineberg','VA','20041','Senior', 2.23, 29, 991,'Hispanic','Female','Higher Income',13,30, 'Y', 'Y', 'Y', 'img/student.jpg', 14);
insert into StudentInterestGroups (InterestGroupID, StudentEntityID)
values (2,299);
insert into StudentInterestGroups (InterestGroupID, StudentEntityID)
values (5,299);
insert into StudentInterestGroups (InterestGroupID, StudentEntityID)
values (7,299);
insert into userEntity (UserName, EmailAddress, EntityType)
values ('LeeDelavegaY328', 'LeeDelavegaY328@broadway.edu', 'STUD');
insert into student (StudentEntityID, FirstName, LastName, MiddleInitial, StreetAddress, Country,City, State,ZipCode, StudentGradeLevel, StudentGPA, StudentACTScore, StudentSATScore, StudentEthnicity, StudentGender, IncomeLevel, DaysAbsent, HoursOfWorkPlaceExp, StudentAthleteFlag, StudentGraduationTrack, StudentEmploymentFlag, StudentImage,SchoolEntityID)
values (300, 'Lee', 'Delavega', 'Y', '6060 Cordova Ranch Suite 818', 'USA','Huberchester','VA','20041','Freshmen', 1.42, 0, 0,'Hispanic','Female','Lower Income',13,3, 'N', 'N', 'Y', 'img/student.jpg', 16);
insert into StudentInterestGroups (InterestGroupID, StudentEntityID)
values (9,300);
insert into StudentInterestGroups (InterestGroupID, StudentEntityID)
values (4,300);
insert into userEntity (UserName, EmailAddress, EntityType)
values ('FredOneillG646', 'FredOneillG646@rockingham.k12.va.us', 'STUD');
insert into student (StudentEntityID, FirstName, LastName, MiddleInitial, StreetAddress, Country,City, State,ZipCode, StudentGradeLevel, StudentGPA, StudentACTScore, StudentSATScore, StudentEthnicity, StudentGender, IncomeLevel, DaysAbsent, HoursOfWorkPlaceExp, StudentAthleteFlag, StudentGraduationTrack, StudentEmploymentFlag, StudentImage,SchoolEntityID)
values (301, 'Fred', 'Oneill', 'G', '44986 Michael Garden', 'USA','Port Sarachester','VA','20040','Junior', 3.82, 29, 1305,'African American','Male','Lower Income',4,31, 'Y', 'Y', 'Y', 'img/student.jpg', 13);
insert into StudentInterestGroups (InterestGroupID, StudentEntityID)
values (8,301);
insert into StudentInterestGroups (InterestGroupID, StudentEntityID)
values (6,301);
insert into StudentInterestGroups (InterestGroupID, StudentEntityID)
values (4,301);
insert into StudentInterestGroups (InterestGroupID, StudentEntityID)
values (7,301);
insert into StudentInterestGroups (InterestGroupID, StudentEntityID)
values (9,301);
insert into StudentInterestGroups (InterestGroupID, StudentEntityID)
values (5,301);
insert into userEntity (UserName, EmailAddress, EntityType)
values ('JamesSmartS573', 'JamesSmartS573@broadway.edu', 'STUD');
insert into student (StudentEntityID, FirstName, LastName, MiddleInitial, StreetAddress, Country,City, State,ZipCode, StudentGradeLevel, StudentGPA, StudentACTScore, StudentSATScore, StudentEthnicity, StudentGender, IncomeLevel, DaysAbsent, HoursOfWorkPlaceExp, StudentAthleteFlag, StudentGraduationTrack, StudentEmploymentFlag, StudentImage,SchoolEntityID)
values (302, 'James', 'Smart', 'S', '5546 Michael Village Suite 796', 'USA','Rogermouth','VA','20040','Freshmen', 2.83, 0, 0,'Caucasian','Male','Higher Income',5,10, 'Y', 'Y', 'Y', 'img/student.jpg', 16);
insert into StudentInterestGroups (InterestGroupID, StudentEntityID)
values (1,302);
insert into userEntity (UserName, EmailAddress, EntityType)
values ('BryanCybartM445', 'BryanCybartM445@Louisa.edu', 'STUD');
insert into student (StudentEntityID, FirstName, LastName, MiddleInitial, StreetAddress, Country,City, State,ZipCode, StudentGradeLevel, StudentGPA, StudentACTScore, StudentSATScore, StudentEthnicity, StudentGender, IncomeLevel, DaysAbsent, HoursOfWorkPlaceExp, StudentAthleteFlag, StudentGraduationTrack, StudentEmploymentFlag, StudentImage,SchoolEntityID)
values (303, 'Bryan', 'Cybart', 'M', '5871 Jenna Station Apt. 570', 'USA','Jameschester','VA','20041','Freshmen', 2.87, 0, 0,'Hispanic','Male','Middle Income',3,13, 'Y', 'Y', 'N', 'img/student.jpg', 12);
insert into StudentInterestGroups (InterestGroupID, StudentEntityID)
values (7,303);
insert into StudentInterestGroups (InterestGroupID, StudentEntityID)
values (6,303);
insert into StudentInterestGroups (InterestGroupID, StudentEntityID)
values (2,303);
insert into StudentInterestGroups (InterestGroupID, StudentEntityID)
values (4,303);
insert into StudentInterestGroups (InterestGroupID, StudentEntityID)
values (11,303);
insert into StudentInterestGroups (InterestGroupID, StudentEntityID)
values (1,303);
insert into StudentInterestGroups (InterestGroupID, StudentEntityID)
values (9,303);
insert into userEntity (UserName, EmailAddress, EntityType)
values ('DesireeOngL429', 'DesireeOngL429@harrisonburg.edu', 'STUD');
insert into student (StudentEntityID, FirstName, LastName, MiddleInitial, StreetAddress, Country,City, State,ZipCode, StudentGradeLevel, StudentGPA, StudentACTScore, StudentSATScore, StudentEthnicity, StudentGender, IncomeLevel, DaysAbsent, HoursOfWorkPlaceExp, StudentAthleteFlag, StudentGraduationTrack, StudentEmploymentFlag, StudentImage,SchoolEntityID)
values (304, 'Desiree', 'Ong', 'L', '446 Frazier Landing Apt. 439', 'USA','Oconnorberg','VA','20041','Senior', 3.65, 29, 1579,'Caucasian','Female','Higher Income',0,35, 'Y', 'Y', 'Y', 'img/student.jpg', 17);
insert into StudentInterestGroups (InterestGroupID, StudentEntityID)
values (5,304);
insert into StudentInterestGroups (InterestGroupID, StudentEntityID)
values (3,304);
insert into StudentInterestGroups (InterestGroupID, StudentEntityID)
values (11,304);
insert into StudentInterestGroups (InterestGroupID, StudentEntityID)
values (7,304);
insert into StudentInterestGroups (InterestGroupID, StudentEntityID)
values (6,304);
insert into StudentInterestGroups (InterestGroupID, StudentEntityID)
values (8,304);
insert into StudentInterestGroups (InterestGroupID, StudentEntityID)
values (10,304);
insert into userEntity (UserName, EmailAddress, EntityType)
values ('RobertEcholsQ1', 'RobertEcholsQ1@rockingham.k12.va.us', 'STUD');
insert into student (StudentEntityID, FirstName, LastName, MiddleInitial, StreetAddress, Country,City, State,ZipCode, StudentGradeLevel, StudentGPA, StudentACTScore, StudentSATScore, StudentEthnicity, StudentGender, IncomeLevel, DaysAbsent, HoursOfWorkPlaceExp, StudentAthleteFlag, StudentGraduationTrack, StudentEmploymentFlag, StudentImage,SchoolEntityID)
values (305, 'Robert', 'Echols', 'Q', '702 Johnson Island', 'USA','Careyborough','VA','20040','Senior', 1.22, 13, 1020,'Caucasian','Male','Higher Income',15,23, 'Y', 'N', 'Y', 'img/student.jpg', 13);
insert into StudentInterestGroups (InterestGroupID, StudentEntityID)
values (7,305);
insert into StudentInterestGroups (InterestGroupID, StudentEntityID)
values (8,305);
insert into StudentInterestGroups (InterestGroupID, StudentEntityID)
values (12,305);
insert into StudentInterestGroups (InterestGroupID, StudentEntityID)
values (6,305);
insert into StudentInterestGroups (InterestGroupID, StudentEntityID)
values (9,305);
insert into StudentInterestGroups (InterestGroupID, StudentEntityID)
values (4,305);
insert into StudentInterestGroups (InterestGroupID, StudentEntityID)
values (1,305);
insert into userEntity (UserName, EmailAddress, EntityType)
values ('RichardFolkX556', 'RichardFolkX556@spotswood.edu', 'STUD');
insert into student (StudentEntityID, FirstName, LastName, MiddleInitial, StreetAddress, Country,City, State,ZipCode, StudentGradeLevel, StudentGPA, StudentACTScore, StudentSATScore, StudentEthnicity, StudentGender, IncomeLevel, DaysAbsent, HoursOfWorkPlaceExp, StudentAthleteFlag, StudentGraduationTrack, StudentEmploymentFlag, StudentImage,SchoolEntityID)
values (306, 'Richard', 'Folk', 'X', '0350 Turner Fords', 'USA','Joshuashire','VA','20040','Junior', 2.33, 27, 1071,'Caucasian','Other','Middle Income',5,21, 'N', 'Y', 'Y', 'img/student.jpg', 14);
insert into StudentInterestGroups (InterestGroupID, StudentEntityID)
values (11,306);
insert into StudentInterestGroups (InterestGroupID, StudentEntityID)
values (3,306);
insert into StudentInterestGroups (InterestGroupID, StudentEntityID)
values (10,306);
insert into StudentInterestGroups (InterestGroupID, StudentEntityID)
values (1,306);
insert into userEntity (UserName, EmailAddress, EntityType)
values ('VivianGoodrumN743', 'VivianGoodrumN743@spotswood.edu', 'STUD');
insert into student (StudentEntityID, FirstName, LastName, MiddleInitial, StreetAddress, Country,City, State,ZipCode, StudentGradeLevel, StudentGPA, StudentACTScore, StudentSATScore, StudentEthnicity, StudentGender, IncomeLevel, DaysAbsent, HoursOfWorkPlaceExp, StudentAthleteFlag, StudentGraduationTrack, StudentEmploymentFlag, StudentImage,SchoolEntityID)
values (307, 'Vivian', 'Goodrum', 'N', '815 Brown Dale', 'USA','East Bryanstad','VA','20040','Sophomore', 2.72, 0, 0,'Caucasian','Female','Lower Income',2,17, 'N', 'Y', 'Y', 'img/student.jpg', 14);
insert into StudentInterestGroups (InterestGroupID, StudentEntityID)
values (8,307);
insert into StudentInterestGroups (InterestGroupID, StudentEntityID)
values (12,307);
insert into StudentInterestGroups (InterestGroupID, StudentEntityID)
values (5,307);
insert into userEntity (UserName, EmailAddress, EntityType)
values ('SidneyHorwitzM512', 'SidneyHorwitzM512@Louisa.edu', 'STUD');
insert into student (StudentEntityID, FirstName, LastName, MiddleInitial, StreetAddress, Country,City, State,ZipCode, StudentGradeLevel, StudentGPA, StudentACTScore, StudentSATScore, StudentEthnicity, StudentGender, IncomeLevel, DaysAbsent, HoursOfWorkPlaceExp, StudentAthleteFlag, StudentGraduationTrack, StudentEmploymentFlag, StudentImage,SchoolEntityID)
values (308, 'Sidney', 'Horwitz', 'M', '41946 Christopher Turnpike', 'USA','Carolland','VA','20041','Freshmen', 1.38, 0, 0,'Caucasian','Male','Middle Income',15,5, 'Y', 'N', 'N', 'img/student.jpg', 12);
insert into StudentInterestGroups (InterestGroupID, StudentEntityID)
values (9,308);
insert into StudentInterestGroups (InterestGroupID, StudentEntityID)
values (5,308);
insert into StudentInterestGroups (InterestGroupID, StudentEntityID)
values (1,308);
insert into StudentInterestGroups (InterestGroupID, StudentEntityID)
values (8,308);
insert into StudentInterestGroups (InterestGroupID, StudentEntityID)
values (10,308);
insert into StudentInterestGroups (InterestGroupID, StudentEntityID)
values (11,308);
insert into StudentInterestGroups (InterestGroupID, StudentEntityID)
values (3,308);
insert into userEntity (UserName, EmailAddress, EntityType)
values ('GaryJonesQ600', 'GaryJonesQ600@spotswood.edu', 'STUD');
insert into student (StudentEntityID, FirstName, LastName, MiddleInitial, StreetAddress, Country,City, State,ZipCode, StudentGradeLevel, StudentGPA, StudentACTScore, StudentSATScore, StudentEthnicity, StudentGender, IncomeLevel, DaysAbsent, HoursOfWorkPlaceExp, StudentAthleteFlag, StudentGraduationTrack, StudentEmploymentFlag, StudentImage,SchoolEntityID)
values (309, 'Gary', 'Jones', 'Q', '7880 Gallagher Via Apt. 428', 'USA','Jeremyhaven','VA','20040','Sophomore', 1.74, 0, 0,'Caucasian','Male','Middle Income',15,9, 'Y', 'N', 'N', 'img/student.jpg', 14);
insert into StudentInterestGroups (InterestGroupID, StudentEntityID)
values (8,309);
insert into StudentInterestGroups (InterestGroupID, StudentEntityID)
values (4,309);
insert into StudentInterestGroups (InterestGroupID, StudentEntityID)
values (10,309);
insert into StudentInterestGroups (InterestGroupID, StudentEntityID)
values (5,309);
insert into userEntity (UserName, EmailAddress, EntityType)
values ('JohnBeebeA258', 'JohnBeebeA258@rockingham.k12.va.us', 'STUD');
insert into student (StudentEntityID, FirstName, LastName, MiddleInitial, StreetAddress, Country,City, State,ZipCode, StudentGradeLevel, StudentGPA, StudentACTScore, StudentSATScore, StudentEthnicity, StudentGender, IncomeLevel, DaysAbsent, HoursOfWorkPlaceExp, StudentAthleteFlag, StudentGraduationTrack, StudentEmploymentFlag, StudentImage,SchoolEntityID)
values (310, 'John', 'Beebe', 'A', '412 Sergio Row Apt. 673', 'USA','East Krystal','VA','20041','Freshmen', 2.1, 0, 0,'Caucasian','Male','Middle Income',14,14, 'Y', 'Y', 'N', 'img/student.jpg', 13);
insert into StudentInterestGroups (InterestGroupID, StudentEntityID)
values (10,310);
insert into StudentInterestGroups (InterestGroupID, StudentEntityID)
values (5,310);
insert into StudentInterestGroups (InterestGroupID, StudentEntityID)
values (7,310);
insert into StudentInterestGroups (InterestGroupID, StudentEntityID)
values (11,310);
insert into userEntity (UserName, EmailAddress, EntityType)
values ('AshlySloverQ98', 'AshlySloverQ98@spotswood.edu', 'STUD');
insert into student (StudentEntityID, FirstName, LastName, MiddleInitial, StreetAddress, Country,City, State,ZipCode, StudentGradeLevel, StudentGPA, StudentACTScore, StudentSATScore, StudentEthnicity, StudentGender, IncomeLevel, DaysAbsent, HoursOfWorkPlaceExp, StudentAthleteFlag, StudentGraduationTrack, StudentEmploymentFlag, StudentImage,SchoolEntityID)
values (311, 'Ashly', 'Slover', 'Q', '445 William Stravenue Apt. 875', 'USA','Port Davidburgh','VA','20040','Sophomore', 1.86, 0, 0,'Hispanic','Female','Lower Income',15,6, 'N', 'N', 'Y', 'img/student.jpg', 14);
insert into StudentInterestGroups (InterestGroupID, StudentEntityID)
values (9,311);
insert into StudentInterestGroups (InterestGroupID, StudentEntityID)
values (1,311);
insert into StudentInterestGroups (InterestGroupID, StudentEntityID)
values (10,311);
insert into StudentInterestGroups (InterestGroupID, StudentEntityID)
values (11,311);
insert into StudentInterestGroups (InterestGroupID, StudentEntityID)
values (12,311);
insert into userEntity (UserName, EmailAddress, EntityType)
values ('ChrisJonesO6', 'ChrisJonesO6@turnerAshby.edu', 'STUD');
insert into student (StudentEntityID, FirstName, LastName, MiddleInitial, StreetAddress, Country,City, State,ZipCode, StudentGradeLevel, StudentGPA, StudentACTScore, StudentSATScore, StudentEthnicity, StudentGender, IncomeLevel, DaysAbsent, HoursOfWorkPlaceExp, StudentAthleteFlag, StudentGraduationTrack, StudentEmploymentFlag, StudentImage,SchoolEntityID)
values (312, 'Chris', 'Jones', 'O', '73750 John Park Suite 867', 'USA','East Joseph','VA','20040','Junior', 1.85, 19, 1189,'African American','Male','Higher Income',9,16, 'N', 'N', 'Y', 'img/student.jpg', 15);
insert into StudentInterestGroups (InterestGroupID, StudentEntityID)
values (4,312);
insert into StudentInterestGroups (InterestGroupID, StudentEntityID)
values (8,312);
insert into StudentInterestGroups (InterestGroupID, StudentEntityID)
values (11,312);
insert into StudentInterestGroups (InterestGroupID, StudentEntityID)
values (10,312);
insert into StudentInterestGroups (InterestGroupID, StudentEntityID)
values (7,312);
insert into StudentInterestGroups (InterestGroupID, StudentEntityID)
values (2,312);
insert into StudentInterestGroups (InterestGroupID, StudentEntityID)
values (9,312);
insert into StudentInterestGroups (InterestGroupID, StudentEntityID)
values (5,312);
insert into userEntity (UserName, EmailAddress, EntityType)
values ('CynthiaCrossX576', 'CynthiaCrossX576@broadway.edu', 'STUD');
insert into student (StudentEntityID, FirstName, LastName, MiddleInitial, StreetAddress, Country,City, State,ZipCode, StudentGradeLevel, StudentGPA, StudentACTScore, StudentSATScore, StudentEthnicity, StudentGender, IncomeLevel, DaysAbsent, HoursOfWorkPlaceExp, StudentAthleteFlag, StudentGraduationTrack, StudentEmploymentFlag, StudentImage,SchoolEntityID)
values (313, 'Cynthia', 'Cross', 'X', '56179 Laura Streets', 'USA','West Joshuaberg','VA','20040','Senior', 2.86, 35, 1164,'Caucasian','Female','Middle Income',7,33, 'N', 'Y', 'N', 'img/student.jpg', 16);
insert into StudentInterestGroups (InterestGroupID, StudentEntityID)
values (5,313);
insert into StudentInterestGroups (InterestGroupID, StudentEntityID)
values (3,313);
insert into StudentInterestGroups (InterestGroupID, StudentEntityID)
values (12,313);
insert into StudentInterestGroups (InterestGroupID, StudentEntityID)
values (9,313);
insert into StudentInterestGroups (InterestGroupID, StudentEntityID)
values (8,313);
insert into StudentInterestGroups (InterestGroupID, StudentEntityID)
values (1,313);
insert into StudentInterestGroups (InterestGroupID, StudentEntityID)
values (7,313);
insert into userEntity (UserName, EmailAddress, EntityType)
values ('LarryFeltenR199', 'LarryFeltenR199@Louisa.edu', 'STUD');
insert into student (StudentEntityID, FirstName, LastName, MiddleInitial, StreetAddress, Country,City, State,ZipCode, StudentGradeLevel, StudentGPA, StudentACTScore, StudentSATScore, StudentEthnicity, StudentGender, IncomeLevel, DaysAbsent, HoursOfWorkPlaceExp, StudentAthleteFlag, StudentGraduationTrack, StudentEmploymentFlag, StudentImage,SchoolEntityID)
values (314, 'Larry', 'Felten', 'R', '2140 Little Islands', 'USA','South Philipstad','VA','20041','Junior', 3.58, 34, 1488,'Caucasian','Male','Middle Income',5,26, 'N', 'Y', 'Y', 'img/student.jpg', 12);
insert into StudentInterestGroups (InterestGroupID, StudentEntityID)
values (12,314);
insert into StudentInterestGroups (InterestGroupID, StudentEntityID)
values (8,314);
insert into userEntity (UserName, EmailAddress, EntityType)
values ('JoesphMooreF370', 'JoesphMooreF370@spotswood.edu', 'STUD');
insert into student (StudentEntityID, FirstName, LastName, MiddleInitial, StreetAddress, Country,City, State,ZipCode, StudentGradeLevel, StudentGPA, StudentACTScore, StudentSATScore, StudentEthnicity, StudentGender, IncomeLevel, DaysAbsent, HoursOfWorkPlaceExp, StudentAthleteFlag, StudentGraduationTrack, StudentEmploymentFlag, StudentImage,SchoolEntityID)
values (315, 'Joesph', 'Moore', 'F', '61493 Frank Inlet', 'USA','Lake Dennis','VA','20041','Junior', 2.33, 28, 1004,'Caucasian','Male','Middle Income',13,20, 'Y', 'Y', 'N', 'img/student.jpg', 14);
insert into StudentInterestGroups (InterestGroupID, StudentEntityID)
values (7,315);
insert into StudentInterestGroups (InterestGroupID, StudentEntityID)
values (6,315);
insert into StudentInterestGroups (InterestGroupID, StudentEntityID)
values (8,315);
insert into StudentInterestGroups (InterestGroupID, StudentEntityID)
values (12,315);
insert into StudentInterestGroups (InterestGroupID, StudentEntityID)
values (10,315);
insert into userEntity (UserName, EmailAddress, EntityType)
values ('DavidRuscioB799', 'DavidRuscioB799@turnerAshby.edu', 'STUD');
insert into student (StudentEntityID, FirstName, LastName, MiddleInitial, StreetAddress, Country,City, State,ZipCode, StudentGradeLevel, StudentGPA, StudentACTScore, StudentSATScore, StudentEthnicity, StudentGender, IncomeLevel, DaysAbsent, HoursOfWorkPlaceExp, StudentAthleteFlag, StudentGraduationTrack, StudentEmploymentFlag, StudentImage,SchoolEntityID)
values (316, 'David', 'Ruscio', 'B', '494 Nicole Skyway', 'USA','Moralesborough','VA','20041','Freshmen', 3.62, 0, 0,'Caucasian','Male','Higher Income',5,18, 'N', 'Y', 'Y', 'img/student.jpg', 15);
insert into StudentInterestGroups (InterestGroupID, StudentEntityID)
values (3,316);
insert into userEntity (UserName, EmailAddress, EntityType)
values ('NonaMinardY790', 'NonaMinardY790@harrisonburg.edu', 'STUD');
insert into student (StudentEntityID, FirstName, LastName, MiddleInitial, StreetAddress, Country,City, State,ZipCode, StudentGradeLevel, StudentGPA, StudentACTScore, StudentSATScore, StudentEthnicity, StudentGender, IncomeLevel, DaysAbsent, HoursOfWorkPlaceExp, StudentAthleteFlag, StudentGraduationTrack, StudentEmploymentFlag, StudentImage,SchoolEntityID)
values (317, 'Nona', 'Minard', 'Y', '03507 Boyd Ramp', 'USA','Fosterchester','VA','20040','Freshmen', 1.48, 0, 0,'Not selected or Other','Female','Middle Income',15,0, 'Y', 'N', 'N', 'img/student.jpg', 17);
insert into StudentInterestGroups (InterestGroupID, StudentEntityID)
values (11,317);
insert into StudentInterestGroups (InterestGroupID, StudentEntityID)
values (4,317);
insert into StudentInterestGroups (InterestGroupID, StudentEntityID)
values (3,317);
insert into StudentInterestGroups (InterestGroupID, StudentEntityID)
values (7,317);
insert into StudentInterestGroups (InterestGroupID, StudentEntityID)
values (5,317);
insert into userEntity (UserName, EmailAddress, EntityType)
values ('LisaGableO50', 'LisaGableO50@turnerAshby.edu', 'STUD');
insert into student (StudentEntityID, FirstName, LastName, MiddleInitial, StreetAddress, Country,City, State,ZipCode, StudentGradeLevel, StudentGPA, StudentACTScore, StudentSATScore, StudentEthnicity, StudentGender, IncomeLevel, DaysAbsent, HoursOfWorkPlaceExp, StudentAthleteFlag, StudentGraduationTrack, StudentEmploymentFlag, StudentImage,SchoolEntityID)
values (318, 'Lisa', 'Gable', 'O', '866 Davidson Views', 'USA','Woodardbury','VA','20041','Senior', 1.05, 12, 908,'Not selected or Other','Other','Middle Income',14,25, 'N', 'N', 'Y', 'img/student.jpg', 15);
insert into StudentInterestGroups (InterestGroupID, StudentEntityID)
values (5,318);
insert into StudentInterestGroups (InterestGroupID, StudentEntityID)
values (4,318);
insert into StudentInterestGroups (InterestGroupID, StudentEntityID)
values (11,318);
insert into StudentInterestGroups (InterestGroupID, StudentEntityID)
values (1,318);
insert into StudentInterestGroups (InterestGroupID, StudentEntityID)
values (2,318);
insert into StudentInterestGroups (InterestGroupID, StudentEntityID)
values (8,318);
insert into userEntity (UserName, EmailAddress, EntityType)
values ('ScottSimpsonU684', 'ScottSimpsonU684@Louisa.edu', 'STUD');
insert into student (StudentEntityID, FirstName, LastName, MiddleInitial, StreetAddress, Country,City, State,ZipCode, StudentGradeLevel, StudentGPA, StudentACTScore, StudentSATScore, StudentEthnicity, StudentGender, IncomeLevel, DaysAbsent, HoursOfWorkPlaceExp, StudentAthleteFlag, StudentGraduationTrack, StudentEmploymentFlag, StudentImage,SchoolEntityID)
values (319, 'Scott', 'Simpson', 'U', '83676 Thomas Crossroad', 'USA','Nelsonberg','VA','20041','Senior', 3.19, 24, 1536,'Caucasian','Other','Middle Income',2,41, 'N', 'Y', 'N', 'img/student.jpg', 12);
insert into StudentInterestGroups (InterestGroupID, StudentEntityID)
values (5,319);
insert into StudentInterestGroups (InterestGroupID, StudentEntityID)
values (12,319);
insert into StudentInterestGroups (InterestGroupID, StudentEntityID)
values (4,319);
insert into StudentInterestGroups (InterestGroupID, StudentEntityID)
values (2,319);
insert into StudentInterestGroups (InterestGroupID, StudentEntityID)
values (3,319);
insert into StudentInterestGroups (InterestGroupID, StudentEntityID)
values (7,319);
insert into StudentInterestGroups (InterestGroupID, StudentEntityID)
values (9,319);
insert into StudentInterestGroups (InterestGroupID, StudentEntityID)
values (6,319);
insert into userEntity (UserName, EmailAddress, EntityType)
values ('BrianAyalaM519', 'BrianAyalaM519@harrisonburg.edu', 'STUD');
insert into student (StudentEntityID, FirstName, LastName, MiddleInitial, StreetAddress, Country,City, State,ZipCode, StudentGradeLevel, StudentGPA, StudentACTScore, StudentSATScore, StudentEthnicity, StudentGender, IncomeLevel, DaysAbsent, HoursOfWorkPlaceExp, StudentAthleteFlag, StudentGraduationTrack, StudentEmploymentFlag, StudentImage,SchoolEntityID)
values (320, 'Brian', 'Ayala', 'M', '587 Allen Plaza Suite 814', 'USA','Thomasmouth','VA','20040','Junior', 3.64, 29, 1408,'Asian','Male','Middle Income',3,33, 'N', 'Y', 'N', 'img/student.jpg', 17);
insert into StudentInterestGroups (InterestGroupID, StudentEntityID)
values (5,320);
insert into StudentInterestGroups (InterestGroupID, StudentEntityID)
values (4,320);
insert into StudentInterestGroups (InterestGroupID, StudentEntityID)
values (10,320);
insert into userEntity (UserName, EmailAddress, EntityType)
values ('BarbaraOwensV628', 'BarbaraOwensV628@broadway.edu', 'STUD');
insert into student (StudentEntityID, FirstName, LastName, MiddleInitial, StreetAddress, Country,City, State,ZipCode, StudentGradeLevel, StudentGPA, StudentACTScore, StudentSATScore, StudentEthnicity, StudentGender, IncomeLevel, DaysAbsent, HoursOfWorkPlaceExp, StudentAthleteFlag, StudentGraduationTrack, StudentEmploymentFlag, StudentImage,SchoolEntityID)
values (321, 'Barbara', 'Owens', 'V', '97267 John Ridges Apt. 424', 'USA','Griffinmouth','VA','20040','Senior', 2.67, 29, 943,'Caucasian','Female','Lower Income',6,36, 'Y', 'Y', 'N', 'img/student.jpg', 16);
insert into StudentInterestGroups (InterestGroupID, StudentEntityID)
values (10,321);
insert into StudentInterestGroups (InterestGroupID, StudentEntityID)
values (12,321);
insert into StudentInterestGroups (InterestGroupID, StudentEntityID)
values (4,321);
insert into StudentInterestGroups (InterestGroupID, StudentEntityID)
values (11,321);
insert into userEntity (UserName, EmailAddress, EntityType)
values ('ChristopherVoorhisF323', 'ChristopherVoorhisF323@rockingham.k12.va.us', 'STUD');
insert into student (StudentEntityID, FirstName, LastName, MiddleInitial, StreetAddress, Country,City, State,ZipCode, StudentGradeLevel, StudentGPA, StudentACTScore, StudentSATScore, StudentEthnicity, StudentGender, IncomeLevel, DaysAbsent, HoursOfWorkPlaceExp, StudentAthleteFlag, StudentGraduationTrack, StudentEmploymentFlag, StudentImage,SchoolEntityID)
values (322, 'Christopher', 'Voorhis', 'F', '41933 James Flats Apt. 863', 'USA','Reidville','VA','20040','Sophomore', 2.7, 0, 0,'African American','Male','Lower Income',7,18, 'Y', 'Y', 'N', 'img/student.jpg', 13);
insert into StudentInterestGroups (InterestGroupID, StudentEntityID)
values (6,322);
insert into StudentInterestGroups (InterestGroupID, StudentEntityID)
values (1,322);
insert into StudentInterestGroups (InterestGroupID, StudentEntityID)
values (2,322);
insert into StudentInterestGroups (InterestGroupID, StudentEntityID)
values (4,322);
insert into StudentInterestGroups (InterestGroupID, StudentEntityID)
values (5,322);
insert into StudentInterestGroups (InterestGroupID, StudentEntityID)
values (10,322);
insert into userEntity (UserName, EmailAddress, EntityType)
values ('LillianBrowneJ716', 'LillianBrowneJ716@rockingham.k12.va.us', 'STUD');
insert into student (StudentEntityID, FirstName, LastName, MiddleInitial, StreetAddress, Country,City, State,ZipCode, StudentGradeLevel, StudentGPA, StudentACTScore, StudentSATScore, StudentEthnicity, StudentGender, IncomeLevel, DaysAbsent, HoursOfWorkPlaceExp, StudentAthleteFlag, StudentGraduationTrack, StudentEmploymentFlag, StudentImage,SchoolEntityID)
values (323, 'Lillian', 'Browne', 'J', '033 Little Creek', 'USA','Griffinfort','VA','20041','Sophomore', 2.38, 0, 0,'Caucasian','Female','Middle Income',13,15, 'Y', 'Y', 'N', 'img/student.jpg', 13);
insert into StudentInterestGroups (InterestGroupID, StudentEntityID)
values (6,323);
insert into StudentInterestGroups (InterestGroupID, StudentEntityID)
values (1,323);
insert into userEntity (UserName, EmailAddress, EntityType)
values ('EduardoGriffinB625', 'EduardoGriffinB625@broadway.edu', 'STUD');
insert into student (StudentEntityID, FirstName, LastName, MiddleInitial, StreetAddress, Country,City, State,ZipCode, StudentGradeLevel, StudentGPA, StudentACTScore, StudentSATScore, StudentEthnicity, StudentGender, IncomeLevel, DaysAbsent, HoursOfWorkPlaceExp, StudentAthleteFlag, StudentGraduationTrack, StudentEmploymentFlag, StudentImage,SchoolEntityID)
values (324, 'Eduardo', 'Griffin', 'B', '5099 Powers Circle Apt. 475', 'USA','South Tiffany','VA','20040','Junior', 2.04, 17, 1324,'Caucasian','Male','Middle Income',3,30, 'Y', 'Y', 'N', 'img/student.jpg', 16);
insert into StudentInterestGroups (InterestGroupID, StudentEntityID)
values (9,324);
insert into StudentInterestGroups (InterestGroupID, StudentEntityID)
values (4,324);
insert into userEntity (UserName, EmailAddress, EntityType)
values ('OlgaMayB588', 'OlgaMayB588@Louisa.edu', 'STUD');
insert into student (StudentEntityID, FirstName, LastName, MiddleInitial, StreetAddress, Country,City, State,ZipCode, StudentGradeLevel, StudentGPA, StudentACTScore, StudentSATScore, StudentEthnicity, StudentGender, IncomeLevel, DaysAbsent, HoursOfWorkPlaceExp, StudentAthleteFlag, StudentGraduationTrack, StudentEmploymentFlag, StudentImage,SchoolEntityID)
values (325, 'Olga', 'May', 'B', '10704 Valdez Flats Apt. 860', 'USA','Williamsside','VA','20040','Senior', 3.81, 34, 1337,'Asian','Female','Middle Income',4,40, 'N', 'Y', 'Y', 'img/student.jpg', 12);
insert into StudentInterestGroups (InterestGroupID, StudentEntityID)
values (2,325);
insert into StudentInterestGroups (InterestGroupID, StudentEntityID)
values (4,325);
insert into StudentInterestGroups (InterestGroupID, StudentEntityID)
values (7,325);
insert into StudentInterestGroups (InterestGroupID, StudentEntityID)
values (10,325);
insert into userEntity (UserName, EmailAddress, EntityType)
values ('GaryMartinQ646', 'GaryMartinQ646@spotswood.edu', 'STUD');
insert into student (StudentEntityID, FirstName, LastName, MiddleInitial, StreetAddress, Country,City, State,ZipCode, StudentGradeLevel, StudentGPA, StudentACTScore, StudentSATScore, StudentEthnicity, StudentGender, IncomeLevel, DaysAbsent, HoursOfWorkPlaceExp, StudentAthleteFlag, StudentGraduationTrack, StudentEmploymentFlag, StudentImage,SchoolEntityID)
values (326, 'Gary', 'Martin', 'Q', '49723 Connie Vista', 'USA','South Jennifer','VA','20041','Freshmen', 2.15, 0, 0,'Caucasian','Male','Middle Income',10,8, 'N', 'Y', 'N', 'img/student.jpg', 14);
insert into StudentInterestGroups (InterestGroupID, StudentEntityID)
values (1,326);
insert into StudentInterestGroups (InterestGroupID, StudentEntityID)
values (11,326);
insert into StudentInterestGroups (InterestGroupID, StudentEntityID)
values (5,326);
insert into StudentInterestGroups (InterestGroupID, StudentEntityID)
values (8,326);
insert into StudentInterestGroups (InterestGroupID, StudentEntityID)
values (3,326);
insert into StudentInterestGroups (InterestGroupID, StudentEntityID)
values (6,326);
insert into StudentInterestGroups (InterestGroupID, StudentEntityID)
values (4,326);
insert into StudentInterestGroups (InterestGroupID, StudentEntityID)
values (10,326);
insert into userEntity (UserName, EmailAddress, EntityType)
values ('GregEthierG602', 'GregEthierG602@rockingham.k12.va.us', 'STUD');
insert into student (StudentEntityID, FirstName, LastName, MiddleInitial, StreetAddress, Country,City, State,ZipCode, StudentGradeLevel, StudentGPA, StudentACTScore, StudentSATScore, StudentEthnicity, StudentGender, IncomeLevel, DaysAbsent, HoursOfWorkPlaceExp, StudentAthleteFlag, StudentGraduationTrack, StudentEmploymentFlag, StudentImage,SchoolEntityID)
values (327, 'Greg', 'Ethier', 'G', '475 Michael Islands Suite 001', 'USA','Amandafurt','VA','20040','Junior', 3.96, 34, 1262,'African American','Male','Middle Income',4,35, 'Y', 'Y', 'Y', 'img/student.jpg', 13);
insert into StudentInterestGroups (InterestGroupID, StudentEntityID)
values (12,327);
insert into StudentInterestGroups (InterestGroupID, StudentEntityID)
values (10,327);
insert into StudentInterestGroups (InterestGroupID, StudentEntityID)
values (6,327);
insert into StudentInterestGroups (InterestGroupID, StudentEntityID)
values (2,327);
insert into userEntity (UserName, EmailAddress, EntityType)
values ('MarkKingS666', 'MarkKingS666@rockingham.k12.va.us', 'STUD');
insert into student (StudentEntityID, FirstName, LastName, MiddleInitial, StreetAddress, Country,City, State,ZipCode, StudentGradeLevel, StudentGPA, StudentACTScore, StudentSATScore, StudentEthnicity, StudentGender, IncomeLevel, DaysAbsent, HoursOfWorkPlaceExp, StudentAthleteFlag, StudentGraduationTrack, StudentEmploymentFlag, StudentImage,SchoolEntityID)
values (328, 'Mark', 'King', 'S', '11206 Jesus Overpass Suite 496', 'USA','South Timmouth','VA','20041','Sophomore', 2.08, 0, 0,'Caucasian','Male','Lower Income',7,12, 'N', 'Y', 'N', 'img/student.jpg', 13);
insert into StudentInterestGroups (InterestGroupID, StudentEntityID)
values (6,328);
insert into StudentInterestGroups (InterestGroupID, StudentEntityID)
values (7,328);
insert into StudentInterestGroups (InterestGroupID, StudentEntityID)
values (10,328);
insert into StudentInterestGroups (InterestGroupID, StudentEntityID)
values (1,328);
insert into userEntity (UserName, EmailAddress, EntityType)
values ('GaryBublitzQ67', 'GaryBublitzQ67@Louisa.edu', 'STUD');
insert into student (StudentEntityID, FirstName, LastName, MiddleInitial, StreetAddress, Country,City, State,ZipCode, StudentGradeLevel, StudentGPA, StudentACTScore, StudentSATScore, StudentEthnicity, StudentGender, IncomeLevel, DaysAbsent, HoursOfWorkPlaceExp, StudentAthleteFlag, StudentGraduationTrack, StudentEmploymentFlag, StudentImage,SchoolEntityID)
values (329, 'Gary', 'Bublitz', 'Q', '781 Luis Point Apt. 146', 'USA','Port Eric','VA','20041','Senior', 3.5, 25, 1324,'Caucasian','Male','Middle Income',2,45, 'Y', 'Y', 'N', 'img/student.jpg', 12);
insert into StudentInterestGroups (InterestGroupID, StudentEntityID)
values (11,329);
insert into userEntity (UserName, EmailAddress, EntityType)
values ('WillieFluellenL401', 'WillieFluellenL401@harrisonburg.edu', 'STUD');
insert into student (StudentEntityID, FirstName, LastName, MiddleInitial, StreetAddress, Country,City, State,ZipCode, StudentGradeLevel, StudentGPA, StudentACTScore, StudentSATScore, StudentEthnicity, StudentGender, IncomeLevel, DaysAbsent, HoursOfWorkPlaceExp, StudentAthleteFlag, StudentGraduationTrack, StudentEmploymentFlag, StudentImage,SchoolEntityID)
values (330, 'Willie', 'Fluellen', 'L', '74043 Jeffery Throughway Apt. 863', 'USA','Goodmanport','VA','20040','Sophomore', 2.39, 0, 0,'Caucasian','Male','Higher Income',15,18, 'Y', 'Y', 'N', 'img/student.jpg', 17);
insert into StudentInterestGroups (InterestGroupID, StudentEntityID)
values (6,330);
insert into StudentInterestGroups (InterestGroupID, StudentEntityID)
values (8,330);
insert into StudentInterestGroups (InterestGroupID, StudentEntityID)
values (12,330);
insert into StudentInterestGroups (InterestGroupID, StudentEntityID)
values (4,330);
insert into StudentInterestGroups (InterestGroupID, StudentEntityID)
values (1,330);
insert into StudentInterestGroups (InterestGroupID, StudentEntityID)
values (10,330);
insert into userEntity (UserName, EmailAddress, EntityType)
values ('DanielBrownJ659', 'DanielBrownJ659@harrisonburg.edu', 'STUD');
insert into student (StudentEntityID, FirstName, LastName, MiddleInitial, StreetAddress, Country,City, State,ZipCode, StudentGradeLevel, StudentGPA, StudentACTScore, StudentSATScore, StudentEthnicity, StudentGender, IncomeLevel, DaysAbsent, HoursOfWorkPlaceExp, StudentAthleteFlag, StudentGraduationTrack, StudentEmploymentFlag, StudentImage,SchoolEntityID)
values (331, 'Daniel', 'Brown', 'J', '7553 Martin Common', 'USA','East Ryanbury','VA','20041','Sophomore', 2.06, 0, 0,'Pacific Islander','Male','Middle Income',5,17, 'Y', 'Y', 'N', 'img/student.jpg', 17);
insert into StudentInterestGroups (InterestGroupID, StudentEntityID)
values (7,331);
insert into StudentInterestGroups (InterestGroupID, StudentEntityID)
values (10,331);
insert into userEntity (UserName, EmailAddress, EntityType)
values ('MaxineBrownV732', 'MaxineBrownV732@spotswood.edu', 'STUD');
insert into student (StudentEntityID, FirstName, LastName, MiddleInitial, StreetAddress, Country,City, State,ZipCode, StudentGradeLevel, StudentGPA, StudentACTScore, StudentSATScore, StudentEthnicity, StudentGender, IncomeLevel, DaysAbsent, HoursOfWorkPlaceExp, StudentAthleteFlag, StudentGraduationTrack, StudentEmploymentFlag, StudentImage,SchoolEntityID)
values (332, 'Maxine', 'Brown', 'V', '22609 Ruben Park Apt. 082', 'USA','Port Robert','VA','20041','Junior', 1.37, 19, 902,'Caucasian','Female','Middle Income',13,20, 'N', 'N', 'N', 'img/student.jpg', 14);
insert into StudentInterestGroups (InterestGroupID, StudentEntityID)
values (4,332);
insert into userEntity (UserName, EmailAddress, EntityType)
values ('MikeBessetteN858', 'MikeBessetteN858@spotswood.edu', 'STUD');
insert into student (StudentEntityID, FirstName, LastName, MiddleInitial, StreetAddress, Country,City, State,ZipCode, StudentGradeLevel, StudentGPA, StudentACTScore, StudentSATScore, StudentEthnicity, StudentGender, IncomeLevel, DaysAbsent, HoursOfWorkPlaceExp, StudentAthleteFlag, StudentGraduationTrack, StudentEmploymentFlag, StudentImage,SchoolEntityID)
values (333, 'Mike', 'Bessette', 'N', '1703 Wendy Place', 'USA','Kylieshire','VA','20040','Sophomore', 1.21, 0, 0,'Caucasian','Male','Middle Income',15,7, 'Y', 'N', 'N', 'img/student.jpg', 14);
insert into StudentInterestGroups (InterestGroupID, StudentEntityID)
values (12,333);
insert into StudentInterestGroups (InterestGroupID, StudentEntityID)
values (7,333);
insert into StudentInterestGroups (InterestGroupID, StudentEntityID)
values (3,333);
insert into userEntity (UserName, EmailAddress, EntityType)
values ('SandraNoelM874', 'SandraNoelM874@rockingham.k12.va.us', 'STUD');
insert into student (StudentEntityID, FirstName, LastName, MiddleInitial, StreetAddress, Country,City, State,ZipCode, StudentGradeLevel, StudentGPA, StudentACTScore, StudentSATScore, StudentEthnicity, StudentGender, IncomeLevel, DaysAbsent, HoursOfWorkPlaceExp, StudentAthleteFlag, StudentGraduationTrack, StudentEmploymentFlag, StudentImage,SchoolEntityID)
values (334, 'Sandra', 'Noel', 'M', '9862 Barbara Locks', 'USA','Christianmouth','VA','20041','Sophomore', 1.63, 0, 0,'Caucasian','Female','Middle Income',12,6, 'N', 'N', 'N', 'img/student.jpg', 13);
insert into StudentInterestGroups (InterestGroupID, StudentEntityID)
values (12,334);
insert into userEntity (UserName, EmailAddress, EntityType)
values ('MichaelVanB937', 'MichaelVanB937@Louisa.edu', 'STUD');
insert into student (StudentEntityID, FirstName, LastName, MiddleInitial, StreetAddress, Country,City, State,ZipCode, StudentGradeLevel, StudentGPA, StudentACTScore, StudentSATScore, StudentEthnicity, StudentGender, IncomeLevel, DaysAbsent, HoursOfWorkPlaceExp, StudentAthleteFlag, StudentGraduationTrack, StudentEmploymentFlag, StudentImage,SchoolEntityID)
values (335, 'Michael', 'Van', 'B', '673 Jean Plains Suite 238', 'USA','New Brenda','VA','20040','Sophomore', 1.79, 0, 0,'Caucasian','Male','Middle Income',14,6, 'Y', 'N', 'N', 'img/student.jpg', 12);
insert into StudentInterestGroups (InterestGroupID, StudentEntityID)
values (7,335);
insert into StudentInterestGroups (InterestGroupID, StudentEntityID)
values (8,335);
insert into StudentInterestGroups (InterestGroupID, StudentEntityID)
values (6,335);
insert into StudentInterestGroups (InterestGroupID, StudentEntityID)
values (3,335);
insert into StudentInterestGroups (InterestGroupID, StudentEntityID)
values (10,335);
insert into StudentInterestGroups (InterestGroupID, StudentEntityID)
values (12,335);
insert into StudentInterestGroups (InterestGroupID, StudentEntityID)
values (11,335);
insert into userEntity (UserName, EmailAddress, EntityType)
values ('LucilleBuskP802', 'LucilleBuskP802@rockingham.k12.va.us', 'STUD');
insert into student (StudentEntityID, FirstName, LastName, MiddleInitial, StreetAddress, Country,City, State,ZipCode, StudentGradeLevel, StudentGPA, StudentACTScore, StudentSATScore, StudentEthnicity, StudentGender, IncomeLevel, DaysAbsent, HoursOfWorkPlaceExp, StudentAthleteFlag, StudentGraduationTrack, StudentEmploymentFlag, StudentImage,SchoolEntityID)
values (336, 'Lucille', 'Busk', 'P', '5623 Judith Row', 'USA','Castilloshire','VA','20040','Senior', 3.52, 31, 1153,'Caucasian','Female','Middle Income',0,36, 'N', 'Y', 'N', 'img/student.jpg', 13);
insert into StudentInterestGroups (InterestGroupID, StudentEntityID)
values (7,336);
insert into StudentInterestGroups (InterestGroupID, StudentEntityID)
values (6,336);
insert into StudentInterestGroups (InterestGroupID, StudentEntityID)
values (5,336);
insert into StudentInterestGroups (InterestGroupID, StudentEntityID)
values (9,336);
insert into userEntity (UserName, EmailAddress, EntityType)
values ('RachaelBagleyB936', 'RachaelBagleyB936@broadway.edu', 'STUD');
insert into student (StudentEntityID, FirstName, LastName, MiddleInitial, StreetAddress, Country,City, State,ZipCode, StudentGradeLevel, StudentGPA, StudentACTScore, StudentSATScore, StudentEthnicity, StudentGender, IncomeLevel, DaysAbsent, HoursOfWorkPlaceExp, StudentAthleteFlag, StudentGraduationTrack, StudentEmploymentFlag, StudentImage,SchoolEntityID)
values (337, 'Rachael', 'Bagley', 'B', '762 Cindy Green', 'USA','Christinashire','VA','20041','Freshmen', 1.98, 0, 0,'Pacific Islander','Female','Middle Income',15,14, 'N', 'N', 'N', 'img/student.jpg', 16);
insert into StudentInterestGroups (InterestGroupID, StudentEntityID)
values (4,337);
insert into StudentInterestGroups (InterestGroupID, StudentEntityID)
values (10,337);
insert into userEntity (UserName, EmailAddress, EntityType)
values ('ThomasLernerE713', 'ThomasLernerE713@rockingham.k12.va.us', 'STUD');
insert into student (StudentEntityID, FirstName, LastName, MiddleInitial, StreetAddress, Country,City, State,ZipCode, StudentGradeLevel, StudentGPA, StudentACTScore, StudentSATScore, StudentEthnicity, StudentGender, IncomeLevel, DaysAbsent, HoursOfWorkPlaceExp, StudentAthleteFlag, StudentGraduationTrack, StudentEmploymentFlag, StudentImage,SchoolEntityID)
values (338, 'Thomas', 'Lerner', 'E', '12264 Anthony Vista Apt. 293', 'USA','East Richard','VA','20041','Junior', 2.76, 25, 1138,'African American','Male','Higher Income',3,25, 'Y', 'Y', 'N', 'img/student.jpg', 13);
insert into StudentInterestGroups (InterestGroupID, StudentEntityID)
values (9,338);
insert into userEntity (UserName, EmailAddress, EntityType)
values ('SaraKittredgeV504', 'SaraKittredgeV504@broadway.edu', 'STUD');
insert into student (StudentEntityID, FirstName, LastName, MiddleInitial, StreetAddress, Country,City, State,ZipCode, StudentGradeLevel, StudentGPA, StudentACTScore, StudentSATScore, StudentEthnicity, StudentGender, IncomeLevel, DaysAbsent, HoursOfWorkPlaceExp, StudentAthleteFlag, StudentGraduationTrack, StudentEmploymentFlag, StudentImage,SchoolEntityID)
values (339, 'Sara', 'Kittredge', 'V', '380 Barry Inlet', 'USA','Robinsonhaven','VA','20041','Senior', 1.55, 25, 1220,'African American','Female','Middle Income',14,35, 'Y', 'N', 'Y', 'img/student.jpg', 16);
insert into StudentInterestGroups (InterestGroupID, StudentEntityID)
values (4,339);
insert into StudentInterestGroups (InterestGroupID, StudentEntityID)
values (9,339);
insert into StudentInterestGroups (InterestGroupID, StudentEntityID)
values (3,339);
insert into StudentInterestGroups (InterestGroupID, StudentEntityID)
values (1,339);
insert into StudentInterestGroups (InterestGroupID, StudentEntityID)
values (5,339);
insert into userEntity (UserName, EmailAddress, EntityType)
values ('JoshuaFredianiE890', 'JoshuaFredianiE890@spotswood.edu', 'STUD');
insert into student (StudentEntityID, FirstName, LastName, MiddleInitial, StreetAddress, Country,City, State,ZipCode, StudentGradeLevel, StudentGPA, StudentACTScore, StudentSATScore, StudentEthnicity, StudentGender, IncomeLevel, DaysAbsent, HoursOfWorkPlaceExp, StudentAthleteFlag, StudentGraduationTrack, StudentEmploymentFlag, StudentImage,SchoolEntityID)
values (340, 'Joshua', 'Frediani', 'E', '0852 Derek Lakes', 'USA','New David','VA','20041','Senior', 3.53, 26, 1415,'Caucasian','Male','Middle Income',0,35, 'Y', 'Y', 'N', 'img/student.jpg', 14);
insert into StudentInterestGroups (InterestGroupID, StudentEntityID)
values (9,340);
insert into StudentInterestGroups (InterestGroupID, StudentEntityID)
values (3,340);
insert into StudentInterestGroups (InterestGroupID, StudentEntityID)
values (4,340);
insert into StudentInterestGroups (InterestGroupID, StudentEntityID)
values (7,340);
insert into StudentInterestGroups (InterestGroupID, StudentEntityID)
values (5,340);
insert into StudentInterestGroups (InterestGroupID, StudentEntityID)
values (8,340);
insert into StudentInterestGroups (InterestGroupID, StudentEntityID)
values (10,340);
insert into StudentInterestGroups (InterestGroupID, StudentEntityID)
values (11,340);
insert into userEntity (UserName, EmailAddress, EntityType)
values ('AntoinetteColemanL582', 'AntoinetteColemanL582@rockingham.k12.va.us', 'STUD');
insert into student (StudentEntityID, FirstName, LastName, MiddleInitial, StreetAddress, Country,City, State,ZipCode, StudentGradeLevel, StudentGPA, StudentACTScore, StudentSATScore, StudentEthnicity, StudentGender, IncomeLevel, DaysAbsent, HoursOfWorkPlaceExp, StudentAthleteFlag, StudentGraduationTrack, StudentEmploymentFlag, StudentImage,SchoolEntityID)
values (341, 'Antoinette', 'Coleman', 'L', '2301 Diaz Stream Apt. 377', 'USA','North Patricia','VA','20041','Sophomore', 1.65, 0, 0,'Caucasian','Other','Lower Income',11,6, 'Y', 'N', 'N', 'img/student.jpg', 13);
insert into StudentInterestGroups (InterestGroupID, StudentEntityID)
values (12,341);
insert into StudentInterestGroups (InterestGroupID, StudentEntityID)
values (1,341);
insert into StudentInterestGroups (InterestGroupID, StudentEntityID)
values (4,341);
insert into StudentInterestGroups (InterestGroupID, StudentEntityID)
values (3,341);
insert into StudentInterestGroups (InterestGroupID, StudentEntityID)
values (11,341);
insert into StudentInterestGroups (InterestGroupID, StudentEntityID)
values (6,341);
insert into StudentInterestGroups (InterestGroupID, StudentEntityID)
values (5,341);
insert into StudentInterestGroups (InterestGroupID, StudentEntityID)
values (8,341);
insert into userEntity (UserName, EmailAddress, EntityType)
values ('BrianGainerM64', 'BrianGainerM64@spotswood.edu', 'STUD');
insert into student (StudentEntityID, FirstName, LastName, MiddleInitial, StreetAddress, Country,City, State,ZipCode, StudentGradeLevel, StudentGPA, StudentACTScore, StudentSATScore, StudentEthnicity, StudentGender, IncomeLevel, DaysAbsent, HoursOfWorkPlaceExp, StudentAthleteFlag, StudentGraduationTrack, StudentEmploymentFlag, StudentImage,SchoolEntityID)
values (342, 'Brian', 'Gainer', 'M', '3887 Daniel Dale', 'USA','Richardport','VA','20041','Senior', 3.02, 25, 1324,'Asian','Male','Lower Income',1,42, 'Y', 'Y', 'Y', 'img/student.jpg', 14);
insert into StudentInterestGroups (InterestGroupID, StudentEntityID)
values (8,342);
insert into StudentInterestGroups (InterestGroupID, StudentEntityID)
values (6,342);
insert into StudentInterestGroups (InterestGroupID, StudentEntityID)
values (4,342);
insert into userEntity (UserName, EmailAddress, EntityType)
values ('AngelaWilliamsY848', 'AngelaWilliamsY848@Louisa.edu', 'STUD');
insert into student (StudentEntityID, FirstName, LastName, MiddleInitial, StreetAddress, Country,City, State,ZipCode, StudentGradeLevel, StudentGPA, StudentACTScore, StudentSATScore, StudentEthnicity, StudentGender, IncomeLevel, DaysAbsent, HoursOfWorkPlaceExp, StudentAthleteFlag, StudentGraduationTrack, StudentEmploymentFlag, StudentImage,SchoolEntityID)
values (343, 'Angela', 'Williams', 'Y', '83522 Leonard Route Apt. 651', 'USA','Meyerton','VA','20040','Sophomore', 1.47, 0, 0,'African American','Other','Middle Income',14,9, 'N', 'N', 'Y', 'img/student.jpg', 12);
insert into StudentInterestGroups (InterestGroupID, StudentEntityID)
values (9,343);
insert into StudentInterestGroups (InterestGroupID, StudentEntityID)
values (12,343);
insert into StudentInterestGroups (InterestGroupID, StudentEntityID)
values (10,343);
insert into StudentInterestGroups (InterestGroupID, StudentEntityID)
values (5,343);
insert into StudentInterestGroups (InterestGroupID, StudentEntityID)
values (2,343);
insert into userEntity (UserName, EmailAddress, EntityType)
values ('JosephStegmannW462', 'JosephStegmannW462@Louisa.edu', 'STUD');
insert into student (StudentEntityID, FirstName, LastName, MiddleInitial, StreetAddress, Country,City, State,ZipCode, StudentGradeLevel, StudentGPA, StudentACTScore, StudentSATScore, StudentEthnicity, StudentGender, IncomeLevel, DaysAbsent, HoursOfWorkPlaceExp, StudentAthleteFlag, StudentGraduationTrack, StudentEmploymentFlag, StudentImage,SchoolEntityID)
values (344, 'Joseph', 'Stegmann', 'W', '901 Smith View', 'USA','Scottburgh','VA','20041','Junior', 3.75, 31, 1495,'African American','Male','Middle Income',5,25, 'Y', 'Y', 'N', 'img/student.jpg', 12);
insert into StudentInterestGroups (InterestGroupID, StudentEntityID)
values (8,344);
insert into StudentInterestGroups (InterestGroupID, StudentEntityID)
values (6,344);
insert into StudentInterestGroups (InterestGroupID, StudentEntityID)
values (7,344);
insert into StudentInterestGroups (InterestGroupID, StudentEntityID)
values (4,344);
insert into StudentInterestGroups (InterestGroupID, StudentEntityID)
values (1,344);
insert into StudentInterestGroups (InterestGroupID, StudentEntityID)
values (12,344);
insert into StudentInterestGroups (InterestGroupID, StudentEntityID)
values (9,344);
insert into StudentInterestGroups (InterestGroupID, StudentEntityID)
values (11,344);
insert into userEntity (UserName, EmailAddress, EntityType)
values ('MarcusHollandA133', 'MarcusHollandA133@rockingham.k12.va.us', 'STUD');
insert into student (StudentEntityID, FirstName, LastName, MiddleInitial, StreetAddress, Country,City, State,ZipCode, StudentGradeLevel, StudentGPA, StudentACTScore, StudentSATScore, StudentEthnicity, StudentGender, IncomeLevel, DaysAbsent, HoursOfWorkPlaceExp, StudentAthleteFlag, StudentGraduationTrack, StudentEmploymentFlag, StudentImage,SchoolEntityID)
values (345, 'Marcus', 'Holland', 'A', '833 Powell Passage Apt. 764', 'USA','Fergusonmouth','VA','20040','Sophomore', 1.94, 0, 0,'Caucasian','Other','Lower Income',8,9, 'N', 'N', 'Y', 'img/student.jpg', 13);
insert into StudentInterestGroups (InterestGroupID, StudentEntityID)
values (2,345);
insert into StudentInterestGroups (InterestGroupID, StudentEntityID)
values (6,345);
insert into StudentInterestGroups (InterestGroupID, StudentEntityID)
values (10,345);
insert into StudentInterestGroups (InterestGroupID, StudentEntityID)
values (3,345);
insert into StudentInterestGroups (InterestGroupID, StudentEntityID)
values (11,345);
insert into StudentInterestGroups (InterestGroupID, StudentEntityID)
values (5,345);
insert into userEntity (UserName, EmailAddress, EntityType)
values ('ClaySandersM981', 'ClaySandersM981@harrisonburg.edu', 'STUD');
insert into student (StudentEntityID, FirstName, LastName, MiddleInitial, StreetAddress, Country,City, State,ZipCode, StudentGradeLevel, StudentGPA, StudentACTScore, StudentSATScore, StudentEthnicity, StudentGender, IncomeLevel, DaysAbsent, HoursOfWorkPlaceExp, StudentAthleteFlag, StudentGraduationTrack, StudentEmploymentFlag, StudentImage,SchoolEntityID)
values (346, 'Clay', 'Sanders', 'M', '332 Danielle Mews', 'USA','Michaelview','VA','20040','Senior', 2.62, 24, 1503,'African American','Male','Middle Income',1,43, 'Y', 'Y', 'N', 'img/student.jpg', 17);
insert into StudentInterestGroups (InterestGroupID, StudentEntityID)
values (5,346);
insert into StudentInterestGroups (InterestGroupID, StudentEntityID)
values (11,346);
insert into StudentInterestGroups (InterestGroupID, StudentEntityID)
values (3,346);
insert into StudentInterestGroups (InterestGroupID, StudentEntityID)
values (7,346);
insert into StudentInterestGroups (InterestGroupID, StudentEntityID)
values (1,346);
insert into StudentInterestGroups (InterestGroupID, StudentEntityID)
values (8,346);
insert into StudentInterestGroups (InterestGroupID, StudentEntityID)
values (12,346);
insert into userEntity (UserName, EmailAddress, EntityType)
values ('EricaFlickB975', 'EricaFlickB975@rockingham.k12.va.us', 'STUD');
insert into student (StudentEntityID, FirstName, LastName, MiddleInitial, StreetAddress, Country,City, State,ZipCode, StudentGradeLevel, StudentGPA, StudentACTScore, StudentSATScore, StudentEthnicity, StudentGender, IncomeLevel, DaysAbsent, HoursOfWorkPlaceExp, StudentAthleteFlag, StudentGraduationTrack, StudentEmploymentFlag, StudentImage,SchoolEntityID)
values (347, 'Erica', 'Flick', 'B', '4436 Rubio Park Apt. 916', 'USA','Wallmouth','VA','20040','Junior', 2.53, 26, 1283,'Caucasian','Female','Lower Income',4,20, 'N', 'Y', 'N', 'img/student.jpg', 13);
insert into StudentInterestGroups (InterestGroupID, StudentEntityID)
values (6,347);
insert into StudentInterestGroups (InterestGroupID, StudentEntityID)
values (2,347);
insert into StudentInterestGroups (InterestGroupID, StudentEntityID)
values (4,347);
insert into userEntity (UserName, EmailAddress, EntityType)
values ('RubenLintonE597', 'RubenLintonE597@spotswood.edu', 'STUD');
insert into student (StudentEntityID, FirstName, LastName, MiddleInitial, StreetAddress, Country,City, State,ZipCode, StudentGradeLevel, StudentGPA, StudentACTScore, StudentSATScore, StudentEthnicity, StudentGender, IncomeLevel, DaysAbsent, HoursOfWorkPlaceExp, StudentAthleteFlag, StudentGraduationTrack, StudentEmploymentFlag, StudentImage,SchoolEntityID)
values (348, 'Ruben', 'Linton', 'E', '5346 John Lane', 'USA','Lake Kevinmouth','VA','20040','Sophomore', 2.66, 0, 0,'Caucasian','Male','Middle Income',6,19, 'Y', 'Y', 'Y', 'img/student.jpg', 14);
insert into StudentInterestGroups (InterestGroupID, StudentEntityID)
values (4,348);
insert into StudentInterestGroups (InterestGroupID, StudentEntityID)
values (2,348);
insert into StudentInterestGroups (InterestGroupID, StudentEntityID)
values (10,348);
insert into StudentInterestGroups (InterestGroupID, StudentEntityID)
values (1,348);
insert into userEntity (UserName, EmailAddress, EntityType)
values ('DavidDayX980', 'DavidDayX980@rockingham.k12.va.us', 'STUD');
insert into student (StudentEntityID, FirstName, LastName, MiddleInitial, StreetAddress, Country,City, State,ZipCode, StudentGradeLevel, StudentGPA, StudentACTScore, StudentSATScore, StudentEthnicity, StudentGender, IncomeLevel, DaysAbsent, HoursOfWorkPlaceExp, StudentAthleteFlag, StudentGraduationTrack, StudentEmploymentFlag, StudentImage,SchoolEntityID)
values (349, 'David', 'Day', 'X', '335 Richards Manor Apt. 028', 'USA','Katelynchester','VA','20041','Sophomore', 2.79, 0, 0,'Caucasian','Male','Middle Income',2,22, 'N', 'Y', 'Y', 'img/student.jpg', 13);
insert into StudentInterestGroups (InterestGroupID, StudentEntityID)
values (3,349);
insert into StudentInterestGroups (InterestGroupID, StudentEntityID)
values (10,349);
insert into StudentInterestGroups (InterestGroupID, StudentEntityID)
values (6,349);
insert into StudentInterestGroups (InterestGroupID, StudentEntityID)
values (9,349);
insert into StudentInterestGroups (InterestGroupID, StudentEntityID)
values (2,349);
insert into StudentInterestGroups (InterestGroupID, StudentEntityID)
values (7,349);
insert into StudentInterestGroups (InterestGroupID, StudentEntityID)
values (1,349);
insert into userEntity (UserName, EmailAddress, EntityType)
values ('MatthewMedlarR840', 'MatthewMedlarR840@Louisa.edu', 'STUD');
insert into student (StudentEntityID, FirstName, LastName, MiddleInitial, StreetAddress, Country,City, State,ZipCode, StudentGradeLevel, StudentGPA, StudentACTScore, StudentSATScore, StudentEthnicity, StudentGender, IncomeLevel, DaysAbsent, HoursOfWorkPlaceExp, StudentAthleteFlag, StudentGraduationTrack, StudentEmploymentFlag, StudentImage,SchoolEntityID)
values (350, 'Matthew', 'Medlar', 'R', '9484 Jessica Curve', 'USA','East Jennifer','VA','20040','Senior', 2.97, 23, 1476,'Caucasian','Male','Lower Income',3,34, 'Y', 'Y', 'Y', 'img/student.jpg', 12);
insert into StudentInterestGroups (InterestGroupID, StudentEntityID)
values (9,350);
insert into StudentInterestGroups (InterestGroupID, StudentEntityID)
values (10,350);
insert into StudentInterestGroups (InterestGroupID, StudentEntityID)
values (11,350);
insert into StudentInterestGroups (InterestGroupID, StudentEntityID)
values (6,350);
insert into StudentInterestGroups (InterestGroupID, StudentEntityID)
values (2,350);
insert into StudentInterestGroups (InterestGroupID, StudentEntityID)
values (12,350);
insert into StudentInterestGroups (InterestGroupID, StudentEntityID)
values (4,350);
insert into StudentInterestGroups (InterestGroupID, StudentEntityID)
values (7,350);
insert into userEntity (UserName, EmailAddress, EntityType)
values ('KristenRussellN278', 'KristenRussellN278@turnerAshby.edu', 'STUD');
insert into student (StudentEntityID, FirstName, LastName, MiddleInitial, StreetAddress, Country,City, State,ZipCode, StudentGradeLevel, StudentGPA, StudentACTScore, StudentSATScore, StudentEthnicity, StudentGender, IncomeLevel, DaysAbsent, HoursOfWorkPlaceExp, StudentAthleteFlag, StudentGraduationTrack, StudentEmploymentFlag, StudentImage,SchoolEntityID)
values (351, 'Kristen', 'Russell', 'N', '46371 Neil Inlet Suite 317', 'USA','Port Kevinbury','VA','20041','Sophomore', 2.6, 0, 0,'Caucasian','Female','Middle Income',7,24, 'Y', 'Y', 'Y', 'img/student.jpg', 15);
insert into StudentInterestGroups (InterestGroupID, StudentEntityID)
values (7,351);
insert into userEntity (UserName, EmailAddress, EntityType)
values ('NicholasCarterE509', 'NicholasCarterE509@Louisa.edu', 'STUD');
insert into student (StudentEntityID, FirstName, LastName, MiddleInitial, StreetAddress, Country,City, State,ZipCode, StudentGradeLevel, StudentGPA, StudentACTScore, StudentSATScore, StudentEthnicity, StudentGender, IncomeLevel, DaysAbsent, HoursOfWorkPlaceExp, StudentAthleteFlag, StudentGraduationTrack, StudentEmploymentFlag, StudentImage,SchoolEntityID)
values (352, 'Nicholas', 'Carter', 'E', '625 Valerie Squares Suite 268', 'USA','North Alyssaton','VA','20041','Junior', 1.39, 20, 873,'Caucasian','Male','Lower Income',15,17, 'Y', 'N', 'N', 'img/student.jpg', 12);
insert into StudentInterestGroups (InterestGroupID, StudentEntityID)
values (11,352);
insert into userEntity (UserName, EmailAddress, EntityType)
values ('RebeccaHainesD638', 'RebeccaHainesD638@turnerAshby.edu', 'STUD');
insert into student (StudentEntityID, FirstName, LastName, MiddleInitial, StreetAddress, Country,City, State,ZipCode, StudentGradeLevel, StudentGPA, StudentACTScore, StudentSATScore, StudentEthnicity, StudentGender, IncomeLevel, DaysAbsent, HoursOfWorkPlaceExp, StudentAthleteFlag, StudentGraduationTrack, StudentEmploymentFlag, StudentImage,SchoolEntityID)
values (353, 'Rebecca', 'Haines', 'D', '568 Small Extension', 'USA','Lonnieport','VA','20041','Senior', 2.31, 18, 1127,'Caucasian','Female','Higher Income',3,26, 'Y', 'Y', 'N', 'img/student.jpg', 15);
insert into StudentInterestGroups (InterestGroupID, StudentEntityID)
values (8,353);
insert into StudentInterestGroups (InterestGroupID, StudentEntityID)
values (5,353);
insert into StudentInterestGroups (InterestGroupID, StudentEntityID)
values (10,353);
insert into StudentInterestGroups (InterestGroupID, StudentEntityID)
values (3,353);
insert into StudentInterestGroups (InterestGroupID, StudentEntityID)
values (12,353);
insert into StudentInterestGroups (InterestGroupID, StudentEntityID)
values (6,353);
insert into userEntity (UserName, EmailAddress, EntityType)
values ('DrewGuajardoN611', 'DrewGuajardoN611@turnerAshby.edu', 'STUD');
insert into student (StudentEntityID, FirstName, LastName, MiddleInitial, StreetAddress, Country,City, State,ZipCode, StudentGradeLevel, StudentGPA, StudentACTScore, StudentSATScore, StudentEthnicity, StudentGender, IncomeLevel, DaysAbsent, HoursOfWorkPlaceExp, StudentAthleteFlag, StudentGraduationTrack, StudentEmploymentFlag, StudentImage,SchoolEntityID)
values (354, 'Drew', 'Guajardo', 'N', '4286 Juan Islands', 'USA','Port Garyport','VA','20041','Freshmen', 3.04, 0, 0,'Caucasian','Male','Higher Income',4,16, 'Y', 'Y', 'N', 'img/student.jpg', 15);
insert into StudentInterestGroups (InterestGroupID, StudentEntityID)
values (6,354);
insert into StudentInterestGroups (InterestGroupID, StudentEntityID)
values (8,354);
insert into StudentInterestGroups (InterestGroupID, StudentEntityID)
values (11,354);
insert into StudentInterestGroups (InterestGroupID, StudentEntityID)
values (9,354);
insert into StudentInterestGroups (InterestGroupID, StudentEntityID)
values (7,354);
insert into StudentInterestGroups (InterestGroupID, StudentEntityID)
values (5,354);
insert into StudentInterestGroups (InterestGroupID, StudentEntityID)
values (2,354);
insert into userEntity (UserName, EmailAddress, EntityType)
values ('LeoLynnP505', 'LeoLynnP505@rockingham.k12.va.us', 'STUD');
insert into student (StudentEntityID, FirstName, LastName, MiddleInitial, StreetAddress, Country,City, State,ZipCode, StudentGradeLevel, StudentGPA, StudentACTScore, StudentSATScore, StudentEthnicity, StudentGender, IncomeLevel, DaysAbsent, HoursOfWorkPlaceExp, StudentAthleteFlag, StudentGraduationTrack, StudentEmploymentFlag, StudentImage,SchoolEntityID)
values (355, 'Leo', 'Lynn', 'P', '0898 Parker Ramp', 'USA','Paceberg','VA','20041','Sophomore', 2.66, 0, 0,'Caucasian','Male','Middle Income',4,16, 'Y', 'Y', 'Y', 'img/student.jpg', 13);
insert into StudentInterestGroups (InterestGroupID, StudentEntityID)
values (7,355);
insert into StudentInterestGroups (InterestGroupID, StudentEntityID)
values (8,355);
insert into StudentInterestGroups (InterestGroupID, StudentEntityID)
values (2,355);
insert into StudentInterestGroups (InterestGroupID, StudentEntityID)
values (4,355);
insert into StudentInterestGroups (InterestGroupID, StudentEntityID)
values (12,355);
insert into StudentInterestGroups (InterestGroupID, StudentEntityID)
values (3,355);
insert into StudentInterestGroups (InterestGroupID, StudentEntityID)
values (5,355);
insert into userEntity (UserName, EmailAddress, EntityType)
values ('DanaSmithL299', 'DanaSmithL299@rockingham.k12.va.us', 'STUD');
insert into student (StudentEntityID, FirstName, LastName, MiddleInitial, StreetAddress, Country,City, State,ZipCode, StudentGradeLevel, StudentGPA, StudentACTScore, StudentSATScore, StudentEthnicity, StudentGender, IncomeLevel, DaysAbsent, HoursOfWorkPlaceExp, StudentAthleteFlag, StudentGraduationTrack, StudentEmploymentFlag, StudentImage,SchoolEntityID)
values (356, 'Dana', 'Smith', 'L', '740 Miller Square Suite 412', 'USA','North Douglas','VA','20041','Junior', 3.0, 26, 1515,'Caucasian','Female','Middle Income',5,24, 'Y', 'Y', 'N', 'img/student.jpg', 13);
insert into StudentInterestGroups (InterestGroupID, StudentEntityID)
values (3,356);
insert into StudentInterestGroups (InterestGroupID, StudentEntityID)
values (11,356);
insert into StudentInterestGroups (InterestGroupID, StudentEntityID)
values (10,356);
insert into StudentInterestGroups (InterestGroupID, StudentEntityID)
values (4,356);
insert into userEntity (UserName, EmailAddress, EntityType)
values ('PatriciaEuniceO207', 'PatriciaEuniceO207@Louisa.edu', 'STUD');
insert into student (StudentEntityID, FirstName, LastName, MiddleInitial, StreetAddress, Country,City, State,ZipCode, StudentGradeLevel, StudentGPA, StudentACTScore, StudentSATScore, StudentEthnicity, StudentGender, IncomeLevel, DaysAbsent, HoursOfWorkPlaceExp, StudentAthleteFlag, StudentGraduationTrack, StudentEmploymentFlag, StudentImage,SchoolEntityID)
values (357, 'Patricia', 'Eunice', 'O', '6034 Burton Pines Suite 780', 'USA','North Jacobfort','VA','20041','Sophomore', 2.15, 0, 0,'Hispanic','Female','Middle Income',9,11, 'N', 'Y', 'N', 'img/student.jpg', 12);
insert into StudentInterestGroups (InterestGroupID, StudentEntityID)
values (2,357);
insert into StudentInterestGroups (InterestGroupID, StudentEntityID)
values (4,357);
insert into StudentInterestGroups (InterestGroupID, StudentEntityID)
values (5,357);
insert into StudentInterestGroups (InterestGroupID, StudentEntityID)
values (1,357);
insert into StudentInterestGroups (InterestGroupID, StudentEntityID)
values (7,357);
insert into StudentInterestGroups (InterestGroupID, StudentEntityID)
values (8,357);
insert into StudentInterestGroups (InterestGroupID, StudentEntityID)
values (9,357);
insert into StudentInterestGroups (InterestGroupID, StudentEntityID)
values (12,357);
insert into userEntity (UserName, EmailAddress, EntityType)
values ('PaulChandlerZ266', 'PaulChandlerZ266@harrisonburg.edu', 'STUD');
insert into student (StudentEntityID, FirstName, LastName, MiddleInitial, StreetAddress, Country,City, State,ZipCode, StudentGradeLevel, StudentGPA, StudentACTScore, StudentSATScore, StudentEthnicity, StudentGender, IncomeLevel, DaysAbsent, HoursOfWorkPlaceExp, StudentAthleteFlag, StudentGraduationTrack, StudentEmploymentFlag, StudentImage,SchoolEntityID)
values (358, 'Paul', 'Chandler', 'Z', '802 Pratt Trace Apt. 801', 'USA','New Kayla','VA','20040','Freshmen', 3.52, 0, 0,'Hispanic','Male','Middle Income',4,18, 'N', 'Y', 'Y', 'img/student.jpg', 17);
insert into StudentInterestGroups (InterestGroupID, StudentEntityID)
values (2,358);
insert into StudentInterestGroups (InterestGroupID, StudentEntityID)
values (6,358);
insert into StudentInterestGroups (InterestGroupID, StudentEntityID)
values (12,358);
insert into StudentInterestGroups (InterestGroupID, StudentEntityID)
values (1,358);
insert into StudentInterestGroups (InterestGroupID, StudentEntityID)
values (9,358);
insert into StudentInterestGroups (InterestGroupID, StudentEntityID)
values (10,358);
insert into userEntity (UserName, EmailAddress, EntityType)
values ('DavidDycusT962', 'DavidDycusT962@turnerAshby.edu', 'STUD');
insert into student (StudentEntityID, FirstName, LastName, MiddleInitial, StreetAddress, Country,City, State,ZipCode, StudentGradeLevel, StudentGPA, StudentACTScore, StudentSATScore, StudentEthnicity, StudentGender, IncomeLevel, DaysAbsent, HoursOfWorkPlaceExp, StudentAthleteFlag, StudentGraduationTrack, StudentEmploymentFlag, StudentImage,SchoolEntityID)
values (359, 'David', 'Dycus', 'T', '4000 Gerald Stravenue Suite 341', 'USA','East Oscarmouth','VA','20041','Freshmen', 1.79, 0, 0,'African American','Male','Higher Income',14,5, 'N', 'N', 'N', 'img/student.jpg', 15);
insert into StudentInterestGroups (InterestGroupID, StudentEntityID)
values (12,359);
insert into StudentInterestGroups (InterestGroupID, StudentEntityID)
values (3,359);
insert into StudentInterestGroups (InterestGroupID, StudentEntityID)
values (9,359);
insert into StudentInterestGroups (InterestGroupID, StudentEntityID)
values (11,359);
insert into StudentInterestGroups (InterestGroupID, StudentEntityID)
values (1,359);
insert into StudentInterestGroups (InterestGroupID, StudentEntityID)
values (2,359);
insert into StudentInterestGroups (InterestGroupID, StudentEntityID)
values (6,359);
insert into userEntity (UserName, EmailAddress, EntityType)
values ('RubenSealsF407', 'RubenSealsF407@rockingham.k12.va.us', 'STUD');
insert into student (StudentEntityID, FirstName, LastName, MiddleInitial, StreetAddress, Country,City, State,ZipCode, StudentGradeLevel, StudentGPA, StudentACTScore, StudentSATScore, StudentEthnicity, StudentGender, IncomeLevel, DaysAbsent, HoursOfWorkPlaceExp, StudentAthleteFlag, StudentGraduationTrack, StudentEmploymentFlag, StudentImage,SchoolEntityID)
values (360, 'Ruben', 'Seals', 'F', '727 Dorothy Hill Suite 232', 'USA','West Keithburgh','VA','20041','Senior', 1.84, 24, 799,'Asian','Other','Middle Income',12,26, 'Y', 'N', 'Y', 'img/student.jpg', 13);
insert into StudentInterestGroups (InterestGroupID, StudentEntityID)
values (11,360);
insert into StudentInterestGroups (InterestGroupID, StudentEntityID)
values (3,360);
insert into StudentInterestGroups (InterestGroupID, StudentEntityID)
values (7,360);
insert into StudentInterestGroups (InterestGroupID, StudentEntityID)
values (9,360);
insert into StudentInterestGroups (InterestGroupID, StudentEntityID)
values (2,360);
insert into StudentInterestGroups (InterestGroupID, StudentEntityID)
values (10,360);
insert into StudentInterestGroups (InterestGroupID, StudentEntityID)
values (1,360);
insert into StudentInterestGroups (InterestGroupID, StudentEntityID)
values (8,360);
insert into userEntity (UserName, EmailAddress, EntityType)
values ('JeanetteSturmZ315', 'JeanetteSturmZ315@turnerAshby.edu', 'STUD');
insert into student (StudentEntityID, FirstName, LastName, MiddleInitial, StreetAddress, Country,City, State,ZipCode, StudentGradeLevel, StudentGPA, StudentACTScore, StudentSATScore, StudentEthnicity, StudentGender, IncomeLevel, DaysAbsent, HoursOfWorkPlaceExp, StudentAthleteFlag, StudentGraduationTrack, StudentEmploymentFlag, StudentImage,SchoolEntityID)
values (361, 'Jeanette', 'Sturm', 'Z', '676 Estrada Freeway Apt. 424', 'USA','Jonathanmouth','VA','20040','Junior', 1.4, 16, 1195,'Hispanic','Other','Higher Income',15,11, 'Y', 'N', 'N', 'img/student.jpg', 15);
insert into StudentInterestGroups (InterestGroupID, StudentEntityID)
values (11,361);
insert into StudentInterestGroups (InterestGroupID, StudentEntityID)
values (5,361);
insert into StudentInterestGroups (InterestGroupID, StudentEntityID)
values (12,361);
insert into StudentInterestGroups (InterestGroupID, StudentEntityID)
values (7,361);
insert into StudentInterestGroups (InterestGroupID, StudentEntityID)
values (6,361);
insert into StudentInterestGroups (InterestGroupID, StudentEntityID)
values (1,361);
insert into StudentInterestGroups (InterestGroupID, StudentEntityID)
values (9,361);
insert into userEntity (UserName, EmailAddress, EntityType)
values ('WayneFlemingH218', 'WayneFlemingH218@broadway.edu', 'STUD');
insert into student (StudentEntityID, FirstName, LastName, MiddleInitial, StreetAddress, Country,City, State,ZipCode, StudentGradeLevel, StudentGPA, StudentACTScore, StudentSATScore, StudentEthnicity, StudentGender, IncomeLevel, DaysAbsent, HoursOfWorkPlaceExp, StudentAthleteFlag, StudentGraduationTrack, StudentEmploymentFlag, StudentImage,SchoolEntityID)
values (362, 'Wayne', 'Fleming', 'H', '4740 Stanton Streets Suite 595', 'USA','Port David','VA','20040','Sophomore', 2.74, 0, 0,'African American','Male','Lower Income',6,23, 'N', 'Y', 'N', 'img/student.jpg', 16);
insert into StudentInterestGroups (InterestGroupID, StudentEntityID)
values (7,362);
insert into StudentInterestGroups (InterestGroupID, StudentEntityID)
values (2,362);
insert into StudentInterestGroups (InterestGroupID, StudentEntityID)
values (8,362);
insert into StudentInterestGroups (InterestGroupID, StudentEntityID)
values (5,362);
insert into userEntity (UserName, EmailAddress, EntityType)
values ('DebbieCookC609', 'DebbieCookC609@harrisonburg.edu', 'STUD');
insert into student (StudentEntityID, FirstName, LastName, MiddleInitial, StreetAddress, Country,City, State,ZipCode, StudentGradeLevel, StudentGPA, StudentACTScore, StudentSATScore, StudentEthnicity, StudentGender, IncomeLevel, DaysAbsent, HoursOfWorkPlaceExp, StudentAthleteFlag, StudentGraduationTrack, StudentEmploymentFlag, StudentImage,SchoolEntityID)
values (363, 'Debbie', 'Cook', 'C', '04827 Chelsea Oval', 'USA','Thomaschester','VA','20040','Freshmen', 1.43, 0, 0,'African American','Female','Higher Income',15,4, 'Y', 'N', 'Y', 'img/student.jpg', 17);
insert into StudentInterestGroups (InterestGroupID, StudentEntityID)
values (10,363);
insert into StudentInterestGroups (InterestGroupID, StudentEntityID)
values (3,363);
insert into StudentInterestGroups (InterestGroupID, StudentEntityID)
values (2,363);
insert into StudentInterestGroups (InterestGroupID, StudentEntityID)
values (1,363);
insert into StudentInterestGroups (InterestGroupID, StudentEntityID)
values (8,363);
insert into userEntity (UserName, EmailAddress, EntityType)
values ('RachelSmithR465', 'RachelSmithR465@rockingham.k12.va.us', 'STUD');
insert into student (StudentEntityID, FirstName, LastName, MiddleInitial, StreetAddress, Country,City, State,ZipCode, StudentGradeLevel, StudentGPA, StudentACTScore, StudentSATScore, StudentEthnicity, StudentGender, IncomeLevel, DaysAbsent, HoursOfWorkPlaceExp, StudentAthleteFlag, StudentGraduationTrack, StudentEmploymentFlag, StudentImage,SchoolEntityID)
values (364, 'Rachel', 'Smith', 'R', '6310 Brian Unions', 'USA','West Kaitlyn','VA','20040','Junior', 1.36, 17, 1207,'Caucasian','Female','Lower Income',14,15, 'N', 'N', 'N', 'img/student.jpg', 13);
insert into StudentInterestGroups (InterestGroupID, StudentEntityID)
values (4,364);
insert into StudentInterestGroups (InterestGroupID, StudentEntityID)
values (1,364);
insert into StudentInterestGroups (InterestGroupID, StudentEntityID)
values (11,364);
insert into userEntity (UserName, EmailAddress, EntityType)
values ('KatherinePatelZ892', 'KatherinePatelZ892@broadway.edu', 'STUD');
insert into student (StudentEntityID, FirstName, LastName, MiddleInitial, StreetAddress, Country,City, State,ZipCode, StudentGradeLevel, StudentGPA, StudentACTScore, StudentSATScore, StudentEthnicity, StudentGender, IncomeLevel, DaysAbsent, HoursOfWorkPlaceExp, StudentAthleteFlag, StudentGraduationTrack, StudentEmploymentFlag, StudentImage,SchoolEntityID)
values (365, 'Katherine', 'Patel', 'Z', '902 Moore Centers Apt. 254', 'USA','Jamestown','VA','20041','Junior', 3.95, 26, 1192,'Not selected or Other','Female','Middle Income',0,32, 'N', 'Y', 'N', 'img/student.jpg', 16);
insert into StudentInterestGroups (InterestGroupID, StudentEntityID)
values (6,365);
insert into StudentInterestGroups (InterestGroupID, StudentEntityID)
values (1,365);
insert into StudentInterestGroups (InterestGroupID, StudentEntityID)
values (5,365);
insert into StudentInterestGroups (InterestGroupID, StudentEntityID)
values (11,365);
insert into userEntity (UserName, EmailAddress, EntityType)
values ('JoseHillM407', 'JoseHillM407@harrisonburg.edu', 'STUD');
insert into student (StudentEntityID, FirstName, LastName, MiddleInitial, StreetAddress, Country,City, State,ZipCode, StudentGradeLevel, StudentGPA, StudentACTScore, StudentSATScore, StudentEthnicity, StudentGender, IncomeLevel, DaysAbsent, HoursOfWorkPlaceExp, StudentAthleteFlag, StudentGraduationTrack, StudentEmploymentFlag, StudentImage,SchoolEntityID)
values (366, 'Jose', 'Hill', 'M', '37801 Washington Passage', 'USA','East Andrewside','VA','20041','Sophomore', 3.43, 0, 0,'Caucasian','Male','Lower Income',0,21, 'Y', 'Y', 'Y', 'img/student.jpg', 17);
insert into StudentInterestGroups (InterestGroupID, StudentEntityID)
values (11,366);
insert into StudentInterestGroups (InterestGroupID, StudentEntityID)
values (5,366);
insert into StudentInterestGroups (InterestGroupID, StudentEntityID)
values (6,366);
insert into userEntity (UserName, EmailAddress, EntityType)
values ('KarenLongS901', 'KarenLongS901@spotswood.edu', 'STUD');
insert into student (StudentEntityID, FirstName, LastName, MiddleInitial, StreetAddress, Country,City, State,ZipCode, StudentGradeLevel, StudentGPA, StudentACTScore, StudentSATScore, StudentEthnicity, StudentGender, IncomeLevel, DaysAbsent, HoursOfWorkPlaceExp, StudentAthleteFlag, StudentGraduationTrack, StudentEmploymentFlag, StudentImage,SchoolEntityID)
values (367, 'Karen', 'Long', 'S', '393 Victoria Flats Suite 581', 'USA','Madisonmouth','VA','20040','Junior', 2.45, 27, 836,'Caucasian','Female','Middle Income',15,27, 'Y', 'Y', 'N', 'img/student.jpg', 14);
insert into StudentInterestGroups (InterestGroupID, StudentEntityID)
values (12,367);
insert into StudentInterestGroups (InterestGroupID, StudentEntityID)
values (5,367);
insert into StudentInterestGroups (InterestGroupID, StudentEntityID)
values (3,367);
insert into StudentInterestGroups (InterestGroupID, StudentEntityID)
values (7,367);
insert into StudentInterestGroups (InterestGroupID, StudentEntityID)
values (8,367);
insert into userEntity (UserName, EmailAddress, EntityType)
values ('GeraldEthridgeO155', 'GeraldEthridgeO155@harrisonburg.edu', 'STUD');
insert into student (StudentEntityID, FirstName, LastName, MiddleInitial, StreetAddress, Country,City, State,ZipCode, StudentGradeLevel, StudentGPA, StudentACTScore, StudentSATScore, StudentEthnicity, StudentGender, IncomeLevel, DaysAbsent, HoursOfWorkPlaceExp, StudentAthleteFlag, StudentGraduationTrack, StudentEmploymentFlag, StudentImage,SchoolEntityID)
values (368, 'Gerald', 'Ethridge', 'O', '909 James Locks Suite 325', 'USA','Alexandrafurt','VA','20041','Sophomore', 1.67, 0, 0,'Caucasian','Male','Lower Income',13,8, 'N', 'N', 'N', 'img/student.jpg', 17);
insert into StudentInterestGroups (InterestGroupID, StudentEntityID)
values (11,368);
insert into StudentInterestGroups (InterestGroupID, StudentEntityID)
values (12,368);
insert into StudentInterestGroups (InterestGroupID, StudentEntityID)
values (4,368);
insert into StudentInterestGroups (InterestGroupID, StudentEntityID)
values (1,368);
insert into userEntity (UserName, EmailAddress, EntityType)
values ('SharonWilsonK708', 'SharonWilsonK708@spotswood.edu', 'STUD');
insert into student (StudentEntityID, FirstName, LastName, MiddleInitial, StreetAddress, Country,City, State,ZipCode, StudentGradeLevel, StudentGPA, StudentACTScore, StudentSATScore, StudentEthnicity, StudentGender, IncomeLevel, DaysAbsent, HoursOfWorkPlaceExp, StudentAthleteFlag, StudentGraduationTrack, StudentEmploymentFlag, StudentImage,SchoolEntityID)
values (369, 'Sharon', 'Wilson', 'K', '3383 Marissa Spur', 'USA','Port Caitlin','VA','20040','Freshmen', 1.19, 0, 0,'Caucasian','Female','Middle Income',13,4, 'Y', 'N', 'Y', 'img/student.jpg', 14);
insert into StudentInterestGroups (InterestGroupID, StudentEntityID)
values (7,369);
insert into StudentInterestGroups (InterestGroupID, StudentEntityID)
values (4,369);
insert into userEntity (UserName, EmailAddress, EntityType)
values ('DavidKanemotoZ747', 'DavidKanemotoZ747@harrisonburg.edu', 'STUD');
insert into student (StudentEntityID, FirstName, LastName, MiddleInitial, StreetAddress, Country,City, State,ZipCode, StudentGradeLevel, StudentGPA, StudentACTScore, StudentSATScore, StudentEthnicity, StudentGender, IncomeLevel, DaysAbsent, HoursOfWorkPlaceExp, StudentAthleteFlag, StudentGraduationTrack, StudentEmploymentFlag, StudentImage,SchoolEntityID)
values (370, 'David', 'Kanemoto', 'Z', '458 Morris Hollow', 'USA','Wagnerfort','VA','20041','Junior', 1.04, 15, 1007,'Caucasian','Male','Middle Income',15,10, 'Y', 'N', 'N', 'img/student.jpg', 17);
insert into StudentInterestGroups (InterestGroupID, StudentEntityID)
values (10,370);
insert into StudentInterestGroups (InterestGroupID, StudentEntityID)
values (5,370);
insert into StudentInterestGroups (InterestGroupID, StudentEntityID)
values (4,370);
insert into StudentInterestGroups (InterestGroupID, StudentEntityID)
values (1,370);
insert into userEntity (UserName, EmailAddress, EntityType)
values ('CheriseHarrisonF757', 'CheriseHarrisonF757@turnerAshby.edu', 'STUD');
insert into student (StudentEntityID, FirstName, LastName, MiddleInitial, StreetAddress, Country,City, State,ZipCode, StudentGradeLevel, StudentGPA, StudentACTScore, StudentSATScore, StudentEthnicity, StudentGender, IncomeLevel, DaysAbsent, HoursOfWorkPlaceExp, StudentAthleteFlag, StudentGraduationTrack, StudentEmploymentFlag, StudentImage,SchoolEntityID)
values (371, 'Cherise', 'Harrison', 'F', '0379 Smith Spurs', 'USA','Williammouth','VA','20041','Freshmen', 2.8, 0, 0,'Caucasian','Female','Lower Income',4,19, 'Y', 'Y', 'Y', 'img/student.jpg', 15);
insert into StudentInterestGroups (InterestGroupID, StudentEntityID)
values (1,371);
insert into StudentInterestGroups (InterestGroupID, StudentEntityID)
values (6,371);
insert into StudentInterestGroups (InterestGroupID, StudentEntityID)
values (5,371);
insert into StudentInterestGroups (InterestGroupID, StudentEntityID)
values (7,371);
insert into userEntity (UserName, EmailAddress, EntityType)
values ('ClareHayesH56', 'ClareHayesH56@spotswood.edu', 'STUD');
insert into student (StudentEntityID, FirstName, LastName, MiddleInitial, StreetAddress, Country,City, State,ZipCode, StudentGradeLevel, StudentGPA, StudentACTScore, StudentSATScore, StudentEthnicity, StudentGender, IncomeLevel, DaysAbsent, HoursOfWorkPlaceExp, StudentAthleteFlag, StudentGraduationTrack, StudentEmploymentFlag, StudentImage,SchoolEntityID)
values (372, 'Clare', 'Hayes', 'H', '3879 Vanessa Lodge', 'USA','Kristiview','VA','20041','Sophomore', 3.77, 0, 0,'Caucasian','Female','Middle Income',5,20, 'Y', 'Y', 'N', 'img/student.jpg', 14);
insert into StudentInterestGroups (InterestGroupID, StudentEntityID)
values (6,372);
insert into StudentInterestGroups (InterestGroupID, StudentEntityID)
values (8,372);
insert into StudentInterestGroups (InterestGroupID, StudentEntityID)
values (11,372);
insert into StudentInterestGroups (InterestGroupID, StudentEntityID)
values (7,372);
insert into userEntity (UserName, EmailAddress, EntityType)
values ('LeeHalpinW99', 'LeeHalpinW99@rockingham.k12.va.us', 'STUD');
insert into student (StudentEntityID, FirstName, LastName, MiddleInitial, StreetAddress, Country,City, State,ZipCode, StudentGradeLevel, StudentGPA, StudentACTScore, StudentSATScore, StudentEthnicity, StudentGender, IncomeLevel, DaysAbsent, HoursOfWorkPlaceExp, StudentAthleteFlag, StudentGraduationTrack, StudentEmploymentFlag, StudentImage,SchoolEntityID)
values (373, 'Lee', 'Halpin', 'W', '627 Jennifer Islands Apt. 267', 'USA','New Thomas','VA','20041','Freshmen', 1.06, 0, 0,'Caucasian','Male','Middle Income',13,3, 'Y', 'N', 'N', 'img/student.jpg', 13);
insert into StudentInterestGroups (InterestGroupID, StudentEntityID)
values (11,373);
insert into StudentInterestGroups (InterestGroupID, StudentEntityID)
values (10,373);
insert into StudentInterestGroups (InterestGroupID, StudentEntityID)
values (4,373);
insert into StudentInterestGroups (InterestGroupID, StudentEntityID)
values (9,373);
insert into StudentInterestGroups (InterestGroupID, StudentEntityID)
values (3,373);
insert into StudentInterestGroups (InterestGroupID, StudentEntityID)
values (5,373);
insert into StudentInterestGroups (InterestGroupID, StudentEntityID)
values (1,373);
insert into userEntity (UserName, EmailAddress, EntityType)
values ('CharlesTuckerX421', 'CharlesTuckerX421@spotswood.edu', 'STUD');
insert into student (StudentEntityID, FirstName, LastName, MiddleInitial, StreetAddress, Country,City, State,ZipCode, StudentGradeLevel, StudentGPA, StudentACTScore, StudentSATScore, StudentEthnicity, StudentGender, IncomeLevel, DaysAbsent, HoursOfWorkPlaceExp, StudentAthleteFlag, StudentGraduationTrack, StudentEmploymentFlag, StudentImage,SchoolEntityID)
values (374, 'Charles', 'Tucker', 'X', '4131 Judy Inlet Suite 215', 'USA','Andrewhaven','VA','20041','Freshmen', 2.62, 0, 0,'Caucasian','Male','Lower Income',7,20, 'Y', 'Y', 'N', 'img/student.jpg', 14);
insert into StudentInterestGroups (InterestGroupID, StudentEntityID)
values (5,374);
insert into StudentInterestGroups (InterestGroupID, StudentEntityID)
values (11,374);
insert into StudentInterestGroups (InterestGroupID, StudentEntityID)
values (10,374);
insert into StudentInterestGroups (InterestGroupID, StudentEntityID)
values (2,374);
insert into StudentInterestGroups (InterestGroupID, StudentEntityID)
values (3,374);
insert into StudentInterestGroups (InterestGroupID, StudentEntityID)
values (4,374);
insert into StudentInterestGroups (InterestGroupID, StudentEntityID)
values (1,374);
insert into StudentInterestGroups (InterestGroupID, StudentEntityID)
values (7,374);
insert into userEntity (UserName, EmailAddress, EntityType)
values ('KeriChavezO747', 'KeriChavezO747@broadway.edu', 'STUD');
insert into student (StudentEntityID, FirstName, LastName, MiddleInitial, StreetAddress, Country,City, State,ZipCode, StudentGradeLevel, StudentGPA, StudentACTScore, StudentSATScore, StudentEthnicity, StudentGender, IncomeLevel, DaysAbsent, HoursOfWorkPlaceExp, StudentAthleteFlag, StudentGraduationTrack, StudentEmploymentFlag, StudentImage,SchoolEntityID)
values (375, 'Keri', 'Chavez', 'O', '2957 Gregory Curve Apt. 168', 'USA','Port Stephanie','VA','20040','Sophomore', 1.71, 0, 0,'Caucasian','Female','Higher Income',13,10, 'N', 'N', 'N', 'img/student.jpg', 16);
insert into StudentInterestGroups (InterestGroupID, StudentEntityID)
values (3,375);
insert into StudentInterestGroups (InterestGroupID, StudentEntityID)
values (6,375);
insert into StudentInterestGroups (InterestGroupID, StudentEntityID)
values (9,375);
insert into StudentInterestGroups (InterestGroupID, StudentEntityID)
values (10,375);
insert into StudentInterestGroups (InterestGroupID, StudentEntityID)
values (5,375);
insert into StudentInterestGroups (InterestGroupID, StudentEntityID)
values (7,375);
insert into StudentInterestGroups (InterestGroupID, StudentEntityID)
values (1,375);
insert into StudentInterestGroups (InterestGroupID, StudentEntityID)
values (11,375);
insert into userEntity (UserName, EmailAddress, EntityType)
values ('ShawnSodomkaW790', 'ShawnSodomkaW790@rockingham.k12.va.us', 'STUD');
insert into student (StudentEntityID, FirstName, LastName, MiddleInitial, StreetAddress, Country,City, State,ZipCode, StudentGradeLevel, StudentGPA, StudentACTScore, StudentSATScore, StudentEthnicity, StudentGender, IncomeLevel, DaysAbsent, HoursOfWorkPlaceExp, StudentAthleteFlag, StudentGraduationTrack, StudentEmploymentFlag, StudentImage,SchoolEntityID)
values (376, 'Shawn', 'Sodomka', 'W', '1380 Webb Trace Suite 420', 'USA','New Jasonfort','VA','20040','Sophomore', 3.06, 0, 0,'Caucasian','Male','Middle Income',0,23, 'Y', 'Y', 'N', 'img/student.jpg', 13);
insert into StudentInterestGroups (InterestGroupID, StudentEntityID)
values (12,376);
insert into StudentInterestGroups (InterestGroupID, StudentEntityID)
values (3,376);
insert into userEntity (UserName, EmailAddress, EntityType)
values ('CristinaHeartV23', 'CristinaHeartV23@Louisa.edu', 'STUD');
insert into student (StudentEntityID, FirstName, LastName, MiddleInitial, StreetAddress, Country,City, State,ZipCode, StudentGradeLevel, StudentGPA, StudentACTScore, StudentSATScore, StudentEthnicity, StudentGender, IncomeLevel, DaysAbsent, HoursOfWorkPlaceExp, StudentAthleteFlag, StudentGraduationTrack, StudentEmploymentFlag, StudentImage,SchoolEntityID)
values (377, 'Cristina', 'Heart', 'V', '150 Lee Drive Suite 078', 'USA','East Anthony','VA','20041','Sophomore', 3.54, 0, 0,'African American','Other','Middle Income',5,21, 'Y', 'Y', 'N', 'img/student.jpg', 12);
insert into StudentInterestGroups (InterestGroupID, StudentEntityID)
values (12,377);
insert into StudentInterestGroups (InterestGroupID, StudentEntityID)
values (8,377);
insert into StudentInterestGroups (InterestGroupID, StudentEntityID)
values (2,377);
insert into StudentInterestGroups (InterestGroupID, StudentEntityID)
values (3,377);
insert into userEntity (UserName, EmailAddress, EntityType)
values ('SandraHosfordK682', 'SandraHosfordK682@turnerAshby.edu', 'STUD');
insert into student (StudentEntityID, FirstName, LastName, MiddleInitial, StreetAddress, Country,City, State,ZipCode, StudentGradeLevel, StudentGPA, StudentACTScore, StudentSATScore, StudentEthnicity, StudentGender, IncomeLevel, DaysAbsent, HoursOfWorkPlaceExp, StudentAthleteFlag, StudentGraduationTrack, StudentEmploymentFlag, StudentImage,SchoolEntityID)
values (378, 'Sandra', 'Hosford', 'K', '166 Sandra Dam', 'USA','Brianshire','VA','20041','Junior', 2.85, 20, 920,'Caucasian','Female','Higher Income',6,25, 'Y', 'Y', 'N', 'img/student.jpg', 15);
insert into StudentInterestGroups (InterestGroupID, StudentEntityID)
values (2,378);
insert into StudentInterestGroups (InterestGroupID, StudentEntityID)
values (12,378);
insert into StudentInterestGroups (InterestGroupID, StudentEntityID)
values (3,378);
insert into StudentInterestGroups (InterestGroupID, StudentEntityID)
values (7,378);
insert into StudentInterestGroups (InterestGroupID, StudentEntityID)
values (1,378);
insert into StudentInterestGroups (InterestGroupID, StudentEntityID)
values (11,378);
insert into userEntity (UserName, EmailAddress, EntityType)
values ('DeannaMooreY166', 'DeannaMooreY166@turnerAshby.edu', 'STUD');
insert into student (StudentEntityID, FirstName, LastName, MiddleInitial, StreetAddress, Country,City, State,ZipCode, StudentGradeLevel, StudentGPA, StudentACTScore, StudentSATScore, StudentEthnicity, StudentGender, IncomeLevel, DaysAbsent, HoursOfWorkPlaceExp, StudentAthleteFlag, StudentGraduationTrack, StudentEmploymentFlag, StudentImage,SchoolEntityID)
values (379, 'Deanna', 'Moore', 'Y', '1694 Vaughn Court Suite 321', 'USA','Kimport','VA','20040','Freshmen', 2.29, 0, 0,'Hispanic','Female','Lower Income',8,6, 'Y', 'Y', 'N', 'img/student.jpg', 15);
insert into StudentInterestGroups (InterestGroupID, StudentEntityID)
values (4,379);
insert into StudentInterestGroups (InterestGroupID, StudentEntityID)
values (11,379);
insert into StudentInterestGroups (InterestGroupID, StudentEntityID)
values (12,379);
insert into userEntity (UserName, EmailAddress, EntityType)
values ('JamieKnoxJ188', 'JamieKnoxJ188@broadway.edu', 'STUD');
insert into student (StudentEntityID, FirstName, LastName, MiddleInitial, StreetAddress, Country,City, State,ZipCode, StudentGradeLevel, StudentGPA, StudentACTScore, StudentSATScore, StudentEthnicity, StudentGender, IncomeLevel, DaysAbsent, HoursOfWorkPlaceExp, StudentAthleteFlag, StudentGraduationTrack, StudentEmploymentFlag, StudentImage,SchoolEntityID)
values (380, 'Jamie', 'Knox', 'J', '05671 Michael Parks Apt. 809', 'USA','Lake Andrew','VA','20040','Sophomore', 2.17, 0, 0,'Caucasian','Other','Middle Income',10,17, 'Y', 'Y', 'Y', 'img/student.jpg', 16);
insert into StudentInterestGroups (InterestGroupID, StudentEntityID)
values (4,380);
insert into StudentInterestGroups (InterestGroupID, StudentEntityID)
values (1,380);
insert into StudentInterestGroups (InterestGroupID, StudentEntityID)
values (2,380);
insert into userEntity (UserName, EmailAddress, EntityType)
values ('ElizabethPickronT861', 'ElizabethPickronT861@spotswood.edu', 'STUD');
insert into student (StudentEntityID, FirstName, LastName, MiddleInitial, StreetAddress, Country,City, State,ZipCode, StudentGradeLevel, StudentGPA, StudentACTScore, StudentSATScore, StudentEthnicity, StudentGender, IncomeLevel, DaysAbsent, HoursOfWorkPlaceExp, StudentAthleteFlag, StudentGraduationTrack, StudentEmploymentFlag, StudentImage,SchoolEntityID)
values (381, 'Elizabeth', 'Pickron', 'T', '50717 Madison Loop', 'USA','Valerieville','VA','20041','Senior', 1.62, 17, 1082,'Hispanic','Female','Lower Income',8,28, 'Y', 'N', 'N', 'img/student.jpg', 14);
insert into StudentInterestGroups (InterestGroupID, StudentEntityID)
values (12,381);
insert into StudentInterestGroups (InterestGroupID, StudentEntityID)
values (7,381);
insert into StudentInterestGroups (InterestGroupID, StudentEntityID)
values (9,381);
insert into StudentInterestGroups (InterestGroupID, StudentEntityID)
values (6,381);
insert into userEntity (UserName, EmailAddress, EntityType)
values ('JohnSalasH671', 'JohnSalasH671@Louisa.edu', 'STUD');
insert into student (StudentEntityID, FirstName, LastName, MiddleInitial, StreetAddress, Country,City, State,ZipCode, StudentGradeLevel, StudentGPA, StudentACTScore, StudentSATScore, StudentEthnicity, StudentGender, IncomeLevel, DaysAbsent, HoursOfWorkPlaceExp, StudentAthleteFlag, StudentGraduationTrack, StudentEmploymentFlag, StudentImage,SchoolEntityID)
values (382, 'John', 'Salas', 'H', '1468 Kline Street Apt. 858', 'USA','Ashleyburgh','VA','20040','Junior', 1.72, 15, 1100,'Caucasian','Other','Higher Income',15,18, 'N', 'N', 'N', 'img/student.jpg', 12);
insert into StudentInterestGroups (InterestGroupID, StudentEntityID)
values (12,382);
insert into StudentInterestGroups (InterestGroupID, StudentEntityID)
values (2,382);
insert into StudentInterestGroups (InterestGroupID, StudentEntityID)
values (3,382);
insert into StudentInterestGroups (InterestGroupID, StudentEntityID)
values (5,382);
insert into userEntity (UserName, EmailAddress, EntityType)
values ('JeriWalkerC513', 'JeriWalkerC513@rockingham.k12.va.us', 'STUD');
insert into student (StudentEntityID, FirstName, LastName, MiddleInitial, StreetAddress, Country,City, State,ZipCode, StudentGradeLevel, StudentGPA, StudentACTScore, StudentSATScore, StudentEthnicity, StudentGender, IncomeLevel, DaysAbsent, HoursOfWorkPlaceExp, StudentAthleteFlag, StudentGraduationTrack, StudentEmploymentFlag, StudentImage,SchoolEntityID)
values (383, 'Jeri', 'Walker', 'C', '76766 James Points', 'USA','South Dawnhaven','VA','20041','Junior', 3.83, 25, 1541,'Caucasian','Female','Lower Income',1,27, 'Y', 'Y', 'Y', 'img/student.jpg', 13);
insert into StudentInterestGroups (InterestGroupID, StudentEntityID)
values (7,383);
insert into StudentInterestGroups (InterestGroupID, StudentEntityID)
values (4,383);
insert into StudentInterestGroups (InterestGroupID, StudentEntityID)
values (1,383);
insert into userEntity (UserName, EmailAddress, EntityType)
values ('MarioShoemakerQ669', 'MarioShoemakerQ669@Louisa.edu', 'STUD');
insert into student (StudentEntityID, FirstName, LastName, MiddleInitial, StreetAddress, Country,City, State,ZipCode, StudentGradeLevel, StudentGPA, StudentACTScore, StudentSATScore, StudentEthnicity, StudentGender, IncomeLevel, DaysAbsent, HoursOfWorkPlaceExp, StudentAthleteFlag, StudentGraduationTrack, StudentEmploymentFlag, StudentImage,SchoolEntityID)
values (384, 'Mario', 'Shoemaker', 'Q', '60589 Jenkins Avenue Suite 793', 'USA','Bartonfort','VA','20041','Junior', 2.97, 35, 1126,'Caucasian','Male','Higher Income',7,34, 'Y', 'Y', 'Y', 'img/student.jpg', 12);
insert into StudentInterestGroups (InterestGroupID, StudentEntityID)
values (4,384);
insert into StudentInterestGroups (InterestGroupID, StudentEntityID)
values (8,384);
insert into userEntity (UserName, EmailAddress, EntityType)
values ('DonaldRobertsonI118', 'DonaldRobertsonI118@harrisonburg.edu', 'STUD');
insert into student (StudentEntityID, FirstName, LastName, MiddleInitial, StreetAddress, Country,City, State,ZipCode, StudentGradeLevel, StudentGPA, StudentACTScore, StudentSATScore, StudentEthnicity, StudentGender, IncomeLevel, DaysAbsent, HoursOfWorkPlaceExp, StudentAthleteFlag, StudentGraduationTrack, StudentEmploymentFlag, StudentImage,SchoolEntityID)
values (385, 'Donald', 'Robertson', 'I', '70244 Gaines Orchard', 'USA','Hollowayshire','VA','20040','Senior', 1.38, 15, 1149,'Caucasian','Male','Higher Income',14,30, 'Y', 'N', 'N', 'img/student.jpg', 17);
insert into StudentInterestGroups (InterestGroupID, StudentEntityID)
values (3,385);
insert into StudentInterestGroups (InterestGroupID, StudentEntityID)
values (9,385);
insert into userEntity (UserName, EmailAddress, EntityType)
values ('CherylMotleyD186', 'CherylMotleyD186@rockingham.k12.va.us', 'STUD');
insert into student (StudentEntityID, FirstName, LastName, MiddleInitial, StreetAddress, Country,City, State,ZipCode, StudentGradeLevel, StudentGPA, StudentACTScore, StudentSATScore, StudentEthnicity, StudentGender, IncomeLevel, DaysAbsent, HoursOfWorkPlaceExp, StudentAthleteFlag, StudentGraduationTrack, StudentEmploymentFlag, StudentImage,SchoolEntityID)
values (386, 'Cheryl', 'Motley', 'D', '0188 Holland Street Suite 141', 'USA','Rodriguezmouth','VA','20040','Senior', 2.1, 15, 1329,'Pacific Islander','Female','Lower Income',9,35, 'Y', 'Y', 'Y', 'img/student.jpg', 13);
insert into StudentInterestGroups (InterestGroupID, StudentEntityID)
values (1,386);
insert into userEntity (UserName, EmailAddress, EntityType)
values ('NancyTaylorD930', 'NancyTaylorD930@broadway.edu', 'STUD');
insert into student (StudentEntityID, FirstName, LastName, MiddleInitial, StreetAddress, Country,City, State,ZipCode, StudentGradeLevel, StudentGPA, StudentACTScore, StudentSATScore, StudentEthnicity, StudentGender, IncomeLevel, DaysAbsent, HoursOfWorkPlaceExp, StudentAthleteFlag, StudentGraduationTrack, StudentEmploymentFlag, StudentImage,SchoolEntityID)
values (387, 'Nancy', 'Taylor', 'D', '653 Taylor Valleys', 'USA','Port Matthew','VA','20040','Senior', 3.07, 34, 1297,'Hispanic','Female','Higher Income',3,41, 'Y', 'Y', 'N', 'img/student.jpg', 16);
insert into StudentInterestGroups (InterestGroupID, StudentEntityID)
values (10,387);
insert into userEntity (UserName, EmailAddress, EntityType)
values ('CharlesInfantinoL344', 'CharlesInfantinoL344@Louisa.edu', 'STUD');
insert into student (StudentEntityID, FirstName, LastName, MiddleInitial, StreetAddress, Country,City, State,ZipCode, StudentGradeLevel, StudentGPA, StudentACTScore, StudentSATScore, StudentEthnicity, StudentGender, IncomeLevel, DaysAbsent, HoursOfWorkPlaceExp, StudentAthleteFlag, StudentGraduationTrack, StudentEmploymentFlag, StudentImage,SchoolEntityID)
values (388, 'Charles', 'Infantino', 'L', '6462 Rivera Skyway', 'USA','Lake Kirk','VA','20040','Junior', 2.36, 29, 1104,'Caucasian','Other','Middle Income',11,24, 'N', 'Y', 'N', 'img/student.jpg', 12);
insert into StudentInterestGroups (InterestGroupID, StudentEntityID)
values (4,388);
insert into StudentInterestGroups (InterestGroupID, StudentEntityID)
values (8,388);
insert into StudentInterestGroups (InterestGroupID, StudentEntityID)
values (10,388);
insert into StudentInterestGroups (InterestGroupID, StudentEntityID)
values (11,388);
insert into StudentInterestGroups (InterestGroupID, StudentEntityID)
values (1,388);
insert into StudentInterestGroups (InterestGroupID, StudentEntityID)
values (6,388);
insert into userEntity (UserName, EmailAddress, EntityType)
values ('RileyBoyleC974', 'RileyBoyleC974@spotswood.edu', 'STUD');
insert into student (StudentEntityID, FirstName, LastName, MiddleInitial, StreetAddress, Country,City, State,ZipCode, StudentGradeLevel, StudentGPA, StudentACTScore, StudentSATScore, StudentEthnicity, StudentGender, IncomeLevel, DaysAbsent, HoursOfWorkPlaceExp, StudentAthleteFlag, StudentGraduationTrack, StudentEmploymentFlag, StudentImage,SchoolEntityID)
values (389, 'Riley', 'Boyle', 'C', '926 Weber Stravenue Apt. 037', 'USA','Port Morgan','VA','20040','Sophomore', 3.81, 0, 0,'Pacific Islander','Male','Middle Income',1,23, 'N', 'Y', 'Y', 'img/student.jpg', 14);
insert into StudentInterestGroups (InterestGroupID, StudentEntityID)
values (12,389);
insert into userEntity (UserName, EmailAddress, EntityType)
values ('MichaelDaughertyP361', 'MichaelDaughertyP361@harrisonburg.edu', 'STUD');
insert into student (StudentEntityID, FirstName, LastName, MiddleInitial, StreetAddress, Country,City, State,ZipCode, StudentGradeLevel, StudentGPA, StudentACTScore, StudentSATScore, StudentEthnicity, StudentGender, IncomeLevel, DaysAbsent, HoursOfWorkPlaceExp, StudentAthleteFlag, StudentGraduationTrack, StudentEmploymentFlag, StudentImage,SchoolEntityID)
values (390, 'Michael', 'Daugherty', 'P', '9198 Jessica River Suite 965', 'USA','North Hunter','VA','20041','Senior', 1.57, 18, 1175,'Caucasian','Male','Lower Income',14,24, 'Y', 'N', 'Y', 'img/student.jpg', 17);
insert into StudentInterestGroups (InterestGroupID, StudentEntityID)
values (11,390);
insert into StudentInterestGroups (InterestGroupID, StudentEntityID)
values (12,390);
insert into StudentInterestGroups (InterestGroupID, StudentEntityID)
values (4,390);
insert into StudentInterestGroups (InterestGroupID, StudentEntityID)
values (3,390);
insert into userEntity (UserName, EmailAddress, EntityType)
values ('CharlesMclaneA73', 'CharlesMclaneA73@Louisa.edu', 'STUD');
insert into student (StudentEntityID, FirstName, LastName, MiddleInitial, StreetAddress, Country,City, State,ZipCode, StudentGradeLevel, StudentGPA, StudentACTScore, StudentSATScore, StudentEthnicity, StudentGender, IncomeLevel, DaysAbsent, HoursOfWorkPlaceExp, StudentAthleteFlag, StudentGraduationTrack, StudentEmploymentFlag, StudentImage,SchoolEntityID)
values (391, 'Charles', 'Mclane', 'A', '66425 Elizabeth Common Suite 942', 'USA','South John','VA','20041','Senior', 1.51, 21, 953,'Caucasian','Male','Middle Income',13,31, 'Y', 'N', 'Y', 'img/student.jpg', 12);
insert into StudentInterestGroups (InterestGroupID, StudentEntityID)
values (5,391);
insert into userEntity (UserName, EmailAddress, EntityType)
values ('KirkGracelyN440', 'KirkGracelyN440@harrisonburg.edu', 'STUD');
insert into student (StudentEntityID, FirstName, LastName, MiddleInitial, StreetAddress, Country,City, State,ZipCode, StudentGradeLevel, StudentGPA, StudentACTScore, StudentSATScore, StudentEthnicity, StudentGender, IncomeLevel, DaysAbsent, HoursOfWorkPlaceExp, StudentAthleteFlag, StudentGraduationTrack, StudentEmploymentFlag, StudentImage,SchoolEntityID)
values (392, 'Kirk', 'Gracely', 'N', '8860 Harris Spur Suite 481', 'USA','Darryltown','VA','20040','Junior', 3.7, 34, 1169,'Caucasian','Other','Higher Income',2,35, 'Y', 'Y', 'N', 'img/student.jpg', 17);
insert into StudentInterestGroups (InterestGroupID, StudentEntityID)
values (5,392);
insert into StudentInterestGroups (InterestGroupID, StudentEntityID)
values (1,392);
insert into StudentInterestGroups (InterestGroupID, StudentEntityID)
values (8,392);
insert into StudentInterestGroups (InterestGroupID, StudentEntityID)
values (9,392);
insert into StudentInterestGroups (InterestGroupID, StudentEntityID)
values (11,392);
insert into StudentInterestGroups (InterestGroupID, StudentEntityID)
values (3,392);
insert into userEntity (UserName, EmailAddress, EntityType)
values ('AlfredAcostaC294', 'AlfredAcostaC294@harrisonburg.edu', 'STUD');
insert into student (StudentEntityID, FirstName, LastName, MiddleInitial, StreetAddress, Country,City, State,ZipCode, StudentGradeLevel, StudentGPA, StudentACTScore, StudentSATScore, StudentEthnicity, StudentGender, IncomeLevel, DaysAbsent, HoursOfWorkPlaceExp, StudentAthleteFlag, StudentGraduationTrack, StudentEmploymentFlag, StudentImage,SchoolEntityID)
values (393, 'Alfred', 'Acosta', 'C', '651 Levine Rue Suite 288', 'USA','Cristianmouth','VA','20041','Senior', 3.98, 29, 1432,'Asian','Male','Middle Income',4,37, 'N', 'Y', 'Y', 'img/student.jpg', 17);
insert into StudentInterestGroups (InterestGroupID, StudentEntityID)
values (6,393);
insert into StudentInterestGroups (InterestGroupID, StudentEntityID)
values (3,393);
insert into StudentInterestGroups (InterestGroupID, StudentEntityID)
values (10,393);
insert into StudentInterestGroups (InterestGroupID, StudentEntityID)
values (5,393);
insert into StudentInterestGroups (InterestGroupID, StudentEntityID)
values (2,393);
insert into StudentInterestGroups (InterestGroupID, StudentEntityID)
values (11,393);
insert into StudentInterestGroups (InterestGroupID, StudentEntityID)
values (7,393);
insert into StudentInterestGroups (InterestGroupID, StudentEntityID)
values (1,393);
insert into userEntity (UserName, EmailAddress, EntityType)
values ('BonnieComleyI65', 'BonnieComleyI65@harrisonburg.edu', 'STUD');
insert into student (StudentEntityID, FirstName, LastName, MiddleInitial, StreetAddress, Country,City, State,ZipCode, StudentGradeLevel, StudentGPA, StudentACTScore, StudentSATScore, StudentEthnicity, StudentGender, IncomeLevel, DaysAbsent, HoursOfWorkPlaceExp, StudentAthleteFlag, StudentGraduationTrack, StudentEmploymentFlag, StudentImage,SchoolEntityID)
values (394, 'Bonnie', 'Comley', 'I', '18429 Johnson Spur Suite 227', 'USA','West Brittney','VA','20041','Sophomore', 1.66, 0, 0,'Caucasian','Female','Middle Income',10,9, 'N', 'N', 'Y', 'img/student.jpg', 17);
insert into StudentInterestGroups (InterestGroupID, StudentEntityID)
values (7,394);
insert into userEntity (UserName, EmailAddress, EntityType)
values ('JeremyMartinezD285', 'JeremyMartinezD285@Louisa.edu', 'STUD');
insert into student (StudentEntityID, FirstName, LastName, MiddleInitial, StreetAddress, Country,City, State,ZipCode, StudentGradeLevel, StudentGPA, StudentACTScore, StudentSATScore, StudentEthnicity, StudentGender, IncomeLevel, DaysAbsent, HoursOfWorkPlaceExp, StudentAthleteFlag, StudentGraduationTrack, StudentEmploymentFlag, StudentImage,SchoolEntityID)
values (395, 'Jeremy', 'Martinez', 'D', '4780 Hernandez Well Apt. 564', 'USA','Belltown','VA','20040','Freshmen', 2.65, 0, 0,'Caucasian','Male','Middle Income',0,16, 'N', 'Y', 'Y', 'img/student.jpg', 12);
insert into StudentInterestGroups (InterestGroupID, StudentEntityID)
values (10,395);
insert into StudentInterestGroups (InterestGroupID, StudentEntityID)
values (3,395);
insert into StudentInterestGroups (InterestGroupID, StudentEntityID)
values (12,395);
insert into userEntity (UserName, EmailAddress, EntityType)
values ('JamesRobinsonD248', 'JamesRobinsonD248@turnerAshby.edu', 'STUD');
insert into student (StudentEntityID, FirstName, LastName, MiddleInitial, StreetAddress, Country,City, State,ZipCode, StudentGradeLevel, StudentGPA, StudentACTScore, StudentSATScore, StudentEthnicity, StudentGender, IncomeLevel, DaysAbsent, HoursOfWorkPlaceExp, StudentAthleteFlag, StudentGraduationTrack, StudentEmploymentFlag, StudentImage,SchoolEntityID)
values (396, 'James', 'Robinson', 'D', '6593 Patricia Viaduct', 'USA','West Ericstad','VA','20041','Sophomore', 2.57, 0, 0,'Hispanic','Male','Middle Income',6,24, 'Y', 'Y', 'N', 'img/student.jpg', 15);
insert into StudentInterestGroups (InterestGroupID, StudentEntityID)
values (10,396);
insert into StudentInterestGroups (InterestGroupID, StudentEntityID)
values (5,396);
insert into StudentInterestGroups (InterestGroupID, StudentEntityID)
values (4,396);
insert into StudentInterestGroups (InterestGroupID, StudentEntityID)
values (3,396);
insert into StudentInterestGroups (InterestGroupID, StudentEntityID)
values (1,396);
insert into StudentInterestGroups (InterestGroupID, StudentEntityID)
values (6,396);
insert into StudentInterestGroups (InterestGroupID, StudentEntityID)
values (9,396);
insert into StudentInterestGroups (InterestGroupID, StudentEntityID)
values (11,396);
insert into userEntity (UserName, EmailAddress, EntityType)
values ('AlfredDavisV443', 'AlfredDavisV443@rockingham.k12.va.us', 'STUD');
insert into student (StudentEntityID, FirstName, LastName, MiddleInitial, StreetAddress, Country,City, State,ZipCode, StudentGradeLevel, StudentGPA, StudentACTScore, StudentSATScore, StudentEthnicity, StudentGender, IncomeLevel, DaysAbsent, HoursOfWorkPlaceExp, StudentAthleteFlag, StudentGraduationTrack, StudentEmploymentFlag, StudentImage,SchoolEntityID)
values (397, 'Alfred', 'Davis', 'V', '4017 Scott Parkway', 'USA','North Margaret','VA','20041','Sophomore', 3.74, 0, 0,'Caucasian','Male','Higher Income',5,22, 'Y', 'Y', 'N', 'img/student.jpg', 13);
insert into StudentInterestGroups (InterestGroupID, StudentEntityID)
values (4,397);
insert into StudentInterestGroups (InterestGroupID, StudentEntityID)
values (6,397);
insert into StudentInterestGroups (InterestGroupID, StudentEntityID)
values (3,397);
insert into StudentInterestGroups (InterestGroupID, StudentEntityID)
values (9,397);
insert into StudentInterestGroups (InterestGroupID, StudentEntityID)
values (1,397);
insert into StudentInterestGroups (InterestGroupID, StudentEntityID)
values (5,397);
insert into StudentInterestGroups (InterestGroupID, StudentEntityID)
values (7,397);
insert into userEntity (UserName, EmailAddress, EntityType)
values ('MichaelBoutonL669', 'MichaelBoutonL669@harrisonburg.edu', 'STUD');
insert into student (StudentEntityID, FirstName, LastName, MiddleInitial, StreetAddress, Country,City, State,ZipCode, StudentGradeLevel, StudentGPA, StudentACTScore, StudentSATScore, StudentEthnicity, StudentGender, IncomeLevel, DaysAbsent, HoursOfWorkPlaceExp, StudentAthleteFlag, StudentGraduationTrack, StudentEmploymentFlag, StudentImage,SchoolEntityID)
values (398, 'Michael', 'Bouton', 'L', '90620 King Center', 'USA','South Sandrafurt','VA','20040','Senior', 1.98, 19, 1206,'Caucasian','Male','Middle Income',14,20, 'Y', 'N', 'N', 'img/student.jpg', 17);
insert into StudentInterestGroups (InterestGroupID, StudentEntityID)
values (2,398);
insert into StudentInterestGroups (InterestGroupID, StudentEntityID)
values (12,398);
insert into StudentInterestGroups (InterestGroupID, StudentEntityID)
values (5,398);
insert into StudentInterestGroups (InterestGroupID, StudentEntityID)
values (4,398);
insert into StudentInterestGroups (InterestGroupID, StudentEntityID)
values (11,398);
insert into StudentInterestGroups (InterestGroupID, StudentEntityID)
values (3,398);
insert into StudentInterestGroups (InterestGroupID, StudentEntityID)
values (1,398);
insert into StudentInterestGroups (InterestGroupID, StudentEntityID)
values (9,398);
insert into userEntity (UserName, EmailAddress, EntityType)
values ('AndrewPowellP803', 'AndrewPowellP803@spotswood.edu', 'STUD');
insert into student (StudentEntityID, FirstName, LastName, MiddleInitial, StreetAddress, Country,City, State,ZipCode, StudentGradeLevel, StudentGPA, StudentACTScore, StudentSATScore, StudentEthnicity, StudentGender, IncomeLevel, DaysAbsent, HoursOfWorkPlaceExp, StudentAthleteFlag, StudentGraduationTrack, StudentEmploymentFlag, StudentImage,SchoolEntityID)
values (399, 'Andrew', 'Powell', 'P', '59213 Herrera Stravenue', 'USA','Lake Gregory','VA','20040','Senior', 1.71, 17, 1124,'African American','Male','Middle Income',15,24, 'Y', 'N', 'Y', 'img/student.jpg', 14);
insert into StudentInterestGroups (InterestGroupID, StudentEntityID)
values (3,399);
insert into StudentInterestGroups (InterestGroupID, StudentEntityID)
values (1,399);
insert into StudentInterestGroups (InterestGroupID, StudentEntityID)
values (6,399);
insert into StudentInterestGroups (InterestGroupID, StudentEntityID)
values (4,399);
insert into StudentInterestGroups (InterestGroupID, StudentEntityID)
values (10,399);
insert into StudentInterestGroups (InterestGroupID, StudentEntityID)
values (5,399);
insert into userEntity (UserName, EmailAddress, EntityType)
values ('ChristopherKnappJ857', 'ChristopherKnappJ857@spotswood.edu', 'STUD');
insert into student (StudentEntityID, FirstName, LastName, MiddleInitial, StreetAddress, Country,City, State,ZipCode, StudentGradeLevel, StudentGPA, StudentACTScore, StudentSATScore, StudentEthnicity, StudentGender, IncomeLevel, DaysAbsent, HoursOfWorkPlaceExp, StudentAthleteFlag, StudentGraduationTrack, StudentEmploymentFlag, StudentImage,SchoolEntityID)
values (400, 'Christopher', 'Knapp', 'J', '210 Bradley Stravenue', 'USA','Brandonton','VA','20040','Sophomore', 2.26, 0, 0,'Caucasian','Male','Lower Income',15,20, 'Y', 'Y', 'Y', 'img/student.jpg', 14);
insert into StudentInterestGroups (InterestGroupID, StudentEntityID)
values (8,400);
insert into StudentInterestGroups (InterestGroupID, StudentEntityID)
values (2,400);
insert into StudentInterestGroups (InterestGroupID, StudentEntityID)
values (6,400);
insert into StudentInterestGroups (InterestGroupID, StudentEntityID)
values (4,400);
insert into userEntity (UserName, EmailAddress, EntityType)
values ('MaryjaneHendersonQ766', 'MaryjaneHendersonQ766@broadway.edu', 'STUD');
insert into student (StudentEntityID, FirstName, LastName, MiddleInitial, StreetAddress, Country,City, State,ZipCode, StudentGradeLevel, StudentGPA, StudentACTScore, StudentSATScore, StudentEthnicity, StudentGender, IncomeLevel, DaysAbsent, HoursOfWorkPlaceExp, StudentAthleteFlag, StudentGraduationTrack, StudentEmploymentFlag, StudentImage,SchoolEntityID)
values (401, 'Maryjane', 'Henderson', 'Q', '442 Diaz Mills', 'USA','Robertsfort','VA','20041','Freshmen', 1.53, 0, 0,'Caucasian','Female','Middle Income',9,6, 'Y', 'N', 'N', 'img/student.jpg', 16);
insert into StudentInterestGroups (InterestGroupID, StudentEntityID)
values (8,401);
insert into StudentInterestGroups (InterestGroupID, StudentEntityID)
values (5,401);
insert into StudentInterestGroups (InterestGroupID, StudentEntityID)
values (1,401);
insert into StudentInterestGroups (InterestGroupID, StudentEntityID)
values (11,401);
insert into StudentInterestGroups (InterestGroupID, StudentEntityID)
values (10,401);
insert into StudentInterestGroups (InterestGroupID, StudentEntityID)
values (7,401);
insert into userEntity (UserName, EmailAddress, EntityType)
values ('FlorenceFigueroaN358', 'FlorenceFigueroaN358@Louisa.edu', 'STUD');
insert into student (StudentEntityID, FirstName, LastName, MiddleInitial, StreetAddress, Country,City, State,ZipCode, StudentGradeLevel, StudentGPA, StudentACTScore, StudentSATScore, StudentEthnicity, StudentGender, IncomeLevel, DaysAbsent, HoursOfWorkPlaceExp, StudentAthleteFlag, StudentGraduationTrack, StudentEmploymentFlag, StudentImage,SchoolEntityID)
values (402, 'Florence', 'Figueroa', 'N', '34237 Freeman Springs Suite 335', 'USA','New Helen','VA','20040','Sophomore', 2.92, 0, 0,'Pacific Islander','Female','Middle Income',4,18, 'Y', 'Y', 'Y', 'img/student.jpg', 12);
insert into StudentInterestGroups (InterestGroupID, StudentEntityID)
values (5,402);
insert into StudentInterestGroups (InterestGroupID, StudentEntityID)
values (12,402);
insert into StudentInterestGroups (InterestGroupID, StudentEntityID)
values (11,402);
insert into StudentInterestGroups (InterestGroupID, StudentEntityID)
values (7,402);
insert into StudentInterestGroups (InterestGroupID, StudentEntityID)
values (6,402);
insert into StudentInterestGroups (InterestGroupID, StudentEntityID)
values (9,402);
insert into StudentInterestGroups (InterestGroupID, StudentEntityID)
values (3,402);
insert into StudentInterestGroups (InterestGroupID, StudentEntityID)
values (4,402);
insert into userEntity (UserName, EmailAddress, EntityType)
values ('JaimeCaldwellA82', 'JaimeCaldwellA82@Louisa.edu', 'STUD');
insert into student (StudentEntityID, FirstName, LastName, MiddleInitial, StreetAddress, Country,City, State,ZipCode, StudentGradeLevel, StudentGPA, StudentACTScore, StudentSATScore, StudentEthnicity, StudentGender, IncomeLevel, DaysAbsent, HoursOfWorkPlaceExp, StudentAthleteFlag, StudentGraduationTrack, StudentEmploymentFlag, StudentImage,SchoolEntityID)
values (403, 'Jaime', 'Caldwell', 'A', '7794 Pena Drive Suite 443', 'USA','West Joseph','VA','20040','Junior', 1.89, 16, 1195,'Caucasian','Other','Lower Income',10,16, 'N', 'N', 'N', 'img/student.jpg', 12);
insert into StudentInterestGroups (InterestGroupID, StudentEntityID)
values (4,403);
insert into StudentInterestGroups (InterestGroupID, StudentEntityID)
values (9,403);
insert into StudentInterestGroups (InterestGroupID, StudentEntityID)
values (1,403);
insert into StudentInterestGroups (InterestGroupID, StudentEntityID)
values (8,403);
insert into StudentInterestGroups (InterestGroupID, StudentEntityID)
values (10,403);
insert into StudentInterestGroups (InterestGroupID, StudentEntityID)
values (12,403);
insert into StudentInterestGroups (InterestGroupID, StudentEntityID)
values (2,403);
insert into userEntity (UserName, EmailAddress, EntityType)
values ('SusanWashingtonH530', 'SusanWashingtonH530@harrisonburg.edu', 'STUD');
insert into student (StudentEntityID, FirstName, LastName, MiddleInitial, StreetAddress, Country,City, State,ZipCode, StudentGradeLevel, StudentGPA, StudentACTScore, StudentSATScore, StudentEthnicity, StudentGender, IncomeLevel, DaysAbsent, HoursOfWorkPlaceExp, StudentAthleteFlag, StudentGraduationTrack, StudentEmploymentFlag, StudentImage,SchoolEntityID)
values (404, 'Susan', 'Washington', 'H', '40304 Rodriguez Pass', 'USA','North Lori','VA','20041','Junior', 3.46, 28, 1390,'Caucasian','Female','Higher Income',5,32, 'Y', 'Y', 'N', 'img/student.jpg', 17);
insert into StudentInterestGroups (InterestGroupID, StudentEntityID)
values (2,404);
insert into userEntity (UserName, EmailAddress, EntityType)
values ('AmyTrentR337', 'AmyTrentR337@turnerAshby.edu', 'STUD');
insert into student (StudentEntityID, FirstName, LastName, MiddleInitial, StreetAddress, Country,City, State,ZipCode, StudentGradeLevel, StudentGPA, StudentACTScore, StudentSATScore, StudentEthnicity, StudentGender, IncomeLevel, DaysAbsent, HoursOfWorkPlaceExp, StudentAthleteFlag, StudentGraduationTrack, StudentEmploymentFlag, StudentImage,SchoolEntityID)
values (405, 'Amy', 'Trent', 'R', '879 Anthony Ferry', 'USA','Alexanderchester','VA','20040','Freshmen', 3.18, 0, 0,'African American','Female','Lower Income',1,17, 'Y', 'Y', 'N', 'img/student.jpg', 15);
insert into StudentInterestGroups (InterestGroupID, StudentEntityID)
values (9,405);
insert into StudentInterestGroups (InterestGroupID, StudentEntityID)
values (4,405);
insert into StudentInterestGroups (InterestGroupID, StudentEntityID)
values (2,405);
insert into StudentInterestGroups (InterestGroupID, StudentEntityID)
values (5,405);
insert into StudentInterestGroups (InterestGroupID, StudentEntityID)
values (10,405);
insert into StudentInterestGroups (InterestGroupID, StudentEntityID)
values (11,405);
insert into StudentInterestGroups (InterestGroupID, StudentEntityID)
values (1,405);
insert into StudentInterestGroups (InterestGroupID, StudentEntityID)
values (8,405);
insert into userEntity (UserName, EmailAddress, EntityType)
values ('ChadMorrisonX844', 'ChadMorrisonX844@harrisonburg.edu', 'STUD');
insert into student (StudentEntityID, FirstName, LastName, MiddleInitial, StreetAddress, Country,City, State,ZipCode, StudentGradeLevel, StudentGPA, StudentACTScore, StudentSATScore, StudentEthnicity, StudentGender, IncomeLevel, DaysAbsent, HoursOfWorkPlaceExp, StudentAthleteFlag, StudentGraduationTrack, StudentEmploymentFlag, StudentImage,SchoolEntityID)
values (406, 'Chad', 'Morrison', 'X', '7482 Rebecca Key Suite 702', 'USA','East Darrell','VA','20040','Sophomore', 2.84, 0, 0,'Hispanic','Male','Higher Income',4,25, 'Y', 'Y', 'Y', 'img/student.jpg', 17);
insert into StudentInterestGroups (InterestGroupID, StudentEntityID)
values (7,406);
insert into StudentInterestGroups (InterestGroupID, StudentEntityID)
values (3,406);
insert into StudentInterestGroups (InterestGroupID, StudentEntityID)
values (2,406);
insert into StudentInterestGroups (InterestGroupID, StudentEntityID)
values (4,406);
insert into StudentInterestGroups (InterestGroupID, StudentEntityID)
values (1,406);
insert into StudentInterestGroups (InterestGroupID, StudentEntityID)
values (10,406);
insert into userEntity (UserName, EmailAddress, EntityType)
values ('LindaLovettA795', 'LindaLovettA795@harrisonburg.edu', 'STUD');
insert into student (StudentEntityID, FirstName, LastName, MiddleInitial, StreetAddress, Country,City, State,ZipCode, StudentGradeLevel, StudentGPA, StudentACTScore, StudentSATScore, StudentEthnicity, StudentGender, IncomeLevel, DaysAbsent, HoursOfWorkPlaceExp, StudentAthleteFlag, StudentGraduationTrack, StudentEmploymentFlag, StudentImage,SchoolEntityID)
values (407, 'Linda', 'Lovett', 'A', '8019 Amy Square', 'USA','Kellymouth','VA','20040','Sophomore', 3.43, 0, 0,'Caucasian','Female','Middle Income',1,18, 'N', 'Y', 'Y', 'img/student.jpg', 17);
insert into StudentInterestGroups (InterestGroupID, StudentEntityID)
values (12,407);
insert into StudentInterestGroups (InterestGroupID, StudentEntityID)
values (10,407);
insert into StudentInterestGroups (InterestGroupID, StudentEntityID)
values (4,407);
insert into StudentInterestGroups (InterestGroupID, StudentEntityID)
values (2,407);
insert into StudentInterestGroups (InterestGroupID, StudentEntityID)
values (1,407);
insert into StudentInterestGroups (InterestGroupID, StudentEntityID)
values (8,407);
insert into StudentInterestGroups (InterestGroupID, StudentEntityID)
values (11,407);
insert into userEntity (UserName, EmailAddress, EntityType)
values ('ElbertAlstonC507', 'ElbertAlstonC507@harrisonburg.edu', 'STUD');
insert into student (StudentEntityID, FirstName, LastName, MiddleInitial, StreetAddress, Country,City, State,ZipCode, StudentGradeLevel, StudentGPA, StudentACTScore, StudentSATScore, StudentEthnicity, StudentGender, IncomeLevel, DaysAbsent, HoursOfWorkPlaceExp, StudentAthleteFlag, StudentGraduationTrack, StudentEmploymentFlag, StudentImage,SchoolEntityID)
values (408, 'Elbert', 'Alston', 'C', '950 Lewis Brook Suite 889', 'USA','East John','VA','20041','Junior', 2.8, 22, 1316,'Hispanic','Male','Higher Income',7,22, 'N', 'Y', 'N', 'img/student.jpg', 17);
insert into StudentInterestGroups (InterestGroupID, StudentEntityID)
values (1,408);
insert into StudentInterestGroups (InterestGroupID, StudentEntityID)
values (12,408);
insert into StudentInterestGroups (InterestGroupID, StudentEntityID)
values (6,408);
insert into StudentInterestGroups (InterestGroupID, StudentEntityID)
values (4,408);
insert into StudentInterestGroups (InterestGroupID, StudentEntityID)
values (3,408);
insert into StudentInterestGroups (InterestGroupID, StudentEntityID)
values (5,408);
insert into StudentInterestGroups (InterestGroupID, StudentEntityID)
values (11,408);
insert into userEntity (UserName, EmailAddress, EntityType)
values ('StephenVegaJ628', 'StephenVegaJ628@broadway.edu', 'STUD');
insert into student (StudentEntityID, FirstName, LastName, MiddleInitial, StreetAddress, Country,City, State,ZipCode, StudentGradeLevel, StudentGPA, StudentACTScore, StudentSATScore, StudentEthnicity, StudentGender, IncomeLevel, DaysAbsent, HoursOfWorkPlaceExp, StudentAthleteFlag, StudentGraduationTrack, StudentEmploymentFlag, StudentImage,SchoolEntityID)
values (409, 'Stephen', 'Vega', 'J', '62832 Jerry Island', 'USA','South Michellehaven','VA','20041','Freshmen', 3.4, 0, 0,'Caucasian','Male','Middle Income',0,13, 'Y', 'Y', 'Y', 'img/student.jpg', 16);
insert into StudentInterestGroups (InterestGroupID, StudentEntityID)
values (12,409);
insert into StudentInterestGroups (InterestGroupID, StudentEntityID)
values (10,409);
insert into StudentInterestGroups (InterestGroupID, StudentEntityID)
values (2,409);
insert into StudentInterestGroups (InterestGroupID, StudentEntityID)
values (8,409);
insert into StudentInterestGroups (InterestGroupID, StudentEntityID)
values (1,409);
insert into StudentInterestGroups (InterestGroupID, StudentEntityID)
values (9,409);
insert into userEntity (UserName, EmailAddress, EntityType)
values ('BrianaRueggN824', 'BrianaRueggN824@Louisa.edu', 'STUD');
insert into student (StudentEntityID, FirstName, LastName, MiddleInitial, StreetAddress, Country,City, State,ZipCode, StudentGradeLevel, StudentGPA, StudentACTScore, StudentSATScore, StudentEthnicity, StudentGender, IncomeLevel, DaysAbsent, HoursOfWorkPlaceExp, StudentAthleteFlag, StudentGraduationTrack, StudentEmploymentFlag, StudentImage,SchoolEntityID)
values (410, 'Briana', 'Ruegg', 'N', '20460 Stephen Circle', 'USA','Taylorfurt','VA','20040','Senior', 1.98, 21, 1240,'Hispanic','Female','Lower Income',14,22, 'Y', 'N', 'N', 'img/student.jpg', 12);
insert into StudentInterestGroups (InterestGroupID, StudentEntityID)
values (7,410);
insert into StudentInterestGroups (InterestGroupID, StudentEntityID)
values (4,410);
insert into StudentInterestGroups (InterestGroupID, StudentEntityID)
values (5,410);
insert into StudentInterestGroups (InterestGroupID, StudentEntityID)
values (3,410);
insert into StudentInterestGroups (InterestGroupID, StudentEntityID)
values (10,410);
insert into userEntity (UserName, EmailAddress, EntityType)
values ('ChadKeatonH482', 'ChadKeatonH482@rockingham.k12.va.us', 'STUD');
insert into student (StudentEntityID, FirstName, LastName, MiddleInitial, StreetAddress, Country,City, State,ZipCode, StudentGradeLevel, StudentGPA, StudentACTScore, StudentSATScore, StudentEthnicity, StudentGender, IncomeLevel, DaysAbsent, HoursOfWorkPlaceExp, StudentAthleteFlag, StudentGraduationTrack, StudentEmploymentFlag, StudentImage,SchoolEntityID)
values (411, 'Chad', 'Keaton', 'H', '9360 Joseph Turnpike Suite 167', 'USA','East Angel','VA','20041','Junior', 3.56, 31, 1185,'Caucasian','Male','Higher Income',5,28, 'N', 'Y', 'Y', 'img/student.jpg', 13);
insert into StudentInterestGroups (InterestGroupID, StudentEntityID)
values (5,411);
insert into StudentInterestGroups (InterestGroupID, StudentEntityID)
values (7,411);
insert into StudentInterestGroups (InterestGroupID, StudentEntityID)
values (4,411);
insert into StudentInterestGroups (InterestGroupID, StudentEntityID)
values (6,411);
insert into StudentInterestGroups (InterestGroupID, StudentEntityID)
values (12,411);
insert into StudentInterestGroups (InterestGroupID, StudentEntityID)
values (9,411);
insert into StudentInterestGroups (InterestGroupID, StudentEntityID)
values (2,411);
insert into StudentInterestGroups (InterestGroupID, StudentEntityID)
values (8,411);
insert into userEntity (UserName, EmailAddress, EntityType)
values ('AmyWolffY798', 'AmyWolffY798@turnerAshby.edu', 'STUD');
insert into student (StudentEntityID, FirstName, LastName, MiddleInitial, StreetAddress, Country,City, State,ZipCode, StudentGradeLevel, StudentGPA, StudentACTScore, StudentSATScore, StudentEthnicity, StudentGender, IncomeLevel, DaysAbsent, HoursOfWorkPlaceExp, StudentAthleteFlag, StudentGraduationTrack, StudentEmploymentFlag, StudentImage,SchoolEntityID)
values (412, 'Amy', 'Wolff', 'Y', '75164 Gabriel Spur Apt. 468', 'USA','Amyside','VA','20041','Freshmen', 2.49, 0, 0,'Caucasian','Female','Lower Income',12,12, 'N', 'Y', 'N', 'img/student.jpg', 15);
insert into StudentInterestGroups (InterestGroupID, StudentEntityID)
values (10,412);
insert into StudentInterestGroups (InterestGroupID, StudentEntityID)
values (8,412);
insert into userEntity (UserName, EmailAddress, EntityType)
values ('CatherineMorganM689', 'CatherineMorganM689@rockingham.k12.va.us', 'STUD');
insert into student (StudentEntityID, FirstName, LastName, MiddleInitial, StreetAddress, Country,City, State,ZipCode, StudentGradeLevel, StudentGPA, StudentACTScore, StudentSATScore, StudentEthnicity, StudentGender, IncomeLevel, DaysAbsent, HoursOfWorkPlaceExp, StudentAthleteFlag, StudentGraduationTrack, StudentEmploymentFlag, StudentImage,SchoolEntityID)
values (413, 'Catherine', 'Morgan', 'M', '4466 Brown Skyway', 'USA','Reynoldsshire','VA','20040','Freshmen', 1.63, 0, 0,'Caucasian','Female','Middle Income',9,6, 'N', 'N', 'N', 'img/student.jpg', 13);
insert into StudentInterestGroups (InterestGroupID, StudentEntityID)
values (3,413);
insert into StudentInterestGroups (InterestGroupID, StudentEntityID)
values (8,413);
insert into userEntity (UserName, EmailAddress, EntityType)
values ('AlexisHoltF998', 'AlexisHoltF998@turnerAshby.edu', 'STUD');
insert into student (StudentEntityID, FirstName, LastName, MiddleInitial, StreetAddress, Country,City, State,ZipCode, StudentGradeLevel, StudentGPA, StudentACTScore, StudentSATScore, StudentEthnicity, StudentGender, IncomeLevel, DaysAbsent, HoursOfWorkPlaceExp, StudentAthleteFlag, StudentGraduationTrack, StudentEmploymentFlag, StudentImage,SchoolEntityID)
values (414, 'Alexis', 'Holt', 'F', '97650 Jason Stravenue Suite 995', 'USA','East Josephborough','VA','20041','Sophomore', 3.3, 0, 0,'Asian','Female','Middle Income',1,23, 'N', 'Y', 'Y', 'img/student.jpg', 15);
insert into StudentInterestGroups (InterestGroupID, StudentEntityID)
values (6,414);
insert into StudentInterestGroups (InterestGroupID, StudentEntityID)
values (12,414);
insert into userEntity (UserName, EmailAddress, EntityType)
values ('WilburEnochF169', 'WilburEnochF169@harrisonburg.edu', 'STUD');
insert into student (StudentEntityID, FirstName, LastName, MiddleInitial, StreetAddress, Country,City, State,ZipCode, StudentGradeLevel, StudentGPA, StudentACTScore, StudentSATScore, StudentEthnicity, StudentGender, IncomeLevel, DaysAbsent, HoursOfWorkPlaceExp, StudentAthleteFlag, StudentGraduationTrack, StudentEmploymentFlag, StudentImage,SchoolEntityID)
values (415, 'Wilbur', 'Enoch', 'F', '12079 Smith Knoll Suite 233', 'USA','Sheilaberg','VA','20041','Senior', 1.13, 11, 736,'Caucasian','Other','Lower Income',15,15, 'N', 'N', 'Y', 'img/student.jpg', 17);
insert into StudentInterestGroups (InterestGroupID, StudentEntityID)
values (2,415);
insert into StudentInterestGroups (InterestGroupID, StudentEntityID)
values (5,415);
insert into StudentInterestGroups (InterestGroupID, StudentEntityID)
values (7,415);
insert into userEntity (UserName, EmailAddress, EntityType)
values ('DianeRichardY264', 'DianeRichardY264@rockingham.k12.va.us', 'STUD');
insert into student (StudentEntityID, FirstName, LastName, MiddleInitial, StreetAddress, Country,City, State,ZipCode, StudentGradeLevel, StudentGPA, StudentACTScore, StudentSATScore, StudentEthnicity, StudentGender, IncomeLevel, DaysAbsent, HoursOfWorkPlaceExp, StudentAthleteFlag, StudentGraduationTrack, StudentEmploymentFlag, StudentImage,SchoolEntityID)
values (416, 'Diane', 'Richard', 'Y', '27718 Anthony Run Suite 044', 'USA','Gonzalezton','VA','20040','Junior', 1.15, 11, 1163,'Caucasian','Female','Middle Income',13,12, 'Y', 'N', 'Y', 'img/student.jpg', 13);
insert into StudentInterestGroups (InterestGroupID, StudentEntityID)
values (5,416);
insert into StudentInterestGroups (InterestGroupID, StudentEntityID)
values (2,416);
insert into StudentInterestGroups (InterestGroupID, StudentEntityID)
values (3,416);
insert into StudentInterestGroups (InterestGroupID, StudentEntityID)
values (12,416);
insert into StudentInterestGroups (InterestGroupID, StudentEntityID)
values (9,416);
insert into StudentInterestGroups (InterestGroupID, StudentEntityID)
values (7,416);
insert into StudentInterestGroups (InterestGroupID, StudentEntityID)
values (6,416);
insert into StudentInterestGroups (InterestGroupID, StudentEntityID)
values (1,416);
insert into userEntity (UserName, EmailAddress, EntityType)
values ('CharlesColarussoI969', 'CharlesColarussoI969@spotswood.edu', 'STUD');
insert into student (StudentEntityID, FirstName, LastName, MiddleInitial, StreetAddress, Country,City, State,ZipCode, StudentGradeLevel, StudentGPA, StudentACTScore, StudentSATScore, StudentEthnicity, StudentGender, IncomeLevel, DaysAbsent, HoursOfWorkPlaceExp, StudentAthleteFlag, StudentGraduationTrack, StudentEmploymentFlag, StudentImage,SchoolEntityID)
values (417, 'Charles', 'Colarusso', 'I', '7137 Manuel Extension Apt. 011', 'USA','North William','VA','20040','Senior', 3.85, 27, 1251,'Caucasian','Male','Lower Income',5,44, 'N', 'Y', 'N', 'img/student.jpg', 14);
insert into StudentInterestGroups (InterestGroupID, StudentEntityID)
values (12,417);
insert into StudentInterestGroups (InterestGroupID, StudentEntityID)
values (9,417);
insert into StudentInterestGroups (InterestGroupID, StudentEntityID)
values (6,417);
insert into StudentInterestGroups (InterestGroupID, StudentEntityID)
values (10,417);
insert into StudentInterestGroups (InterestGroupID, StudentEntityID)
values (1,417);
insert into StudentInterestGroups (InterestGroupID, StudentEntityID)
values (2,417);
insert into StudentInterestGroups (InterestGroupID, StudentEntityID)
values (8,417);
insert into StudentInterestGroups (InterestGroupID, StudentEntityID)
values (11,417);
insert into userEntity (UserName, EmailAddress, EntityType)
values ('LouisRamosO27', 'LouisRamosO27@broadway.edu', 'STUD');
insert into student (StudentEntityID, FirstName, LastName, MiddleInitial, StreetAddress, Country,City, State,ZipCode, StudentGradeLevel, StudentGPA, StudentACTScore, StudentSATScore, StudentEthnicity, StudentGender, IncomeLevel, DaysAbsent, HoursOfWorkPlaceExp, StudentAthleteFlag, StudentGraduationTrack, StudentEmploymentFlag, StudentImage,SchoolEntityID)
values (418, 'Louis', 'Ramos', 'O', '603 Graham Hill Suite 413', 'USA','Robertville','VA','20041','Freshmen', 3.26, 0, 0,'Not selected or Other','Male','Higher Income',2,14, 'N', 'Y', 'Y', 'img/student.jpg', 16);
insert into StudentInterestGroups (InterestGroupID, StudentEntityID)
values (11,418);
insert into StudentInterestGroups (InterestGroupID, StudentEntityID)
values (2,418);
insert into StudentInterestGroups (InterestGroupID, StudentEntityID)
values (7,418);
insert into StudentInterestGroups (InterestGroupID, StudentEntityID)
values (1,418);
insert into StudentInterestGroups (InterestGroupID, StudentEntityID)
values (5,418);
insert into userEntity (UserName, EmailAddress, EntityType)
values ('JocelynJacksonU923', 'JocelynJacksonU923@broadway.edu', 'STUD');
insert into student (StudentEntityID, FirstName, LastName, MiddleInitial, StreetAddress, Country,City, State,ZipCode, StudentGradeLevel, StudentGPA, StudentACTScore, StudentSATScore, StudentEthnicity, StudentGender, IncomeLevel, DaysAbsent, HoursOfWorkPlaceExp, StudentAthleteFlag, StudentGraduationTrack, StudentEmploymentFlag, StudentImage,SchoolEntityID)
values (419, 'Jocelyn', 'Jackson', 'U', '99502 Johnson Road', 'USA','South Cindybury','VA','20040','Senior', 3.47, 25, 1464,'Caucasian','Female','Middle Income',2,34, 'N', 'Y', 'Y', 'img/student.jpg', 16);
insert into StudentInterestGroups (InterestGroupID, StudentEntityID)
values (6,419);
insert into StudentInterestGroups (InterestGroupID, StudentEntityID)
values (4,419);
insert into StudentInterestGroups (InterestGroupID, StudentEntityID)
values (2,419);
insert into StudentInterestGroups (InterestGroupID, StudentEntityID)
values (5,419);
insert into StudentInterestGroups (InterestGroupID, StudentEntityID)
values (9,419);
insert into StudentInterestGroups (InterestGroupID, StudentEntityID)
values (7,419);
insert into userEntity (UserName, EmailAddress, EntityType)
values ('RubyBoothZ411', 'RubyBoothZ411@broadway.edu', 'STUD');
insert into student (StudentEntityID, FirstName, LastName, MiddleInitial, StreetAddress, Country,City, State,ZipCode, StudentGradeLevel, StudentGPA, StudentACTScore, StudentSATScore, StudentEthnicity, StudentGender, IncomeLevel, DaysAbsent, HoursOfWorkPlaceExp, StudentAthleteFlag, StudentGraduationTrack, StudentEmploymentFlag, StudentImage,SchoolEntityID)
values (420, 'Ruby', 'Booth', 'Z', '04846 Michael Dale Suite 150', 'USA','Kimchester','VA','20041','Senior', 1.03, 16, 941,'Caucasian','Female','Middle Income',15,29, 'Y', 'N', 'N', 'img/student.jpg', 16);
insert into StudentInterestGroups (InterestGroupID, StudentEntityID)
values (6,420);
insert into StudentInterestGroups (InterestGroupID, StudentEntityID)
values (1,420);
insert into StudentInterestGroups (InterestGroupID, StudentEntityID)
values (2,420);
insert into StudentInterestGroups (InterestGroupID, StudentEntityID)
values (7,420);
insert into StudentInterestGroups (InterestGroupID, StudentEntityID)
values (8,420);
insert into StudentInterestGroups (InterestGroupID, StudentEntityID)
values (5,420);
insert into StudentInterestGroups (InterestGroupID, StudentEntityID)
values (10,420);
insert into userEntity (UserName, EmailAddress, EntityType)
values ('ThomasPettnerW107', 'ThomasPettnerW107@spotswood.edu', 'STUD');
insert into student (StudentEntityID, FirstName, LastName, MiddleInitial, StreetAddress, Country,City, State,ZipCode, StudentGradeLevel, StudentGPA, StudentACTScore, StudentSATScore, StudentEthnicity, StudentGender, IncomeLevel, DaysAbsent, HoursOfWorkPlaceExp, StudentAthleteFlag, StudentGraduationTrack, StudentEmploymentFlag, StudentImage,SchoolEntityID)
values (421, 'Thomas', 'Pettner', 'W', '6691 Sherman Corner Apt. 335', 'USA','Rickyhaven','VA','20040','Senior', 1.64, 18, 1276,'Caucasian','Other','Middle Income',12,23, 'Y', 'N', 'Y', 'img/student.jpg', 14);
insert into StudentInterestGroups (InterestGroupID, StudentEntityID)
values (10,421);
insert into StudentInterestGroups (InterestGroupID, StudentEntityID)
values (9,421);
insert into StudentInterestGroups (InterestGroupID, StudentEntityID)
values (12,421);
insert into StudentInterestGroups (InterestGroupID, StudentEntityID)
values (5,421);
insert into userEntity (UserName, EmailAddress, EntityType)
values ('DaleHebertC75', 'DaleHebertC75@rockingham.k12.va.us', 'STUD');
insert into student (StudentEntityID, FirstName, LastName, MiddleInitial, StreetAddress, Country,City, State,ZipCode, StudentGradeLevel, StudentGPA, StudentACTScore, StudentSATScore, StudentEthnicity, StudentGender, IncomeLevel, DaysAbsent, HoursOfWorkPlaceExp, StudentAthleteFlag, StudentGraduationTrack, StudentEmploymentFlag, StudentImage,SchoolEntityID)
values (422, 'Dale', 'Hebert', 'C', '43952 Ferguson Forest', 'USA','Lake Brianside','VA','20041','Freshmen', 1.12, 0, 0,'Caucasian','Male','Higher Income',14,3, 'N', 'N', 'N', 'img/student.jpg', 13);
insert into StudentInterestGroups (InterestGroupID, StudentEntityID)
values (11,422);
insert into StudentInterestGroups (InterestGroupID, StudentEntityID)
values (7,422);
insert into StudentInterestGroups (InterestGroupID, StudentEntityID)
values (10,422);
insert into StudentInterestGroups (InterestGroupID, StudentEntityID)
values (12,422);
insert into StudentInterestGroups (InterestGroupID, StudentEntityID)
values (8,422);
insert into StudentInterestGroups (InterestGroupID, StudentEntityID)
values (9,422);
insert into StudentInterestGroups (InterestGroupID, StudentEntityID)
values (3,422);
insert into StudentInterestGroups (InterestGroupID, StudentEntityID)
values (6,422);
insert into userEntity (UserName, EmailAddress, EntityType)
values ('SandraSalinasX29', 'SandraSalinasX29@harrisonburg.edu', 'STUD');
insert into student (StudentEntityID, FirstName, LastName, MiddleInitial, StreetAddress, Country,City, State,ZipCode, StudentGradeLevel, StudentGPA, StudentACTScore, StudentSATScore, StudentEthnicity, StudentGender, IncomeLevel, DaysAbsent, HoursOfWorkPlaceExp, StudentAthleteFlag, StudentGraduationTrack, StudentEmploymentFlag, StudentImage,SchoolEntityID)
values (423, 'Sandra', 'Salinas', 'X', '65091 Douglas Way Suite 469', 'USA','West James','VA','20041','Senior', 3.14, 31, 1295,'Caucasian','Female','Middle Income',2,43, 'N', 'Y', 'Y', 'img/student.jpg', 17);
insert into StudentInterestGroups (InterestGroupID, StudentEntityID)
values (1,423);
insert into StudentInterestGroups (InterestGroupID, StudentEntityID)
values (2,423);
insert into userEntity (UserName, EmailAddress, EntityType)
values ('JoanneMahiU178', 'JoanneMahiU178@broadway.edu', 'STUD');
insert into student (StudentEntityID, FirstName, LastName, MiddleInitial, StreetAddress, Country,City, State,ZipCode, StudentGradeLevel, StudentGPA, StudentACTScore, StudentSATScore, StudentEthnicity, StudentGender, IncomeLevel, DaysAbsent, HoursOfWorkPlaceExp, StudentAthleteFlag, StudentGraduationTrack, StudentEmploymentFlag, StudentImage,SchoolEntityID)
values (424, 'Joanne', 'Mahi', 'U', '42986 Thomas Views', 'USA','South Jeffrey','VA','20041','Freshmen', 1.81, 0, 0,'Pacific Islander','Female','Lower Income',12,13, 'Y', 'N', 'N', 'img/student.jpg', 16);
insert into StudentInterestGroups (InterestGroupID, StudentEntityID)
values (10,424);
insert into StudentInterestGroups (InterestGroupID, StudentEntityID)
values (6,424);
insert into StudentInterestGroups (InterestGroupID, StudentEntityID)
values (11,424);
insert into userEntity (UserName, EmailAddress, EntityType)
values ('ElizabethLohmanY98', 'ElizabethLohmanY98@broadway.edu', 'STUD');
insert into student (StudentEntityID, FirstName, LastName, MiddleInitial, StreetAddress, Country,City, State,ZipCode, StudentGradeLevel, StudentGPA, StudentACTScore, StudentSATScore, StudentEthnicity, StudentGender, IncomeLevel, DaysAbsent, HoursOfWorkPlaceExp, StudentAthleteFlag, StudentGraduationTrack, StudentEmploymentFlag, StudentImage,SchoolEntityID)
values (425, 'Elizabeth', 'Lohman', 'Y', '398 Stephanie Falls', 'USA','East Gabrielbury','VA','20040','Sophomore', 3.72, 0, 0,'Asian','Female','Higher Income',0,25, 'Y', 'Y', 'N', 'img/student.jpg', 16);
insert into StudentInterestGroups (InterestGroupID, StudentEntityID)
values (10,425);
insert into StudentInterestGroups (InterestGroupID, StudentEntityID)
values (7,425);
insert into userEntity (UserName, EmailAddress, EntityType)
values ('KathrynMoseleyR705', 'KathrynMoseleyR705@Louisa.edu', 'STUD');
insert into student (StudentEntityID, FirstName, LastName, MiddleInitial, StreetAddress, Country,City, State,ZipCode, StudentGradeLevel, StudentGPA, StudentACTScore, StudentSATScore, StudentEthnicity, StudentGender, IncomeLevel, DaysAbsent, HoursOfWorkPlaceExp, StudentAthleteFlag, StudentGraduationTrack, StudentEmploymentFlag, StudentImage,SchoolEntityID)
values (426, 'Kathryn', 'Moseley', 'R', '439 Porter Villages Suite 190', 'USA','North Andrewton','VA','20041','Senior', 2.22, 21, 1368,'Hispanic','Female','Higher Income',14,35, 'Y', 'Y', 'N', 'img/student.jpg', 12);
insert into StudentInterestGroups (InterestGroupID, StudentEntityID)
values (1,426);
insert into StudentInterestGroups (InterestGroupID, StudentEntityID)
values (9,426);
insert into userEntity (UserName, EmailAddress, EntityType)
values ('ShirleyStcharlesQ172', 'ShirleyStcharlesQ172@harrisonburg.edu', 'STUD');
insert into student (StudentEntityID, FirstName, LastName, MiddleInitial, StreetAddress, Country,City, State,ZipCode, StudentGradeLevel, StudentGPA, StudentACTScore, StudentSATScore, StudentEthnicity, StudentGender, IncomeLevel, DaysAbsent, HoursOfWorkPlaceExp, StudentAthleteFlag, StudentGraduationTrack, StudentEmploymentFlag, StudentImage,SchoolEntityID)
values (427, 'Shirley', 'Stcharles', 'Q', '49327 Dixon Fall Apt. 236', 'USA','Lake Anthonyfurt','VA','20040','Senior', 2.18, 15, 826,'Hispanic','Other','Middle Income',6,26, 'N', 'Y', 'N', 'img/student.jpg', 17);
insert into StudentInterestGroups (InterestGroupID, StudentEntityID)
values (1,427);
insert into StudentInterestGroups (InterestGroupID, StudentEntityID)
values (7,427);
insert into StudentInterestGroups (InterestGroupID, StudentEntityID)
values (6,427);
insert into StudentInterestGroups (InterestGroupID, StudentEntityID)
values (4,427);
insert into StudentInterestGroups (InterestGroupID, StudentEntityID)
values (5,427);
insert into StudentInterestGroups (InterestGroupID, StudentEntityID)
values (9,427);
insert into StudentInterestGroups (InterestGroupID, StudentEntityID)
values (10,427);
insert into userEntity (UserName, EmailAddress, EntityType)
values ('JoannDavisP331', 'JoannDavisP331@Louisa.edu', 'STUD');
insert into student (StudentEntityID, FirstName, LastName, MiddleInitial, StreetAddress, Country,City, State,ZipCode, StudentGradeLevel, StudentGPA, StudentACTScore, StudentSATScore, StudentEthnicity, StudentGender, IncomeLevel, DaysAbsent, HoursOfWorkPlaceExp, StudentAthleteFlag, StudentGraduationTrack, StudentEmploymentFlag, StudentImage,SchoolEntityID)
values (428, 'Joann', 'Davis', 'P', '986 Michael Bypass', 'USA','Brownburgh','VA','20040','Freshmen', 1.25, 0, 0,'Not selected or Other','Female','Middle Income',14,3, 'N', 'N', 'Y', 'img/student.jpg', 12);
insert into StudentInterestGroups (InterestGroupID, StudentEntityID)
values (9,428);
insert into StudentInterestGroups (InterestGroupID, StudentEntityID)
values (11,428);
insert into userEntity (UserName, EmailAddress, EntityType)
values ('JanHunterA862', 'JanHunterA862@rockingham.k12.va.us', 'STUD');
insert into student (StudentEntityID, FirstName, LastName, MiddleInitial, StreetAddress, Country,City, State,ZipCode, StudentGradeLevel, StudentGPA, StudentACTScore, StudentSATScore, StudentEthnicity, StudentGender, IncomeLevel, DaysAbsent, HoursOfWorkPlaceExp, StudentAthleteFlag, StudentGraduationTrack, StudentEmploymentFlag, StudentImage,SchoolEntityID)
values (429, 'Jan', 'Hunter', 'A', '4543 Anderson Estate Apt. 520', 'USA','East Andreaberg','VA','20041','Freshmen', 3.47, 0, 0,'Caucasian','Female','Middle Income',4,19, 'N', 'Y', 'N', 'img/student.jpg', 13);
insert into StudentInterestGroups (InterestGroupID, StudentEntityID)
values (11,429);
insert into StudentInterestGroups (InterestGroupID, StudentEntityID)
values (12,429);
insert into userEntity (UserName, EmailAddress, EntityType)
values ('LaurenNewmanN439', 'LaurenNewmanN439@Louisa.edu', 'STUD');
insert into student (StudentEntityID, FirstName, LastName, MiddleInitial, StreetAddress, Country,City, State,ZipCode, StudentGradeLevel, StudentGPA, StudentACTScore, StudentSATScore, StudentEthnicity, StudentGender, IncomeLevel, DaysAbsent, HoursOfWorkPlaceExp, StudentAthleteFlag, StudentGraduationTrack, StudentEmploymentFlag, StudentImage,SchoolEntityID)
values (430, 'Lauren', 'Newman', 'N', '807 David View', 'USA','South Maryhaven','VA','20041','Freshmen', 3.82, 0, 0,'Asian','Female','Middle Income',2,17, 'Y', 'Y', 'Y', 'img/student.jpg', 12);
insert into StudentInterestGroups (InterestGroupID, StudentEntityID)
values (1,430);
insert into StudentInterestGroups (InterestGroupID, StudentEntityID)
values (6,430);
insert into StudentInterestGroups (InterestGroupID, StudentEntityID)
values (5,430);
insert into StudentInterestGroups (InterestGroupID, StudentEntityID)
values (8,430);
insert into userEntity (UserName, EmailAddress, EntityType)
values ('LindaDitmarsS248', 'LindaDitmarsS248@Louisa.edu', 'STUD');
insert into student (StudentEntityID, FirstName, LastName, MiddleInitial, StreetAddress, Country,City, State,ZipCode, StudentGradeLevel, StudentGPA, StudentACTScore, StudentSATScore, StudentEthnicity, StudentGender, IncomeLevel, DaysAbsent, HoursOfWorkPlaceExp, StudentAthleteFlag, StudentGraduationTrack, StudentEmploymentFlag, StudentImage,SchoolEntityID)
values (431, 'Linda', 'Ditmars', 'S', '0877 Jon Roads Suite 541', 'USA','Ramosmouth','VA','20040','Senior', 1.39, 19, 1062,'African American','Female','Lower Income',15,19, 'N', 'N', 'Y', 'img/student.jpg', 12);
insert into StudentInterestGroups (InterestGroupID, StudentEntityID)
values (10,431);
insert into StudentInterestGroups (InterestGroupID, StudentEntityID)
values (1,431);
insert into StudentInterestGroups (InterestGroupID, StudentEntityID)
values (6,431);
insert into userEntity (UserName, EmailAddress, EntityType)
values ('AlexanderTaylorW71', 'AlexanderTaylorW71@broadway.edu', 'STUD');
insert into student (StudentEntityID, FirstName, LastName, MiddleInitial, StreetAddress, Country,City, State,ZipCode, StudentGradeLevel, StudentGPA, StudentACTScore, StudentSATScore, StudentEthnicity, StudentGender, IncomeLevel, DaysAbsent, HoursOfWorkPlaceExp, StudentAthleteFlag, StudentGraduationTrack, StudentEmploymentFlag, StudentImage,SchoolEntityID)
values (432, 'Alexander', 'Taylor', 'W', '0991 Barron Port', 'USA','West Sarahside','VA','20041','Freshmen', 2.14, 0, 0,'Caucasian','Male','Middle Income',10,13, 'Y', 'Y', 'N', 'img/student.jpg', 16);
insert into StudentInterestGroups (InterestGroupID, StudentEntityID)
values (1,432);
insert into StudentInterestGroups (InterestGroupID, StudentEntityID)
values (10,432);
insert into StudentInterestGroups (InterestGroupID, StudentEntityID)
values (3,432);
insert into userEntity (UserName, EmailAddress, EntityType)
values ('MauriceGastonO5', 'MauriceGastonO5@turnerAshby.edu', 'STUD');
insert into student (StudentEntityID, FirstName, LastName, MiddleInitial, StreetAddress, Country,City, State,ZipCode, StudentGradeLevel, StudentGPA, StudentACTScore, StudentSATScore, StudentEthnicity, StudentGender, IncomeLevel, DaysAbsent, HoursOfWorkPlaceExp, StudentAthleteFlag, StudentGraduationTrack, StudentEmploymentFlag, StudentImage,SchoolEntityID)
values (433, 'Maurice', 'Gaston', 'O', '527 Jack Ford Suite 231', 'USA','Clarkburgh','VA','20040','Junior', 3.3, 24, 1408,'Caucasian','Male','Middle Income',4,35, 'Y', 'Y', 'N', 'img/student.jpg', 15);
insert into StudentInterestGroups (InterestGroupID, StudentEntityID)
values (10,433);
insert into StudentInterestGroups (InterestGroupID, StudentEntityID)
values (7,433);
insert into StudentInterestGroups (InterestGroupID, StudentEntityID)
values (6,433);
insert into StudentInterestGroups (InterestGroupID, StudentEntityID)
values (11,433);
insert into StudentInterestGroups (InterestGroupID, StudentEntityID)
values (9,433);
insert into userEntity (UserName, EmailAddress, EntityType)
values ('JodieMccoyI292', 'JodieMccoyI292@broadway.edu', 'STUD');
insert into student (StudentEntityID, FirstName, LastName, MiddleInitial, StreetAddress, Country,City, State,ZipCode, StudentGradeLevel, StudentGPA, StudentACTScore, StudentSATScore, StudentEthnicity, StudentGender, IncomeLevel, DaysAbsent, HoursOfWorkPlaceExp, StudentAthleteFlag, StudentGraduationTrack, StudentEmploymentFlag, StudentImage,SchoolEntityID)
values (434, 'Jodie', 'Mccoy', 'I', '35571 Holly Harbors', 'USA','West Mary','VA','20040','Sophomore', 2.44, 0, 0,'Caucasian','Female','Lower Income',5,17, 'N', 'Y', 'Y', 'img/student.jpg', 16);
insert into StudentInterestGroups (InterestGroupID, StudentEntityID)
values (6,434);
insert into StudentInterestGroups (InterestGroupID, StudentEntityID)
values (2,434);
insert into StudentInterestGroups (InterestGroupID, StudentEntityID)
values (11,434);
insert into StudentInterestGroups (InterestGroupID, StudentEntityID)
values (10,434);
insert into userEntity (UserName, EmailAddress, EntityType)
values ('NicholasBakerM289', 'NicholasBakerM289@turnerAshby.edu', 'STUD');
insert into student (StudentEntityID, FirstName, LastName, MiddleInitial, StreetAddress, Country,City, State,ZipCode, StudentGradeLevel, StudentGPA, StudentACTScore, StudentSATScore, StudentEthnicity, StudentGender, IncomeLevel, DaysAbsent, HoursOfWorkPlaceExp, StudentAthleteFlag, StudentGraduationTrack, StudentEmploymentFlag, StudentImage,SchoolEntityID)
values (435, 'Nicholas', 'Baker', 'M', '568 Ruben Ways Suite 786', 'USA','Lake Jodi','VA','20041','Junior', 1.24, 16, 604,'African American','Other','Lower Income',13,14, 'Y', 'N', 'N', 'img/student.jpg', 15);
insert into StudentInterestGroups (InterestGroupID, StudentEntityID)
values (10,435);
insert into userEntity (UserName, EmailAddress, EntityType)
values ('SergioGonzalesM256', 'SergioGonzalesM256@broadway.edu', 'STUD');
insert into student (StudentEntityID, FirstName, LastName, MiddleInitial, StreetAddress, Country,City, State,ZipCode, StudentGradeLevel, StudentGPA, StudentACTScore, StudentSATScore, StudentEthnicity, StudentGender, IncomeLevel, DaysAbsent, HoursOfWorkPlaceExp, StudentAthleteFlag, StudentGraduationTrack, StudentEmploymentFlag, StudentImage,SchoolEntityID)
values (436, 'Sergio', 'Gonzales', 'M', '046 Kylie Estate', 'USA','Wardshire','VA','20041','Sophomore', 1.65, 0, 0,'Caucasian','Male','Middle Income',14,9, 'N', 'N', 'N', 'img/student.jpg', 16);
insert into StudentInterestGroups (InterestGroupID, StudentEntityID)
values (3,436);
insert into StudentInterestGroups (InterestGroupID, StudentEntityID)
values (1,436);
insert into StudentInterestGroups (InterestGroupID, StudentEntityID)
values (4,436);
insert into StudentInterestGroups (InterestGroupID, StudentEntityID)
values (6,436);
insert into StudentInterestGroups (InterestGroupID, StudentEntityID)
values (8,436);
insert into StudentInterestGroups (InterestGroupID, StudentEntityID)
values (2,436);
insert into StudentInterestGroups (InterestGroupID, StudentEntityID)
values (5,436);
insert into userEntity (UserName, EmailAddress, EntityType)
values ('MattPlevaX82', 'MattPlevaX82@Louisa.edu', 'STUD');
insert into student (StudentEntityID, FirstName, LastName, MiddleInitial, StreetAddress, Country,City, State,ZipCode, StudentGradeLevel, StudentGPA, StudentACTScore, StudentSATScore, StudentEthnicity, StudentGender, IncomeLevel, DaysAbsent, HoursOfWorkPlaceExp, StudentAthleteFlag, StudentGraduationTrack, StudentEmploymentFlag, StudentImage,SchoolEntityID)
values (437, 'Matt', 'Pleva', 'X', '6425 Kevin Hollow Suite 140', 'USA','Jasonport','VA','20041','Junior', 3.99, 30, 1206,'Pacific Islander','Male','Higher Income',2,29, 'Y', 'Y', 'N', 'img/student.jpg', 12);
insert into StudentInterestGroups (InterestGroupID, StudentEntityID)
values (2,437);
insert into StudentInterestGroups (InterestGroupID, StudentEntityID)
values (3,437);
insert into userEntity (UserName, EmailAddress, EntityType)
values ('MaryParaF424', 'MaryParaF424@rockingham.k12.va.us', 'STUD');
insert into student (StudentEntityID, FirstName, LastName, MiddleInitial, StreetAddress, Country,City, State,ZipCode, StudentGradeLevel, StudentGPA, StudentACTScore, StudentSATScore, StudentEthnicity, StudentGender, IncomeLevel, DaysAbsent, HoursOfWorkPlaceExp, StudentAthleteFlag, StudentGraduationTrack, StudentEmploymentFlag, StudentImage,SchoolEntityID)
values (438, 'Mary', 'Para', 'F', '7216 French Fields', 'USA','Port Jacob','VA','20040','Junior', 2.35, 20, 1227,'African American','Female','Higher Income',3,20, 'N', 'Y', 'Y', 'img/student.jpg', 13);
insert into StudentInterestGroups (InterestGroupID, StudentEntityID)
values (1,438);
insert into StudentInterestGroups (InterestGroupID, StudentEntityID)
values (4,438);
insert into StudentInterestGroups (InterestGroupID, StudentEntityID)
values (2,438);
insert into StudentInterestGroups (InterestGroupID, StudentEntityID)
values (9,438);
insert into StudentInterestGroups (InterestGroupID, StudentEntityID)
values (6,438);
insert into userEntity (UserName, EmailAddress, EntityType)
values ('NatalieJenkinsJ805', 'NatalieJenkinsJ805@rockingham.k12.va.us', 'STUD');
insert into student (StudentEntityID, FirstName, LastName, MiddleInitial, StreetAddress, Country,City, State,ZipCode, StudentGradeLevel, StudentGPA, StudentACTScore, StudentSATScore, StudentEthnicity, StudentGender, IncomeLevel, DaysAbsent, HoursOfWorkPlaceExp, StudentAthleteFlag, StudentGraduationTrack, StudentEmploymentFlag, StudentImage,SchoolEntityID)
values (439, 'Natalie', 'Jenkins', 'J', '9465 Castillo Dale Suite 391', 'USA','New Jeffreyberg','VA','20041','Senior', 2.79, 27, 1374,'Caucasian','Female','Middle Income',1,36, 'Y', 'Y', 'N', 'img/student.jpg', 13);
insert into StudentInterestGroups (InterestGroupID, StudentEntityID)
values (12,439);
insert into StudentInterestGroups (InterestGroupID, StudentEntityID)
values (4,439);
insert into userEntity (UserName, EmailAddress, EntityType)
values ('DouglasManeraP208', 'DouglasManeraP208@rockingham.k12.va.us', 'STUD');
insert into student (StudentEntityID, FirstName, LastName, MiddleInitial, StreetAddress, Country,City, State,ZipCode, StudentGradeLevel, StudentGPA, StudentACTScore, StudentSATScore, StudentEthnicity, StudentGender, IncomeLevel, DaysAbsent, HoursOfWorkPlaceExp, StudentAthleteFlag, StudentGraduationTrack, StudentEmploymentFlag, StudentImage,SchoolEntityID)
values (440, 'Douglas', 'Manera', 'P', '74446 Parker Village Suite 207', 'USA','Lindaland','VA','20041','Sophomore', 3.3, 0, 0,'Caucasian','Male','Higher Income',5,22, 'Y', 'Y', 'N', 'img/student.jpg', 13);
insert into StudentInterestGroups (InterestGroupID, StudentEntityID)
values (11,440);
insert into StudentInterestGroups (InterestGroupID, StudentEntityID)
values (8,440);
insert into StudentInterestGroups (InterestGroupID, StudentEntityID)
values (2,440);
insert into userEntity (UserName, EmailAddress, EntityType)
values ('KennethBlizzardN191', 'KennethBlizzardN191@Louisa.edu', 'STUD');
insert into student (StudentEntityID, FirstName, LastName, MiddleInitial, StreetAddress, Country,City, State,ZipCode, StudentGradeLevel, StudentGPA, StudentACTScore, StudentSATScore, StudentEthnicity, StudentGender, IncomeLevel, DaysAbsent, HoursOfWorkPlaceExp, StudentAthleteFlag, StudentGraduationTrack, StudentEmploymentFlag, StudentImage,SchoolEntityID)
values (441, 'Kenneth', 'Blizzard', 'N', '807 Lane Union', 'USA','New Veronica','VA','20040','Freshmen', 1.81, 0, 0,'Asian','Male','Higher Income',14,12, 'N', 'N', 'N', 'img/student.jpg', 12);
insert into StudentInterestGroups (InterestGroupID, StudentEntityID)
values (6,441);
insert into StudentInterestGroups (InterestGroupID, StudentEntityID)
values (4,441);
insert into StudentInterestGroups (InterestGroupID, StudentEntityID)
values (10,441);
insert into StudentInterestGroups (InterestGroupID, StudentEntityID)
values (2,441);
insert into StudentInterestGroups (InterestGroupID, StudentEntityID)
values (9,441);
insert into userEntity (UserName, EmailAddress, EntityType)
values ('JosephNewbyW847', 'JosephNewbyW847@harrisonburg.edu', 'STUD');
insert into student (StudentEntityID, FirstName, LastName, MiddleInitial, StreetAddress, Country,City, State,ZipCode, StudentGradeLevel, StudentGPA, StudentACTScore, StudentSATScore, StudentEthnicity, StudentGender, IncomeLevel, DaysAbsent, HoursOfWorkPlaceExp, StudentAthleteFlag, StudentGraduationTrack, StudentEmploymentFlag, StudentImage,SchoolEntityID)
values (442, 'Joseph', 'Newby', 'W', '8625 Taylor Inlet Apt. 796', 'USA','West Jordanbury','VA','20040','Sophomore', 2.97, 0, 0,'African American','Male','Middle Income',1,22, 'Y', 'Y', 'N', 'img/student.jpg', 17);
insert into StudentInterestGroups (InterestGroupID, StudentEntityID)
values (8,442);
insert into StudentInterestGroups (InterestGroupID, StudentEntityID)
values (10,442);
insert into userEntity (UserName, EmailAddress, EntityType)
values ('ChristopherDukesT250', 'ChristopherDukesT250@rockingham.k12.va.us', 'STUD');
insert into student (StudentEntityID, FirstName, LastName, MiddleInitial, StreetAddress, Country,City, State,ZipCode, StudentGradeLevel, StudentGPA, StudentACTScore, StudentSATScore, StudentEthnicity, StudentGender, IncomeLevel, DaysAbsent, HoursOfWorkPlaceExp, StudentAthleteFlag, StudentGraduationTrack, StudentEmploymentFlag, StudentImage,SchoolEntityID)
values (443, 'Christopher', 'Dukes', 'T', '3031 Brown Route', 'USA','Kimbury','VA','20040','Sophomore', 1.38, 0, 0,'Caucasian','Male','Middle Income',13,1, 'N', 'N', 'N', 'img/student.jpg', 13);
insert into StudentInterestGroups (InterestGroupID, StudentEntityID)
values (8,443);
insert into StudentInterestGroups (InterestGroupID, StudentEntityID)
values (3,443);
insert into StudentInterestGroups (InterestGroupID, StudentEntityID)
values (1,443);
insert into StudentInterestGroups (InterestGroupID, StudentEntityID)
values (6,443);
insert into StudentInterestGroups (InterestGroupID, StudentEntityID)
values (12,443);
insert into StudentInterestGroups (InterestGroupID, StudentEntityID)
values (10,443);
insert into StudentInterestGroups (InterestGroupID, StudentEntityID)
values (5,443);
insert into StudentInterestGroups (InterestGroupID, StudentEntityID)
values (2,443);
insert into userEntity (UserName, EmailAddress, EntityType)
values ('AmyWakeU706', 'AmyWakeU706@turnerAshby.edu', 'STUD');
insert into student (StudentEntityID, FirstName, LastName, MiddleInitial, StreetAddress, Country,City, State,ZipCode, StudentGradeLevel, StudentGPA, StudentACTScore, StudentSATScore, StudentEthnicity, StudentGender, IncomeLevel, DaysAbsent, HoursOfWorkPlaceExp, StudentAthleteFlag, StudentGraduationTrack, StudentEmploymentFlag, StudentImage,SchoolEntityID)
values (444, 'Amy', 'Wake', 'U', '212 Martin Lodge Apt. 981', 'USA','Jacobmouth','VA','20041','Sophomore', 2.18, 0, 0,'Hispanic','Female','Higher Income',15,11, 'Y', 'Y', 'N', 'img/student.jpg', 15);
insert into StudentInterestGroups (InterestGroupID, StudentEntityID)
values (12,444);
insert into StudentInterestGroups (InterestGroupID, StudentEntityID)
values (3,444);
insert into StudentInterestGroups (InterestGroupID, StudentEntityID)
values (2,444);
insert into StudentInterestGroups (InterestGroupID, StudentEntityID)
values (8,444);
insert into StudentInterestGroups (InterestGroupID, StudentEntityID)
values (10,444);
insert into StudentInterestGroups (InterestGroupID, StudentEntityID)
values (11,444);
insert into userEntity (UserName, EmailAddress, EntityType)
values ('LinwoodPalmeseH587', 'LinwoodPalmeseH587@broadway.edu', 'STUD');
insert into student (StudentEntityID, FirstName, LastName, MiddleInitial, StreetAddress, Country,City, State,ZipCode, StudentGradeLevel, StudentGPA, StudentACTScore, StudentSATScore, StudentEthnicity, StudentGender, IncomeLevel, DaysAbsent, HoursOfWorkPlaceExp, StudentAthleteFlag, StudentGraduationTrack, StudentEmploymentFlag, StudentImage,SchoolEntityID)
values (445, 'Linwood', 'Palmese', 'H', '112 Nicole Tunnel Suite 258', 'USA','Paigeton','VA','20041','Sophomore', 2.75, 0, 0,'Caucasian','Other','Middle Income',0,25, 'N', 'Y', 'Y', 'img/student.jpg', 16);
insert into StudentInterestGroups (InterestGroupID, StudentEntityID)
values (11,445);
insert into StudentInterestGroups (InterestGroupID, StudentEntityID)
values (3,445);
insert into StudentInterestGroups (InterestGroupID, StudentEntityID)
values (9,445);
insert into userEntity (UserName, EmailAddress, EntityType)
values ('SandraDavisE510', 'SandraDavisE510@broadway.edu', 'STUD');
insert into student (StudentEntityID, FirstName, LastName, MiddleInitial, StreetAddress, Country,City, State,ZipCode, StudentGradeLevel, StudentGPA, StudentACTScore, StudentSATScore, StudentEthnicity, StudentGender, IncomeLevel, DaysAbsent, HoursOfWorkPlaceExp, StudentAthleteFlag, StudentGraduationTrack, StudentEmploymentFlag, StudentImage,SchoolEntityID)
values (446, 'Sandra', 'Davis', 'E', '624 Reyes Wells Suite 210', 'USA','Jaimefort','VA','20041','Sophomore', 1.63, 0, 0,'Caucasian','Other','Higher Income',13,9, 'Y', 'N', 'Y', 'img/student.jpg', 16);
insert into StudentInterestGroups (InterestGroupID, StudentEntityID)
values (3,446);
insert into StudentInterestGroups (InterestGroupID, StudentEntityID)
values (8,446);
insert into userEntity (UserName, EmailAddress, EntityType)
values ('JohnParpanY207', 'JohnParpanY207@rockingham.k12.va.us', 'STUD');
insert into student (StudentEntityID, FirstName, LastName, MiddleInitial, StreetAddress, Country,City, State,ZipCode, StudentGradeLevel, StudentGPA, StudentACTScore, StudentSATScore, StudentEthnicity, StudentGender, IncomeLevel, DaysAbsent, HoursOfWorkPlaceExp, StudentAthleteFlag, StudentGraduationTrack, StudentEmploymentFlag, StudentImage,SchoolEntityID)
values (447, 'John', 'Parpan', 'Y', '18387 Nathan Square', 'USA','Andersentown','VA','20041','Junior', 3.7, 34, 1364,'Not selected or Other','Male','Middle Income',1,33, 'Y', 'Y', 'Y', 'img/student.jpg', 13);
insert into StudentInterestGroups (InterestGroupID, StudentEntityID)
values (7,447);
insert into StudentInterestGroups (InterestGroupID, StudentEntityID)
values (2,447);
insert into StudentInterestGroups (InterestGroupID, StudentEntityID)
values (9,447);
insert into StudentInterestGroups (InterestGroupID, StudentEntityID)
values (11,447);
insert into StudentInterestGroups (InterestGroupID, StudentEntityID)
values (8,447);
insert into StudentInterestGroups (InterestGroupID, StudentEntityID)
values (10,447);
insert into userEntity (UserName, EmailAddress, EntityType)
values ('JohnKnightI389', 'JohnKnightI389@spotswood.edu', 'STUD');
insert into student (StudentEntityID, FirstName, LastName, MiddleInitial, StreetAddress, Country,City, State,ZipCode, StudentGradeLevel, StudentGPA, StudentACTScore, StudentSATScore, StudentEthnicity, StudentGender, IncomeLevel, DaysAbsent, HoursOfWorkPlaceExp, StudentAthleteFlag, StudentGraduationTrack, StudentEmploymentFlag, StudentImage,SchoolEntityID)
values (448, 'John', 'Knight', 'I', '9485 Lin Field Suite 825', 'USA','New Andrewside','VA','20041','Sophomore', 2.56, 0, 0,'Caucasian','Male','Middle Income',7,15, 'N', 'Y', 'N', 'img/student.jpg', 14);
insert into StudentInterestGroups (InterestGroupID, StudentEntityID)
values (10,448);
insert into StudentInterestGroups (InterestGroupID, StudentEntityID)
values (2,448);
insert into userEntity (UserName, EmailAddress, EntityType)
values ('RobertaPaceJ214', 'RobertaPaceJ214@Louisa.edu', 'STUD');
insert into student (StudentEntityID, FirstName, LastName, MiddleInitial, StreetAddress, Country,City, State,ZipCode, StudentGradeLevel, StudentGPA, StudentACTScore, StudentSATScore, StudentEthnicity, StudentGender, IncomeLevel, DaysAbsent, HoursOfWorkPlaceExp, StudentAthleteFlag, StudentGraduationTrack, StudentEmploymentFlag, StudentImage,SchoolEntityID)
values (449, 'Roberta', 'Pace', 'J', '773 Carol Spurs', 'USA','Lake Christophershire','VA','20040','Sophomore', 1.42, 0, 0,'Hispanic','Female','Middle Income',15,8, 'N', 'N', 'Y', 'img/student.jpg', 12);
insert into StudentInterestGroups (InterestGroupID, StudentEntityID)
values (10,449);
insert into StudentInterestGroups (InterestGroupID, StudentEntityID)
values (9,449);
insert into StudentInterestGroups (InterestGroupID, StudentEntityID)
values (4,449);
insert into userEntity (UserName, EmailAddress, EntityType)
values ('SarinaReevesG730', 'SarinaReevesG730@broadway.edu', 'STUD');
insert into student (StudentEntityID, FirstName, LastName, MiddleInitial, StreetAddress, Country,City, State,ZipCode, StudentGradeLevel, StudentGPA, StudentACTScore, StudentSATScore, StudentEthnicity, StudentGender, IncomeLevel, DaysAbsent, HoursOfWorkPlaceExp, StudentAthleteFlag, StudentGraduationTrack, StudentEmploymentFlag, StudentImage,SchoolEntityID)
values (450, 'Sarina', 'Reeves', 'G', '9509 Brown Shores Suite 035', 'USA','Geraldberg','VA','20041','Freshmen', 1.34, 0, 0,'Caucasian','Female','Higher Income',14,4, 'N', 'N', 'Y', 'img/student.jpg', 16);
insert into StudentInterestGroups (InterestGroupID, StudentEntityID)
values (12,450);
insert into StudentInterestGroups (InterestGroupID, StudentEntityID)
values (5,450);
insert into StudentInterestGroups (InterestGroupID, StudentEntityID)
values (7,450);
insert into StudentInterestGroups (InterestGroupID, StudentEntityID)
values (10,450);
insert into userEntity (UserName, EmailAddress, EntityType)
values ('MartinFloresY582', 'MartinFloresY582@harrisonburg.edu', 'STUD');
insert into student (StudentEntityID, FirstName, LastName, MiddleInitial, StreetAddress, Country,City, State,ZipCode, StudentGradeLevel, StudentGPA, StudentACTScore, StudentSATScore, StudentEthnicity, StudentGender, IncomeLevel, DaysAbsent, HoursOfWorkPlaceExp, StudentAthleteFlag, StudentGraduationTrack, StudentEmploymentFlag, StudentImage,SchoolEntityID)
values (451, 'Martin', 'Flores', 'Y', '5072 Spencer Harbors Suite 746', 'USA','New Ethanfurt','VA','20041','Sophomore', 3.04, 0, 0,'African American','Male','Middle Income',2,18, 'Y', 'Y', 'Y', 'img/student.jpg', 17);
insert into StudentInterestGroups (InterestGroupID, StudentEntityID)
values (2,451);
insert into StudentInterestGroups (InterestGroupID, StudentEntityID)
values (5,451);
insert into userEntity (UserName, EmailAddress, EntityType)
values ('NellieMurphyZ820', 'NellieMurphyZ820@spotswood.edu', 'STUD');
insert into student (StudentEntityID, FirstName, LastName, MiddleInitial, StreetAddress, Country,City, State,ZipCode, StudentGradeLevel, StudentGPA, StudentACTScore, StudentSATScore, StudentEthnicity, StudentGender, IncomeLevel, DaysAbsent, HoursOfWorkPlaceExp, StudentAthleteFlag, StudentGraduationTrack, StudentEmploymentFlag, StudentImage,SchoolEntityID)
values (452, 'Nellie', 'Murphy', 'Z', '76328 Cox Point', 'USA','Mayburgh','VA','20040','Senior', 2.16, 29, 1273,'Hispanic','Female','Higher Income',13,40, 'N', 'Y', 'N', 'img/student.jpg', 14);
insert into StudentInterestGroups (InterestGroupID, StudentEntityID)
values (10,452);
insert into StudentInterestGroups (InterestGroupID, StudentEntityID)
values (6,452);
insert into StudentInterestGroups (InterestGroupID, StudentEntityID)
values (9,452);
insert into StudentInterestGroups (InterestGroupID, StudentEntityID)
values (12,452);
insert into StudentInterestGroups (InterestGroupID, StudentEntityID)
values (8,452);
insert into StudentInterestGroups (InterestGroupID, StudentEntityID)
values (2,452);
insert into StudentInterestGroups (InterestGroupID, StudentEntityID)
values (1,452);
insert into StudentInterestGroups (InterestGroupID, StudentEntityID)
values (7,452);
insert into userEntity (UserName, EmailAddress, EntityType)
values ('LisaWilliamsR589', 'LisaWilliamsR589@rockingham.k12.va.us', 'STUD');
insert into student (StudentEntityID, FirstName, LastName, MiddleInitial, StreetAddress, Country,City, State,ZipCode, StudentGradeLevel, StudentGPA, StudentACTScore, StudentSATScore, StudentEthnicity, StudentGender, IncomeLevel, DaysAbsent, HoursOfWorkPlaceExp, StudentAthleteFlag, StudentGraduationTrack, StudentEmploymentFlag, StudentImage,SchoolEntityID)
values (453, 'Lisa', 'Williams', 'R', '91263 Susan Tunnel', 'USA','Lauraberg','VA','20040','Senior', 3.52, 29, 1166,'African American','Female','Higher Income',4,45, 'Y', 'Y', 'Y', 'img/student.jpg', 13);
insert into StudentInterestGroups (InterestGroupID, StudentEntityID)
values (12,453);
insert into StudentInterestGroups (InterestGroupID, StudentEntityID)
values (3,453);
insert into StudentInterestGroups (InterestGroupID, StudentEntityID)
values (8,453);
insert into StudentInterestGroups (InterestGroupID, StudentEntityID)
values (11,453);
insert into StudentInterestGroups (InterestGroupID, StudentEntityID)
values (5,453);
insert into StudentInterestGroups (InterestGroupID, StudentEntityID)
values (4,453);
insert into StudentInterestGroups (InterestGroupID, StudentEntityID)
values (2,453);
insert into userEntity (UserName, EmailAddress, EntityType)
values ('BrandyMccannC489', 'BrandyMccannC489@spotswood.edu', 'STUD');
insert into student (StudentEntityID, FirstName, LastName, MiddleInitial, StreetAddress, Country,City, State,ZipCode, StudentGradeLevel, StudentGPA, StudentACTScore, StudentSATScore, StudentEthnicity, StudentGender, IncomeLevel, DaysAbsent, HoursOfWorkPlaceExp, StudentAthleteFlag, StudentGraduationTrack, StudentEmploymentFlag, StudentImage,SchoolEntityID)
values (454, 'Brandy', 'Mccann', 'C', '559 Warren Course Apt. 930', 'USA','Adamside','VA','20041','Senior', 1.0, 11, 855,'Caucasian','Other','Higher Income',15,15, 'Y', 'N', 'N', 'img/student.jpg', 14);
insert into StudentInterestGroups (InterestGroupID, StudentEntityID)
values (2,454);
insert into StudentInterestGroups (InterestGroupID, StudentEntityID)
values (8,454);
insert into StudentInterestGroups (InterestGroupID, StudentEntityID)
values (4,454);
insert into StudentInterestGroups (InterestGroupID, StudentEntityID)
values (10,454);
insert into StudentInterestGroups (InterestGroupID, StudentEntityID)
values (11,454);
insert into userEntity (UserName, EmailAddress, EntityType)
values ('RobbieAndrewsI270', 'RobbieAndrewsI270@rockingham.k12.va.us', 'STUD');
insert into student (StudentEntityID, FirstName, LastName, MiddleInitial, StreetAddress, Country,City, State,ZipCode, StudentGradeLevel, StudentGPA, StudentACTScore, StudentSATScore, StudentEthnicity, StudentGender, IncomeLevel, DaysAbsent, HoursOfWorkPlaceExp, StudentAthleteFlag, StudentGraduationTrack, StudentEmploymentFlag, StudentImage,SchoolEntityID)
values (455, 'Robbie', 'Andrews', 'I', '463 Kelly Loaf', 'USA','South Joseph','VA','20041','Junior', 3.19, 27, 1230,'Caucasian','Female','Lower Income',5,23, 'Y', 'Y', 'N', 'img/student.jpg', 13);
insert into StudentInterestGroups (InterestGroupID, StudentEntityID)
values (8,455);
insert into StudentInterestGroups (InterestGroupID, StudentEntityID)
values (1,455);
insert into StudentInterestGroups (InterestGroupID, StudentEntityID)
values (7,455);
insert into userEntity (UserName, EmailAddress, EntityType)
values ('TammyStuartC427', 'TammyStuartC427@spotswood.edu', 'STUD');
insert into student (StudentEntityID, FirstName, LastName, MiddleInitial, StreetAddress, Country,City, State,ZipCode, StudentGradeLevel, StudentGPA, StudentACTScore, StudentSATScore, StudentEthnicity, StudentGender, IncomeLevel, DaysAbsent, HoursOfWorkPlaceExp, StudentAthleteFlag, StudentGraduationTrack, StudentEmploymentFlag, StudentImage,SchoolEntityID)
values (456, 'Tammy', 'Stuart', 'C', '0870 Hess Isle Apt. 540', 'USA','Hunterburgh','VA','20041','Sophomore', 2.96, 0, 0,'African American','Other','Middle Income',1,24, 'Y', 'Y', 'Y', 'img/student.jpg', 14);
insert into StudentInterestGroups (InterestGroupID, StudentEntityID)
values (5,456);
insert into StudentInterestGroups (InterestGroupID, StudentEntityID)
values (4,456);
insert into userEntity (UserName, EmailAddress, EntityType)
values ('LawrenceStaatsD482', 'LawrenceStaatsD482@harrisonburg.edu', 'STUD');
insert into student (StudentEntityID, FirstName, LastName, MiddleInitial, StreetAddress, Country,City, State,ZipCode, StudentGradeLevel, StudentGPA, StudentACTScore, StudentSATScore, StudentEthnicity, StudentGender, IncomeLevel, DaysAbsent, HoursOfWorkPlaceExp, StudentAthleteFlag, StudentGraduationTrack, StudentEmploymentFlag, StudentImage,SchoolEntityID)
values (457, 'Lawrence', 'Staats', 'D', '281 Higgins Street', 'USA','North Cindyview','VA','20040','Senior', 3.22, 25, 1262,'Caucasian','Male','Middle Income',3,41, 'Y', 'Y', 'N', 'img/student.jpg', 17);
insert into StudentInterestGroups (InterestGroupID, StudentEntityID)
values (5,457);
insert into StudentInterestGroups (InterestGroupID, StudentEntityID)
values (9,457);
insert into StudentInterestGroups (InterestGroupID, StudentEntityID)
values (8,457);
insert into StudentInterestGroups (InterestGroupID, StudentEntityID)
values (12,457);
insert into StudentInterestGroups (InterestGroupID, StudentEntityID)
values (4,457);
insert into StudentInterestGroups (InterestGroupID, StudentEntityID)
values (11,457);
insert into userEntity (UserName, EmailAddress, EntityType)
values ('ShannonNelsonA857', 'ShannonNelsonA857@rockingham.k12.va.us', 'STUD');
insert into student (StudentEntityID, FirstName, LastName, MiddleInitial, StreetAddress, Country,City, State,ZipCode, StudentGradeLevel, StudentGPA, StudentACTScore, StudentSATScore, StudentEthnicity, StudentGender, IncomeLevel, DaysAbsent, HoursOfWorkPlaceExp, StudentAthleteFlag, StudentGraduationTrack, StudentEmploymentFlag, StudentImage,SchoolEntityID)
values (458, 'Shannon', 'Nelson', 'A', '8485 Kelsey Causeway Suite 034', 'USA','Lake Isaacport','VA','20041','Senior', 2.16, 25, 988,'Hispanic','Female','Higher Income',14,31, 'Y', 'Y', 'N', 'img/student.jpg', 13);
insert into StudentInterestGroups (InterestGroupID, StudentEntityID)
values (11,458);
insert into StudentInterestGroups (InterestGroupID, StudentEntityID)
values (1,458);
insert into StudentInterestGroups (InterestGroupID, StudentEntityID)
values (9,458);
insert into StudentInterestGroups (InterestGroupID, StudentEntityID)
values (12,458);
insert into StudentInterestGroups (InterestGroupID, StudentEntityID)
values (4,458);
insert into StudentInterestGroups (InterestGroupID, StudentEntityID)
values (5,458);
insert into userEntity (UserName, EmailAddress, EntityType)
values ('AthenaZaleskiK980', 'AthenaZaleskiK980@harrisonburg.edu', 'STUD');
insert into student (StudentEntityID, FirstName, LastName, MiddleInitial, StreetAddress, Country,City, State,ZipCode, StudentGradeLevel, StudentGPA, StudentACTScore, StudentSATScore, StudentEthnicity, StudentGender, IncomeLevel, DaysAbsent, HoursOfWorkPlaceExp, StudentAthleteFlag, StudentGraduationTrack, StudentEmploymentFlag, StudentImage,SchoolEntityID)
values (459, 'Athena', 'Zaleski', 'K', '0600 Wilson Islands', 'USA','North Brandon','VA','20040','Freshmen', 2.27, 0, 0,'African American','Female','Lower Income',4,7, 'N', 'Y', 'Y', 'img/student.jpg', 17);
insert into StudentInterestGroups (InterestGroupID, StudentEntityID)
values (4,459);
insert into StudentInterestGroups (InterestGroupID, StudentEntityID)
values (8,459);
insert into StudentInterestGroups (InterestGroupID, StudentEntityID)
values (6,459);
insert into userEntity (UserName, EmailAddress, EntityType)
values ('ClaudeTarangoM435', 'ClaudeTarangoM435@turnerAshby.edu', 'STUD');
insert into student (StudentEntityID, FirstName, LastName, MiddleInitial, StreetAddress, Country,City, State,ZipCode, StudentGradeLevel, StudentGPA, StudentACTScore, StudentSATScore, StudentEthnicity, StudentGender, IncomeLevel, DaysAbsent, HoursOfWorkPlaceExp, StudentAthleteFlag, StudentGraduationTrack, StudentEmploymentFlag, StudentImage,SchoolEntityID)
values (460, 'Claude', 'Tarango', 'M', '015 Owen Estate Apt. 590', 'USA','Brandonton','VA','20040','Senior', 3.86, 34, 1571,'Caucasian','Male','Lower Income',1,40, 'Y', 'Y', 'N', 'img/student.jpg', 15);
insert into StudentInterestGroups (InterestGroupID, StudentEntityID)
values (1,460);
insert into StudentInterestGroups (InterestGroupID, StudentEntityID)
values (7,460);
insert into StudentInterestGroups (InterestGroupID, StudentEntityID)
values (3,460);
insert into userEntity (UserName, EmailAddress, EntityType)
values ('KathleenKennedyN745', 'KathleenKennedyN745@Louisa.edu', 'STUD');
insert into student (StudentEntityID, FirstName, LastName, MiddleInitial, StreetAddress, Country,City, State,ZipCode, StudentGradeLevel, StudentGPA, StudentACTScore, StudentSATScore, StudentEthnicity, StudentGender, IncomeLevel, DaysAbsent, HoursOfWorkPlaceExp, StudentAthleteFlag, StudentGraduationTrack, StudentEmploymentFlag, StudentImage,SchoolEntityID)
values (461, 'Kathleen', 'Kennedy', 'N', '85201 Kevin Orchard', 'USA','Kingshire','VA','20040','Freshmen', 2.81, 0, 0,'African American','Female','Higher Income',6,10, 'Y', 'Y', 'Y', 'img/student.jpg', 12);
insert into StudentInterestGroups (InterestGroupID, StudentEntityID)
values (9,461);
insert into StudentInterestGroups (InterestGroupID, StudentEntityID)
values (12,461);
insert into StudentInterestGroups (InterestGroupID, StudentEntityID)
values (10,461);
insert into StudentInterestGroups (InterestGroupID, StudentEntityID)
values (6,461);
insert into StudentInterestGroups (InterestGroupID, StudentEntityID)
values (11,461);
insert into StudentInterestGroups (InterestGroupID, StudentEntityID)
values (7,461);
insert into StudentInterestGroups (InterestGroupID, StudentEntityID)
values (2,461);
insert into userEntity (UserName, EmailAddress, EntityType)
values ('LeeWilliamsM842', 'LeeWilliamsM842@rockingham.k12.va.us', 'STUD');
insert into student (StudentEntityID, FirstName, LastName, MiddleInitial, StreetAddress, Country,City, State,ZipCode, StudentGradeLevel, StudentGPA, StudentACTScore, StudentSATScore, StudentEthnicity, StudentGender, IncomeLevel, DaysAbsent, HoursOfWorkPlaceExp, StudentAthleteFlag, StudentGraduationTrack, StudentEmploymentFlag, StudentImage,SchoolEntityID)
values (462, 'Lee', 'Williams', 'M', '68054 Phillip Plain Apt. 001', 'USA','Moodychester','VA','20041','Freshmen', 1.89, 0, 0,'Hispanic','Female','Lower Income',14,12, 'Y', 'N', 'Y', 'img/student.jpg', 13);
insert into StudentInterestGroups (InterestGroupID, StudentEntityID)
values (6,462);
insert into StudentInterestGroups (InterestGroupID, StudentEntityID)
values (1,462);
insert into StudentInterestGroups (InterestGroupID, StudentEntityID)
values (4,462);
insert into StudentInterestGroups (InterestGroupID, StudentEntityID)
values (8,462);
insert into StudentInterestGroups (InterestGroupID, StudentEntityID)
values (5,462);
insert into userEntity (UserName, EmailAddress, EntityType)
values ('PaulCabreraB297', 'PaulCabreraB297@spotswood.edu', 'STUD');
insert into student (StudentEntityID, FirstName, LastName, MiddleInitial, StreetAddress, Country,City, State,ZipCode, StudentGradeLevel, StudentGPA, StudentACTScore, StudentSATScore, StudentEthnicity, StudentGender, IncomeLevel, DaysAbsent, HoursOfWorkPlaceExp, StudentAthleteFlag, StudentGraduationTrack, StudentEmploymentFlag, StudentImage,SchoolEntityID)
values (463, 'Paul', 'Cabrera', 'B', '52539 Donna Walk', 'USA','South Sonya','VA','20040','Freshmen', 3.58, 0, 0,'Caucasian','Male','Lower Income',1,19, 'Y', 'Y', 'Y', 'img/student.jpg', 14);
insert into StudentInterestGroups (InterestGroupID, StudentEntityID)
values (2,463);
insert into StudentInterestGroups (InterestGroupID, StudentEntityID)
values (6,463);
insert into StudentInterestGroups (InterestGroupID, StudentEntityID)
values (7,463);
insert into StudentInterestGroups (InterestGroupID, StudentEntityID)
values (11,463);
insert into userEntity (UserName, EmailAddress, EntityType)
values ('KishaHonoreX143', 'KishaHonoreX143@spotswood.edu', 'STUD');
insert into student (StudentEntityID, FirstName, LastName, MiddleInitial, StreetAddress, Country,City, State,ZipCode, StudentGradeLevel, StudentGPA, StudentACTScore, StudentSATScore, StudentEthnicity, StudentGender, IncomeLevel, DaysAbsent, HoursOfWorkPlaceExp, StudentAthleteFlag, StudentGraduationTrack, StudentEmploymentFlag, StudentImage,SchoolEntityID)
values (464, 'Kisha', 'Honore', 'X', '609 Carroll Centers Suite 827', 'USA','Lake Luis','VA','20041','Junior', 1.15, 12, 667,'Caucasian','Female','Higher Income',14,11, 'Y', 'N', 'N', 'img/student.jpg', 14);
insert into StudentInterestGroups (InterestGroupID, StudentEntityID)
values (12,464);
insert into userEntity (UserName, EmailAddress, EntityType)
values ('JudyTalbottO545', 'JudyTalbottO545@broadway.edu', 'STUD');
insert into student (StudentEntityID, FirstName, LastName, MiddleInitial, StreetAddress, Country,City, State,ZipCode, StudentGradeLevel, StudentGPA, StudentACTScore, StudentSATScore, StudentEthnicity, StudentGender, IncomeLevel, DaysAbsent, HoursOfWorkPlaceExp, StudentAthleteFlag, StudentGraduationTrack, StudentEmploymentFlag, StudentImage,SchoolEntityID)
values (465, 'Judy', 'Talbott', 'O', '60260 Brittany Court', 'USA','Jensenhaven','VA','20040','Junior', 2.04, 17, 1002,'Caucasian','Female','Middle Income',5,29, 'Y', 'Y', 'N', 'img/student.jpg', 16);
insert into StudentInterestGroups (InterestGroupID, StudentEntityID)
values (5,465);
insert into StudentInterestGroups (InterestGroupID, StudentEntityID)
values (3,465);
insert into StudentInterestGroups (InterestGroupID, StudentEntityID)
values (4,465);
insert into StudentInterestGroups (InterestGroupID, StudentEntityID)
values (2,465);
insert into StudentInterestGroups (InterestGroupID, StudentEntityID)
values (10,465);
insert into StudentInterestGroups (InterestGroupID, StudentEntityID)
values (12,465);
insert into userEntity (UserName, EmailAddress, EntityType)
values ('KyleDanosH568', 'KyleDanosH568@Louisa.edu', 'STUD');
insert into student (StudentEntityID, FirstName, LastName, MiddleInitial, StreetAddress, Country,City, State,ZipCode, StudentGradeLevel, StudentGPA, StudentACTScore, StudentSATScore, StudentEthnicity, StudentGender, IncomeLevel, DaysAbsent, HoursOfWorkPlaceExp, StudentAthleteFlag, StudentGraduationTrack, StudentEmploymentFlag, StudentImage,SchoolEntityID)
values (466, 'Kyle', 'Danos', 'H', '4809 Green Spring Suite 156', 'USA','Haleyburgh','VA','20041','Freshmen', 1.71, 0, 0,'Not selected or Other','Male','Middle Income',12,11, 'Y', 'N', 'Y', 'img/student.jpg', 12);
insert into StudentInterestGroups (InterestGroupID, StudentEntityID)
values (5,466);
insert into StudentInterestGroups (InterestGroupID, StudentEntityID)
values (1,466);
insert into StudentInterestGroups (InterestGroupID, StudentEntityID)
values (12,466);
insert into userEntity (UserName, EmailAddress, EntityType)
values ('MattieRosalesU546', 'MattieRosalesU546@rockingham.k12.va.us', 'STUD');
insert into student (StudentEntityID, FirstName, LastName, MiddleInitial, StreetAddress, Country,City, State,ZipCode, StudentGradeLevel, StudentGPA, StudentACTScore, StudentSATScore, StudentEthnicity, StudentGender, IncomeLevel, DaysAbsent, HoursOfWorkPlaceExp, StudentAthleteFlag, StudentGraduationTrack, StudentEmploymentFlag, StudentImage,SchoolEntityID)
values (467, 'Mattie', 'Rosales', 'U', '2848 Mclaughlin Square Suite 656', 'USA','Wallerchester','VA','20041','Freshmen', 3.87, 0, 0,'Caucasian','Female','Middle Income',5,20, 'N', 'Y', 'Y', 'img/student.jpg', 13);
insert into StudentInterestGroups (InterestGroupID, StudentEntityID)
values (5,467);
insert into StudentInterestGroups (InterestGroupID, StudentEntityID)
values (10,467);
insert into StudentInterestGroups (InterestGroupID, StudentEntityID)
values (8,467);
insert into StudentInterestGroups (InterestGroupID, StudentEntityID)
values (1,467);
insert into StudentInterestGroups (InterestGroupID, StudentEntityID)
values (6,467);
insert into StudentInterestGroups (InterestGroupID, StudentEntityID)
values (9,467);
insert into StudentInterestGroups (InterestGroupID, StudentEntityID)
values (12,467);
insert into StudentInterestGroups (InterestGroupID, StudentEntityID)
values (4,467);
insert into userEntity (UserName, EmailAddress, EntityType)
values ('JohnMuiS164', 'JohnMuiS164@spotswood.edu', 'STUD');
insert into student (StudentEntityID, FirstName, LastName, MiddleInitial, StreetAddress, Country,City, State,ZipCode, StudentGradeLevel, StudentGPA, StudentACTScore, StudentSATScore, StudentEthnicity, StudentGender, IncomeLevel, DaysAbsent, HoursOfWorkPlaceExp, StudentAthleteFlag, StudentGraduationTrack, StudentEmploymentFlag, StudentImage,SchoolEntityID)
values (468, 'John', 'Mui', 'S', '025 Dillon Springs', 'USA','East Gregoryport','VA','20041','Sophomore', 3.77, 0, 0,'Caucasian','Male','Lower Income',3,22, 'N', 'Y', 'Y', 'img/student.jpg', 14);
insert into StudentInterestGroups (InterestGroupID, StudentEntityID)
values (3,468);
insert into StudentInterestGroups (InterestGroupID, StudentEntityID)
values (4,468);
insert into StudentInterestGroups (InterestGroupID, StudentEntityID)
values (9,468);
insert into StudentInterestGroups (InterestGroupID, StudentEntityID)
values (10,468);
insert into StudentInterestGroups (InterestGroupID, StudentEntityID)
values (6,468);
insert into StudentInterestGroups (InterestGroupID, StudentEntityID)
values (12,468);
insert into StudentInterestGroups (InterestGroupID, StudentEntityID)
values (1,468);
insert into StudentInterestGroups (InterestGroupID, StudentEntityID)
values (11,468);
insert into userEntity (UserName, EmailAddress, EntityType)
values ('NancyLewandowskiO449', 'NancyLewandowskiO449@Louisa.edu', 'STUD');
insert into student (StudentEntityID, FirstName, LastName, MiddleInitial, StreetAddress, Country,City, State,ZipCode, StudentGradeLevel, StudentGPA, StudentACTScore, StudentSATScore, StudentEthnicity, StudentGender, IncomeLevel, DaysAbsent, HoursOfWorkPlaceExp, StudentAthleteFlag, StudentGraduationTrack, StudentEmploymentFlag, StudentImage,SchoolEntityID)
values (469, 'Nancy', 'Lewandowski', 'O', '56997 Harris Loop Suite 450', 'USA','Barronfurt','VA','20040','Junior', 3.89, 25, 1260,'Asian','Other','Middle Income',3,34, 'Y', 'Y', 'N', 'img/student.jpg', 12);
insert into StudentInterestGroups (InterestGroupID, StudentEntityID)
values (10,469);
insert into StudentInterestGroups (InterestGroupID, StudentEntityID)
values (3,469);
insert into StudentInterestGroups (InterestGroupID, StudentEntityID)
values (8,469);
insert into StudentInterestGroups (InterestGroupID, StudentEntityID)
values (1,469);
insert into StudentInterestGroups (InterestGroupID, StudentEntityID)
values (12,469);
insert into StudentInterestGroups (InterestGroupID, StudentEntityID)
values (4,469);
insert into userEntity (UserName, EmailAddress, EntityType)
values ('AntonioGoldblattE359', 'AntonioGoldblattE359@rockingham.k12.va.us', 'STUD');
insert into student (StudentEntityID, FirstName, LastName, MiddleInitial, StreetAddress, Country,City, State,ZipCode, StudentGradeLevel, StudentGPA, StudentACTScore, StudentSATScore, StudentEthnicity, StudentGender, IncomeLevel, DaysAbsent, HoursOfWorkPlaceExp, StudentAthleteFlag, StudentGraduationTrack, StudentEmploymentFlag, StudentImage,SchoolEntityID)
values (470, 'Antonio', 'Goldblatt', 'E', '0609 Jackson Ports', 'USA','Griffinshire','VA','20040','Junior', 1.97, 25, 931,'Caucasian','Male','Higher Income',10,18, 'N', 'N', 'N', 'img/student.jpg', 13);
insert into StudentInterestGroups (InterestGroupID, StudentEntityID)
values (8,470);
insert into StudentInterestGroups (InterestGroupID, StudentEntityID)
values (5,470);
insert into StudentInterestGroups (InterestGroupID, StudentEntityID)
values (10,470);
insert into StudentInterestGroups (InterestGroupID, StudentEntityID)
values (6,470);
insert into StudentInterestGroups (InterestGroupID, StudentEntityID)
values (4,470);
insert into StudentInterestGroups (InterestGroupID, StudentEntityID)
values (11,470);
insert into StudentInterestGroups (InterestGroupID, StudentEntityID)
values (12,470);
insert into userEntity (UserName, EmailAddress, EntityType)
values ('CatherineChiarelloK672', 'CatherineChiarelloK672@harrisonburg.edu', 'STUD');
insert into student (StudentEntityID, FirstName, LastName, MiddleInitial, StreetAddress, Country,City, State,ZipCode, StudentGradeLevel, StudentGPA, StudentACTScore, StudentSATScore, StudentEthnicity, StudentGender, IncomeLevel, DaysAbsent, HoursOfWorkPlaceExp, StudentAthleteFlag, StudentGraduationTrack, StudentEmploymentFlag, StudentImage,SchoolEntityID)
values (471, 'Catherine', 'Chiarello', 'K', '39954 West Drives Suite 527', 'USA','Clarkmouth','VA','20040','Senior', 2.36, 19, 1157,'Caucasian','Female','Middle Income',13,35, 'N', 'Y', 'N', 'img/student.jpg', 17);
insert into StudentInterestGroups (InterestGroupID, StudentEntityID)
values (9,471);
insert into userEntity (UserName, EmailAddress, EntityType)
values ('ChristinePostonJ611', 'ChristinePostonJ611@rockingham.k12.va.us', 'STUD');
insert into student (StudentEntityID, FirstName, LastName, MiddleInitial, StreetAddress, Country,City, State,ZipCode, StudentGradeLevel, StudentGPA, StudentACTScore, StudentSATScore, StudentEthnicity, StudentGender, IncomeLevel, DaysAbsent, HoursOfWorkPlaceExp, StudentAthleteFlag, StudentGraduationTrack, StudentEmploymentFlag, StudentImage,SchoolEntityID)
values (472, 'Christine', 'Poston', 'J', '13552 Ashley Terrace', 'USA','North Rita','VA','20040','Senior', 1.8, 15, 943,'Caucasian','Female','Higher Income',15,22, 'N', 'N', 'N', 'img/student.jpg', 13);
insert into StudentInterestGroups (InterestGroupID, StudentEntityID)
values (10,472);
insert into StudentInterestGroups (InterestGroupID, StudentEntityID)
values (8,472);
insert into StudentInterestGroups (InterestGroupID, StudentEntityID)
values (5,472);
insert into StudentInterestGroups (InterestGroupID, StudentEntityID)
values (11,472);
insert into StudentInterestGroups (InterestGroupID, StudentEntityID)
values (2,472);
insert into StudentInterestGroups (InterestGroupID, StudentEntityID)
values (9,472);
insert into StudentInterestGroups (InterestGroupID, StudentEntityID)
values (3,472);
insert into userEntity (UserName, EmailAddress, EntityType)
values ('JerryOsmunJ786', 'JerryOsmunJ786@turnerAshby.edu', 'STUD');
insert into student (StudentEntityID, FirstName, LastName, MiddleInitial, StreetAddress, Country,City, State,ZipCode, StudentGradeLevel, StudentGPA, StudentACTScore, StudentSATScore, StudentEthnicity, StudentGender, IncomeLevel, DaysAbsent, HoursOfWorkPlaceExp, StudentAthleteFlag, StudentGraduationTrack, StudentEmploymentFlag, StudentImage,SchoolEntityID)
values (473, 'Jerry', 'Osmun', 'J', '90575 Richard Villages', 'USA','Lake Lisa','VA','20041','Freshmen', 2.74, 0, 0,'African American','Male','Middle Income',0,13, 'N', 'Y', 'Y', 'img/student.jpg', 15);
insert into StudentInterestGroups (InterestGroupID, StudentEntityID)
values (7,473);
insert into StudentInterestGroups (InterestGroupID, StudentEntityID)
values (12,473);
insert into StudentInterestGroups (InterestGroupID, StudentEntityID)
values (5,473);
insert into StudentInterestGroups (InterestGroupID, StudentEntityID)
values (10,473);
insert into userEntity (UserName, EmailAddress, EntityType)
values ('DamonWellardH568', 'DamonWellardH568@broadway.edu', 'STUD');
insert into student (StudentEntityID, FirstName, LastName, MiddleInitial, StreetAddress, Country,City, State,ZipCode, StudentGradeLevel, StudentGPA, StudentACTScore, StudentSATScore, StudentEthnicity, StudentGender, IncomeLevel, DaysAbsent, HoursOfWorkPlaceExp, StudentAthleteFlag, StudentGraduationTrack, StudentEmploymentFlag, StudentImage,SchoolEntityID)
values (474, 'Damon', 'Wellard', 'H', '4751 Castillo Center', 'USA','Kimberlyville','VA','20041','Senior', 2.92, 35, 1461,'Asian','Male','Middle Income',7,37, 'Y', 'Y', 'N', 'img/student.jpg', 16);
insert into StudentInterestGroups (InterestGroupID, StudentEntityID)
values (6,474);
insert into StudentInterestGroups (InterestGroupID, StudentEntityID)
values (12,474);
insert into StudentInterestGroups (InterestGroupID, StudentEntityID)
values (10,474);
insert into StudentInterestGroups (InterestGroupID, StudentEntityID)
values (9,474);
insert into StudentInterestGroups (InterestGroupID, StudentEntityID)
values (1,474);
insert into userEntity (UserName, EmailAddress, EntityType)
values ('DanielShirleyT373', 'DanielShirleyT373@harrisonburg.edu', 'STUD');
insert into student (StudentEntityID, FirstName, LastName, MiddleInitial, StreetAddress, Country,City, State,ZipCode, StudentGradeLevel, StudentGPA, StudentACTScore, StudentSATScore, StudentEthnicity, StudentGender, IncomeLevel, DaysAbsent, HoursOfWorkPlaceExp, StudentAthleteFlag, StudentGraduationTrack, StudentEmploymentFlag, StudentImage,SchoolEntityID)
values (475, 'Daniel', 'Shirley', 'T', '8057 Wright Squares Apt. 284', 'USA','Whiteberg','VA','20040','Freshmen', 3.93, 0, 0,'Caucasian','Male','Higher Income',2,20, 'Y', 'Y', 'Y', 'img/student.jpg', 17);
insert into StudentInterestGroups (InterestGroupID, StudentEntityID)
values (11,475);
insert into StudentInterestGroups (InterestGroupID, StudentEntityID)
values (6,475);
insert into userEntity (UserName, EmailAddress, EntityType)
values ('MaryBoydO684', 'MaryBoydO684@rockingham.k12.va.us', 'STUD');
insert into student (StudentEntityID, FirstName, LastName, MiddleInitial, StreetAddress, Country,City, State,ZipCode, StudentGradeLevel, StudentGPA, StudentACTScore, StudentSATScore, StudentEthnicity, StudentGender, IncomeLevel, DaysAbsent, HoursOfWorkPlaceExp, StudentAthleteFlag, StudentGraduationTrack, StudentEmploymentFlag, StudentImage,SchoolEntityID)
values (476, 'Mary', 'Boyd', 'O', '1923 Nancy Rapids', 'USA','Stephanieshire','VA','20040','Junior', 2.36, 20, 955,'African American','Female','Higher Income',10,28, 'N', 'Y', 'N', 'img/student.jpg', 13);
insert into StudentInterestGroups (InterestGroupID, StudentEntityID)
values (1,476);
insert into StudentInterestGroups (InterestGroupID, StudentEntityID)
values (3,476);
insert into StudentInterestGroups (InterestGroupID, StudentEntityID)
values (5,476);
insert into StudentInterestGroups (InterestGroupID, StudentEntityID)
values (4,476);
insert into StudentInterestGroups (InterestGroupID, StudentEntityID)
values (8,476);
insert into StudentInterestGroups (InterestGroupID, StudentEntityID)
values (7,476);
insert into StudentInterestGroups (InterestGroupID, StudentEntityID)
values (9,476);
insert into StudentInterestGroups (InterestGroupID, StudentEntityID)
values (10,476);
insert into userEntity (UserName, EmailAddress, EntityType)
values ('NatashaMogaY25', 'NatashaMogaY25@spotswood.edu', 'STUD');
insert into student (StudentEntityID, FirstName, LastName, MiddleInitial, StreetAddress, Country,City, State,ZipCode, StudentGradeLevel, StudentGPA, StudentACTScore, StudentSATScore, StudentEthnicity, StudentGender, IncomeLevel, DaysAbsent, HoursOfWorkPlaceExp, StudentAthleteFlag, StudentGraduationTrack, StudentEmploymentFlag, StudentImage,SchoolEntityID)
values (477, 'Natasha', 'Moga', 'Y', '2174 Yvette Route', 'USA','West Benjaminbury','VA','20041','Sophomore', 2.86, 0, 0,'Caucasian','Female','Lower Income',1,17, 'N', 'Y', 'Y', 'img/student.jpg', 14);
insert into StudentInterestGroups (InterestGroupID, StudentEntityID)
values (11,477);
insert into StudentInterestGroups (InterestGroupID, StudentEntityID)
values (1,477);
insert into userEntity (UserName, EmailAddress, EntityType)
values ('JeffreyJimenezT10', 'JeffreyJimenezT10@turnerAshby.edu', 'STUD');
insert into student (StudentEntityID, FirstName, LastName, MiddleInitial, StreetAddress, Country,City, State,ZipCode, StudentGradeLevel, StudentGPA, StudentACTScore, StudentSATScore, StudentEthnicity, StudentGender, IncomeLevel, DaysAbsent, HoursOfWorkPlaceExp, StudentAthleteFlag, StudentGraduationTrack, StudentEmploymentFlag, StudentImage,SchoolEntityID)
values (478, 'Jeffrey', 'Jimenez', 'T', '21567 Lisa Highway Apt. 530', 'USA','Lake Tara','VA','20041','Sophomore', 2.26, 0, 0,'Caucasian','Male','Middle Income',9,15, 'N', 'Y', 'N', 'img/student.jpg', 15);
insert into StudentInterestGroups (InterestGroupID, StudentEntityID)
values (8,478);
insert into StudentInterestGroups (InterestGroupID, StudentEntityID)
values (1,478);
insert into StudentInterestGroups (InterestGroupID, StudentEntityID)
values (9,478);
insert into StudentInterestGroups (InterestGroupID, StudentEntityID)
values (2,478);
insert into userEntity (UserName, EmailAddress, EntityType)
values ('GloriaLawsonO605', 'GloriaLawsonO605@spotswood.edu', 'STUD');
insert into student (StudentEntityID, FirstName, LastName, MiddleInitial, StreetAddress, Country,City, State,ZipCode, StudentGradeLevel, StudentGPA, StudentACTScore, StudentSATScore, StudentEthnicity, StudentGender, IncomeLevel, DaysAbsent, HoursOfWorkPlaceExp, StudentAthleteFlag, StudentGraduationTrack, StudentEmploymentFlag, StudentImage,SchoolEntityID)
values (479, 'Gloria', 'Lawson', 'O', '116 Mitchell Plains Suite 695', 'USA','Lake Justin','VA','20040','Sophomore', 2.02, 0, 0,'Caucasian','Female','Lower Income',5,12, 'Y', 'Y', 'N', 'img/student.jpg', 14);
insert into StudentInterestGroups (InterestGroupID, StudentEntityID)
values (3,479);
insert into StudentInterestGroups (InterestGroupID, StudentEntityID)
values (6,479);
insert into userEntity (UserName, EmailAddress, EntityType)
values ('AnnetteGarciaJ94', 'AnnetteGarciaJ94@broadway.edu', 'STUD');
insert into student (StudentEntityID, FirstName, LastName, MiddleInitial, StreetAddress, Country,City, State,ZipCode, StudentGradeLevel, StudentGPA, StudentACTScore, StudentSATScore, StudentEthnicity, StudentGender, IncomeLevel, DaysAbsent, HoursOfWorkPlaceExp, StudentAthleteFlag, StudentGraduationTrack, StudentEmploymentFlag, StudentImage,SchoolEntityID)
values (480, 'Annette', 'Garcia', 'J', '5177 Reeves Meadows', 'USA','Karahaven','VA','20040','Sophomore', 3.23, 0, 0,'Caucasian','Female','Middle Income',3,18, 'N', 'Y', 'N', 'img/student.jpg', 16);
insert into StudentInterestGroups (InterestGroupID, StudentEntityID)
values (4,480);
insert into StudentInterestGroups (InterestGroupID, StudentEntityID)
values (2,480);
insert into StudentInterestGroups (InterestGroupID, StudentEntityID)
values (1,480);
insert into userEntity (UserName, EmailAddress, EntityType)
values ('PaulDudleyG24', 'PaulDudleyG24@turnerAshby.edu', 'STUD');
insert into student (StudentEntityID, FirstName, LastName, MiddleInitial, StreetAddress, Country,City, State,ZipCode, StudentGradeLevel, StudentGPA, StudentACTScore, StudentSATScore, StudentEthnicity, StudentGender, IncomeLevel, DaysAbsent, HoursOfWorkPlaceExp, StudentAthleteFlag, StudentGraduationTrack, StudentEmploymentFlag, StudentImage,SchoolEntityID)
values (481, 'Paul', 'Dudley', 'G', '262 Garcia Trace Apt. 134', 'USA','Alisonbury','VA','20040','Junior', 1.27, 17, 1071,'Caucasian','Male','Higher Income',13,19, 'N', 'N', 'N', 'img/student.jpg', 15);
insert into StudentInterestGroups (InterestGroupID, StudentEntityID)
values (8,481);
insert into StudentInterestGroups (InterestGroupID, StudentEntityID)
values (4,481);
insert into userEntity (UserName, EmailAddress, EntityType)
values ('DebraYountT759', 'DebraYountT759@turnerAshby.edu', 'STUD');
insert into student (StudentEntityID, FirstName, LastName, MiddleInitial, StreetAddress, Country,City, State,ZipCode, StudentGradeLevel, StudentGPA, StudentACTScore, StudentSATScore, StudentEthnicity, StudentGender, IncomeLevel, DaysAbsent, HoursOfWorkPlaceExp, StudentAthleteFlag, StudentGraduationTrack, StudentEmploymentFlag, StudentImage,SchoolEntityID)
values (482, 'Debra', 'Yount', 'T', '24909 Logan Overpass', 'USA','Rogerberg','VA','20041','Junior', 1.94, 20, 1268,'Hispanic','Female','Middle Income',8,21, 'N', 'N', 'N', 'img/student.jpg', 15);
insert into StudentInterestGroups (InterestGroupID, StudentEntityID)
values (7,482);
insert into StudentInterestGroups (InterestGroupID, StudentEntityID)
values (9,482);
insert into StudentInterestGroups (InterestGroupID, StudentEntityID)
values (5,482);
insert into StudentInterestGroups (InterestGroupID, StudentEntityID)
values (11,482);
insert into StudentInterestGroups (InterestGroupID, StudentEntityID)
values (6,482);
insert into StudentInterestGroups (InterestGroupID, StudentEntityID)
values (1,482);
insert into StudentInterestGroups (InterestGroupID, StudentEntityID)
values (3,482);
insert into StudentInterestGroups (InterestGroupID, StudentEntityID)
values (12,482);
insert into userEntity (UserName, EmailAddress, EntityType)
values ('JamesVasquezJ155', 'JamesVasquezJ155@turnerAshby.edu', 'STUD');
insert into student (StudentEntityID, FirstName, LastName, MiddleInitial, StreetAddress, Country,City, State,ZipCode, StudentGradeLevel, StudentGPA, StudentACTScore, StudentSATScore, StudentEthnicity, StudentGender, IncomeLevel, DaysAbsent, HoursOfWorkPlaceExp, StudentAthleteFlag, StudentGraduationTrack, StudentEmploymentFlag, StudentImage,SchoolEntityID)
values (483, 'James', 'Vasquez', 'J', '9973 Lindsey Harbor', 'USA','South Brandon','VA','20040','Freshmen', 3.63, 0, 0,'Caucasian','Male','Middle Income',3,17, 'Y', 'Y', 'Y', 'img/student.jpg', 15);
insert into StudentInterestGroups (InterestGroupID, StudentEntityID)
values (5,483);
insert into StudentInterestGroups (InterestGroupID, StudentEntityID)
values (8,483);
insert into StudentInterestGroups (InterestGroupID, StudentEntityID)
values (6,483);
insert into userEntity (UserName, EmailAddress, EntityType)
values ('SandraSkinnerJ657', 'SandraSkinnerJ657@spotswood.edu', 'STUD');
insert into student (StudentEntityID, FirstName, LastName, MiddleInitial, StreetAddress, Country,City, State,ZipCode, StudentGradeLevel, StudentGPA, StudentACTScore, StudentSATScore, StudentEthnicity, StudentGender, IncomeLevel, DaysAbsent, HoursOfWorkPlaceExp, StudentAthleteFlag, StudentGraduationTrack, StudentEmploymentFlag, StudentImage,SchoolEntityID)
values (484, 'Sandra', 'Skinner', 'J', '572 Rosales Run', 'USA','Port Joshuaport','VA','20041','Freshmen', 1.53, 0, 0,'Asian','Female','Higher Income',15,2, 'N', 'N', 'Y', 'img/student.jpg', 14);
insert into StudentInterestGroups (InterestGroupID, StudentEntityID)
values (3,484);
insert into userEntity (UserName, EmailAddress, EntityType)
values ('MatildaGarciaZ199', 'MatildaGarciaZ199@harrisonburg.edu', 'STUD');
insert into student (StudentEntityID, FirstName, LastName, MiddleInitial, StreetAddress, Country,City, State,ZipCode, StudentGradeLevel, StudentGPA, StudentACTScore, StudentSATScore, StudentEthnicity, StudentGender, IncomeLevel, DaysAbsent, HoursOfWorkPlaceExp, StudentAthleteFlag, StudentGraduationTrack, StudentEmploymentFlag, StudentImage,SchoolEntityID)
values (485, 'Matilda', 'Garcia', 'Z', '808 Harrison Cliff', 'USA','South Jenniferburgh','VA','20041','Junior', 2.73, 28, 1081,'Caucasian','Other','Middle Income',7,31, 'N', 'Y', 'Y', 'img/student.jpg', 17);
insert into StudentInterestGroups (InterestGroupID, StudentEntityID)
values (7,485);
insert into StudentInterestGroups (InterestGroupID, StudentEntityID)
values (12,485);
insert into StudentInterestGroups (InterestGroupID, StudentEntityID)
values (10,485);
insert into StudentInterestGroups (InterestGroupID, StudentEntityID)
values (11,485);
insert into StudentInterestGroups (InterestGroupID, StudentEntityID)
values (4,485);
insert into StudentInterestGroups (InterestGroupID, StudentEntityID)
values (6,485);
insert into userEntity (UserName, EmailAddress, EntityType)
values ('JimMedinaY814', 'JimMedinaY814@rockingham.k12.va.us', 'STUD');
insert into student (StudentEntityID, FirstName, LastName, MiddleInitial, StreetAddress, Country,City, State,ZipCode, StudentGradeLevel, StudentGPA, StudentACTScore, StudentSATScore, StudentEthnicity, StudentGender, IncomeLevel, DaysAbsent, HoursOfWorkPlaceExp, StudentAthleteFlag, StudentGraduationTrack, StudentEmploymentFlag, StudentImage,SchoolEntityID)
values (486, 'Jim', 'Medina', 'Y', '211 Cunningham Summit', 'USA','Port Josephbury','VA','20041','Junior', 1.87, 20, 1139,'Caucasian','Male','Lower Income',10,21, 'N', 'N', 'N', 'img/student.jpg', 13);
insert into StudentInterestGroups (InterestGroupID, StudentEntityID)
values (1,486);
insert into StudentInterestGroups (InterestGroupID, StudentEntityID)
values (9,486);
insert into StudentInterestGroups (InterestGroupID, StudentEntityID)
values (12,486);
insert into StudentInterestGroups (InterestGroupID, StudentEntityID)
values (8,486);
insert into userEntity (UserName, EmailAddress, EntityType)
values ('DianeBondG861', 'DianeBondG861@harrisonburg.edu', 'STUD');
insert into student (StudentEntityID, FirstName, LastName, MiddleInitial, StreetAddress, Country,City, State,ZipCode, StudentGradeLevel, StudentGPA, StudentACTScore, StudentSATScore, StudentEthnicity, StudentGender, IncomeLevel, DaysAbsent, HoursOfWorkPlaceExp, StudentAthleteFlag, StudentGraduationTrack, StudentEmploymentFlag, StudentImage,SchoolEntityID)
values (487, 'Diane', 'Bond', 'G', '0352 Villanueva Mount', 'USA','Sethberg','VA','20040','Freshmen', 3.13, 0, 0,'Caucasian','Female','Lower Income',3,17, 'Y', 'Y', 'Y', 'img/student.jpg', 17);
insert into StudentInterestGroups (InterestGroupID, StudentEntityID)
values (11,487);
insert into StudentInterestGroups (InterestGroupID, StudentEntityID)
values (5,487);
insert into StudentInterestGroups (InterestGroupID, StudentEntityID)
values (7,487);
insert into StudentInterestGroups (InterestGroupID, StudentEntityID)
values (2,487);
insert into StudentInterestGroups (InterestGroupID, StudentEntityID)
values (3,487);
insert into StudentInterestGroups (InterestGroupID, StudentEntityID)
values (4,487);
insert into StudentInterestGroups (InterestGroupID, StudentEntityID)
values (1,487);
insert into userEntity (UserName, EmailAddress, EntityType)
values ('MercedesJonesO643', 'MercedesJonesO643@broadway.edu', 'STUD');
insert into student (StudentEntityID, FirstName, LastName, MiddleInitial, StreetAddress, Country,City, State,ZipCode, StudentGradeLevel, StudentGPA, StudentACTScore, StudentSATScore, StudentEthnicity, StudentGender, IncomeLevel, DaysAbsent, HoursOfWorkPlaceExp, StudentAthleteFlag, StudentGraduationTrack, StudentEmploymentFlag, StudentImage,SchoolEntityID)
values (488, 'Mercedes', 'Jones', 'O', '6620 Nash Bypass Suite 884', 'USA','North Vincent','VA','20040','Sophomore', 3.39, 0, 0,'Caucasian','Female','Higher Income',5,19, 'N', 'Y', 'N', 'img/student.jpg', 16);
insert into StudentInterestGroups (InterestGroupID, StudentEntityID)
values (7,488);
insert into StudentInterestGroups (InterestGroupID, StudentEntityID)
values (4,488);
insert into StudentInterestGroups (InterestGroupID, StudentEntityID)
values (8,488);
insert into StudentInterestGroups (InterestGroupID, StudentEntityID)
values (6,488);
insert into StudentInterestGroups (InterestGroupID, StudentEntityID)
values (1,488);
insert into userEntity (UserName, EmailAddress, EntityType)
values ('EarlEellsA154', 'EarlEellsA154@turnerAshby.edu', 'STUD');
insert into student (StudentEntityID, FirstName, LastName, MiddleInitial, StreetAddress, Country,City, State,ZipCode, StudentGradeLevel, StudentGPA, StudentACTScore, StudentSATScore, StudentEthnicity, StudentGender, IncomeLevel, DaysAbsent, HoursOfWorkPlaceExp, StudentAthleteFlag, StudentGraduationTrack, StudentEmploymentFlag, StudentImage,SchoolEntityID)
values (489, 'Earl', 'Eells', 'A', '56420 John Glens', 'USA','East Thomas','VA','20040','Freshmen', 3.56, 0, 0,'African American','Male','Middle Income',2,15, 'N', 'Y', 'Y', 'img/student.jpg', 15);
insert into StudentInterestGroups (InterestGroupID, StudentEntityID)
values (9,489);
insert into StudentInterestGroups (InterestGroupID, StudentEntityID)
values (4,489);
insert into StudentInterestGroups (InterestGroupID, StudentEntityID)
values (10,489);
insert into userEntity (UserName, EmailAddress, EntityType)
values ('ThomasWashburnB124', 'ThomasWashburnB124@Louisa.edu', 'STUD');
insert into student (StudentEntityID, FirstName, LastName, MiddleInitial, StreetAddress, Country,City, State,ZipCode, StudentGradeLevel, StudentGPA, StudentACTScore, StudentSATScore, StudentEthnicity, StudentGender, IncomeLevel, DaysAbsent, HoursOfWorkPlaceExp, StudentAthleteFlag, StudentGraduationTrack, StudentEmploymentFlag, StudentImage,SchoolEntityID)
values (490, 'Thomas', 'Washburn', 'B', '872 Graham Valley Suite 503', 'USA','Brownside','VA','20041','Freshmen', 3.17, 0, 0,'Caucasian','Other','Lower Income',5,16, 'Y', 'Y', 'N', 'img/student.jpg', 12);
insert into StudentInterestGroups (InterestGroupID, StudentEntityID)
values (3,490);
insert into StudentInterestGroups (InterestGroupID, StudentEntityID)
values (6,490);
insert into StudentInterestGroups (InterestGroupID, StudentEntityID)
values (1,490);
insert into userEntity (UserName, EmailAddress, EntityType)
values ('RolandLittletonT572', 'RolandLittletonT572@harrisonburg.edu', 'STUD');
insert into student (StudentEntityID, FirstName, LastName, MiddleInitial, StreetAddress, Country,City, State,ZipCode, StudentGradeLevel, StudentGPA, StudentACTScore, StudentSATScore, StudentEthnicity, StudentGender, IncomeLevel, DaysAbsent, HoursOfWorkPlaceExp, StudentAthleteFlag, StudentGraduationTrack, StudentEmploymentFlag, StudentImage,SchoolEntityID)
values (491, 'Roland', 'Littleton', 'T', '613 Robertson Bridge', 'USA','Angelaberg','VA','20040','Freshmen', 3.52, 0, 0,'Caucasian','Male','Lower Income',1,15, 'N', 'Y', 'N', 'img/student.jpg', 17);
insert into StudentInterestGroups (InterestGroupID, StudentEntityID)
values (9,491);
insert into StudentInterestGroups (InterestGroupID, StudentEntityID)
values (4,491);
insert into StudentInterestGroups (InterestGroupID, StudentEntityID)
values (12,491);
insert into StudentInterestGroups (InterestGroupID, StudentEntityID)
values (7,491);
insert into StudentInterestGroups (InterestGroupID, StudentEntityID)
values (1,491);
insert into StudentInterestGroups (InterestGroupID, StudentEntityID)
values (11,491);
insert into StudentInterestGroups (InterestGroupID, StudentEntityID)
values (6,491);
insert into StudentInterestGroups (InterestGroupID, StudentEntityID)
values (2,491);
insert into userEntity (UserName, EmailAddress, EntityType)
values ('CraigCadetQ272', 'CraigCadetQ272@broadway.edu', 'STUD');
insert into student (StudentEntityID, FirstName, LastName, MiddleInitial, StreetAddress, Country,City, State,ZipCode, StudentGradeLevel, StudentGPA, StudentACTScore, StudentSATScore, StudentEthnicity, StudentGender, IncomeLevel, DaysAbsent, HoursOfWorkPlaceExp, StudentAthleteFlag, StudentGraduationTrack, StudentEmploymentFlag, StudentImage,SchoolEntityID)
values (492, 'Craig', 'Cadet', 'Q', '27524 Luna Way Suite 182', 'USA','Davidberg','VA','20041','Freshmen', 3.73, 0, 0,'African American','Male','Middle Income',4,19, 'Y', 'Y', 'N', 'img/student.jpg', 16);
insert into StudentInterestGroups (InterestGroupID, StudentEntityID)
values (10,492);
insert into userEntity (UserName, EmailAddress, EntityType)
values ('StevenOdomG655', 'StevenOdomG655@broadway.edu', 'STUD');
insert into student (StudentEntityID, FirstName, LastName, MiddleInitial, StreetAddress, Country,City, State,ZipCode, StudentGradeLevel, StudentGPA, StudentACTScore, StudentSATScore, StudentEthnicity, StudentGender, IncomeLevel, DaysAbsent, HoursOfWorkPlaceExp, StudentAthleteFlag, StudentGraduationTrack, StudentEmploymentFlag, StudentImage,SchoolEntityID)
values (493, 'Steven', 'Odom', 'G', '16055 Thomas Junction Apt. 899', 'USA','Port Tammy','VA','20041','Junior', 2.54, 22, 1510,'African American','Male','Lower Income',1,25, 'Y', 'Y', 'N', 'img/student.jpg', 16);
insert into StudentInterestGroups (InterestGroupID, StudentEntityID)
values (4,493);
insert into userEntity (UserName, EmailAddress, EntityType)
values ('LillianOrsiA854', 'LillianOrsiA854@spotswood.edu', 'STUD');
insert into student (StudentEntityID, FirstName, LastName, MiddleInitial, StreetAddress, Country,City, State,ZipCode, StudentGradeLevel, StudentGPA, StudentACTScore, StudentSATScore, StudentEthnicity, StudentGender, IncomeLevel, DaysAbsent, HoursOfWorkPlaceExp, StudentAthleteFlag, StudentGraduationTrack, StudentEmploymentFlag, StudentImage,SchoolEntityID)
values (494, 'Lillian', 'Orsi', 'A', '19654 Bryant Groves', 'USA','West Donaldchester','VA','20041','Freshmen', 3.69, 0, 0,'Caucasian','Female','Middle Income',5,20, 'N', 'Y', 'N', 'img/student.jpg', 14);
insert into StudentInterestGroups (InterestGroupID, StudentEntityID)
values (1,494);
insert into StudentInterestGroups (InterestGroupID, StudentEntityID)
values (5,494);
insert into StudentInterestGroups (InterestGroupID, StudentEntityID)
values (9,494);
insert into StudentInterestGroups (InterestGroupID, StudentEntityID)
values (10,494);
insert into StudentInterestGroups (InterestGroupID, StudentEntityID)
values (12,494);
insert into StudentInterestGroups (InterestGroupID, StudentEntityID)
values (6,494);
insert into userEntity (UserName, EmailAddress, EntityType)
values ('ManuelaLopezE378', 'ManuelaLopezE378@rockingham.k12.va.us', 'STUD');
insert into student (StudentEntityID, FirstName, LastName, MiddleInitial, StreetAddress, Country,City, State,ZipCode, StudentGradeLevel, StudentGPA, StudentACTScore, StudentSATScore, StudentEthnicity, StudentGender, IncomeLevel, DaysAbsent, HoursOfWorkPlaceExp, StudentAthleteFlag, StudentGraduationTrack, StudentEmploymentFlag, StudentImage,SchoolEntityID)
values (495, 'Manuela', 'Lopez', 'E', '528 Shawna Motorway', 'USA','Davismouth','VA','20040','Freshmen', 1.83, 0, 0,'Caucasian','Female','Middle Income',13,2, 'N', 'N', 'Y', 'img/student.jpg', 13);
insert into StudentInterestGroups (InterestGroupID, StudentEntityID)
values (3,495);
insert into StudentInterestGroups (InterestGroupID, StudentEntityID)
values (4,495);
insert into userEntity (UserName, EmailAddress, EntityType)
values ('MichelleTuckerT760', 'MichelleTuckerT760@broadway.edu', 'STUD');
insert into student (StudentEntityID, FirstName, LastName, MiddleInitial, StreetAddress, Country,City, State,ZipCode, StudentGradeLevel, StudentGPA, StudentACTScore, StudentSATScore, StudentEthnicity, StudentGender, IncomeLevel, DaysAbsent, HoursOfWorkPlaceExp, StudentAthleteFlag, StudentGraduationTrack, StudentEmploymentFlag, StudentImage,SchoolEntityID)
values (496, 'Michelle', 'Tucker', 'T', '16095 Robert Trace Suite 985', 'USA','Jeffreyhaven','VA','20041','Junior', 1.57, 24, 722,'Asian','Other','Middle Income',9,20, 'Y', 'N', 'Y', 'img/student.jpg', 16);
insert into StudentInterestGroups (InterestGroupID, StudentEntityID)
values (12,496);
insert into userEntity (UserName, EmailAddress, EntityType)
values ('JosephMckinneyK669', 'JosephMckinneyK669@rockingham.k12.va.us', 'STUD');
insert into student (StudentEntityID, FirstName, LastName, MiddleInitial, StreetAddress, Country,City, State,ZipCode, StudentGradeLevel, StudentGPA, StudentACTScore, StudentSATScore, StudentEthnicity, StudentGender, IncomeLevel, DaysAbsent, HoursOfWorkPlaceExp, StudentAthleteFlag, StudentGraduationTrack, StudentEmploymentFlag, StudentImage,SchoolEntityID)
values (497, 'Joseph', 'Mckinney', 'K', '0106 Sara Springs', 'USA','Patriciamouth','VA','20040','Freshmen', 3.22, 0, 0,'Caucasian','Male','Higher Income',5,13, 'Y', 'Y', 'N', 'img/student.jpg', 13);
insert into StudentInterestGroups (InterestGroupID, StudentEntityID)
values (8,497);
insert into StudentInterestGroups (InterestGroupID, StudentEntityID)
values (7,497);
insert into StudentInterestGroups (InterestGroupID, StudentEntityID)
values (12,497);
insert into StudentInterestGroups (InterestGroupID, StudentEntityID)
values (6,497);
insert into StudentInterestGroups (InterestGroupID, StudentEntityID)
values (10,497);
insert into StudentInterestGroups (InterestGroupID, StudentEntityID)
values (3,497);
insert into userEntity (UserName, EmailAddress, EntityType)
values ('DanielSudburyG231', 'DanielSudburyG231@harrisonburg.edu', 'STUD');
insert into student (StudentEntityID, FirstName, LastName, MiddleInitial, StreetAddress, Country,City, State,ZipCode, StudentGradeLevel, StudentGPA, StudentACTScore, StudentSATScore, StudentEthnicity, StudentGender, IncomeLevel, DaysAbsent, HoursOfWorkPlaceExp, StudentAthleteFlag, StudentGraduationTrack, StudentEmploymentFlag, StudentImage,SchoolEntityID)
values (498, 'Daniel', 'Sudbury', 'G', '6203 Medina Corners', 'USA','Port Rhondaborough','VA','20041','Freshmen', 1.57, 0, 0,'Caucasian','Male','Lower Income',8,7, 'Y', 'N', 'N', 'img/student.jpg', 17);
insert into StudentInterestGroups (InterestGroupID, StudentEntityID)
values (10,498);
insert into userEntity (UserName, EmailAddress, EntityType)
values ('ClydeMcafeeL706', 'ClydeMcafeeL706@spotswood.edu', 'STUD');
insert into student (StudentEntityID, FirstName, LastName, MiddleInitial, StreetAddress, Country,City, State,ZipCode, StudentGradeLevel, StudentGPA, StudentACTScore, StudentSATScore, StudentEthnicity, StudentGender, IncomeLevel, DaysAbsent, HoursOfWorkPlaceExp, StudentAthleteFlag, StudentGraduationTrack, StudentEmploymentFlag, StudentImage,SchoolEntityID)
values (499, 'Clyde', 'Mcafee', 'L', '73479 Paul Square Suite 176', 'USA','Schmidtstad','VA','20040','Senior', 3.51, 29, 1235,'Not selected or Other','Male','Middle Income',5,37, 'N', 'Y', 'N', 'img/student.jpg', 14);
insert into StudentInterestGroups (InterestGroupID, StudentEntityID)
values (1,499);
insert into StudentInterestGroups (InterestGroupID, StudentEntityID)
values (11,499);
insert into StudentInterestGroups (InterestGroupID, StudentEntityID)
values (4,499);
insert into StudentInterestGroups (InterestGroupID, StudentEntityID)
values (2,499);
insert into StudentInterestGroups (InterestGroupID, StudentEntityID)
values (7,499);
insert into StudentInterestGroups (InterestGroupID, StudentEntityID)
values (12,499);
insert into userEntity (UserName, EmailAddress, EntityType)
values ('RyanPatzT56', 'RyanPatzT56@Louisa.edu', 'STUD');
insert into student (StudentEntityID, FirstName, LastName, MiddleInitial, StreetAddress, Country,City, State,ZipCode, StudentGradeLevel, StudentGPA, StudentACTScore, StudentSATScore, StudentEthnicity, StudentGender, IncomeLevel, DaysAbsent, HoursOfWorkPlaceExp, StudentAthleteFlag, StudentGraduationTrack, StudentEmploymentFlag, StudentImage,SchoolEntityID)
values (500, 'Ryan', 'Patz', 'T', '9431 Dennis Junction', 'USA','Lake Danielshire','VA','20041','Junior', 3.81, 31, 1293,'Hispanic','Male','Middle Income',3,33, 'Y', 'Y', 'N', 'img/student.jpg', 12);
insert into StudentInterestGroups (InterestGroupID, StudentEntityID)
values (8,500);
insert into StudentInterestGroups (InterestGroupID, StudentEntityID)
values (6,500);
insert into StudentInterestGroups (InterestGroupID, StudentEntityID)
values (11,500);
insert into StudentInterestGroups (InterestGroupID, StudentEntityID)
values (3,500);
insert into StudentInterestGroups (InterestGroupID, StudentEntityID)
values (5,500);
insert into StudentInterestGroups (InterestGroupID, StudentEntityID)
values (1,500);
insert into StudentInterestGroups (InterestGroupID, StudentEntityID)
values (2,500);
insert into userEntity (UserName, EmailAddress, EntityType)
values ('PatrickHoweR715', 'PatrickHoweR715@rockingham.k12.va.us', 'STUD');
insert into student (StudentEntityID, FirstName, LastName, MiddleInitial, StreetAddress, Country,City, State,ZipCode, StudentGradeLevel, StudentGPA, StudentACTScore, StudentSATScore, StudentEthnicity, StudentGender, IncomeLevel, DaysAbsent, HoursOfWorkPlaceExp, StudentAthleteFlag, StudentGraduationTrack, StudentEmploymentFlag, StudentImage,SchoolEntityID)
values (501, 'Patrick', 'Howe', 'R', '073 White Curve', 'USA','New Haley','VA','20041','Junior', 3.39, 34, 1225,'Caucasian','Male','Higher Income',0,24, 'N', 'Y', 'Y', 'img/student.jpg', 13);
insert into StudentInterestGroups (InterestGroupID, StudentEntityID)
values (5,501);
insert into StudentInterestGroups (InterestGroupID, StudentEntityID)
values (1,501);
insert into StudentInterestGroups (InterestGroupID, StudentEntityID)
values (4,501);
insert into StudentInterestGroups (InterestGroupID, StudentEntityID)
values (10,501);
insert into StudentInterestGroups (InterestGroupID, StudentEntityID)
values (7,501);
insert into StudentInterestGroups (InterestGroupID, StudentEntityID)
values (2,501);
insert into StudentInterestGroups (InterestGroupID, StudentEntityID)
values (11,501);
insert into StudentInterestGroups (InterestGroupID, StudentEntityID)
values (9,501);
insert into userEntity (UserName, EmailAddress, EntityType)
values ('WarrenFloresA211', 'WarrenFloresA211@rockingham.k12.va.us', 'STUD');
insert into student (StudentEntityID, FirstName, LastName, MiddleInitial, StreetAddress, Country,City, State,ZipCode, StudentGradeLevel, StudentGPA, StudentACTScore, StudentSATScore, StudentEthnicity, StudentGender, IncomeLevel, DaysAbsent, HoursOfWorkPlaceExp, StudentAthleteFlag, StudentGraduationTrack, StudentEmploymentFlag, StudentImage,SchoolEntityID)
values (502, 'Warren', 'Flores', 'A', '091 Smith Viaduct', 'USA','Hodgetown','VA','20041','Junior', 3.36, 30, 1110,'Caucasian','Male','Lower Income',0,30, 'N', 'Y', 'N', 'img/student.jpg', 13);
insert into StudentInterestGroups (InterestGroupID, StudentEntityID)
values (4,502);
insert into StudentInterestGroups (InterestGroupID, StudentEntityID)
values (6,502);
insert into StudentInterestGroups (InterestGroupID, StudentEntityID)
values (11,502);
insert into StudentInterestGroups (InterestGroupID, StudentEntityID)
values (9,502);
insert into StudentInterestGroups (InterestGroupID, StudentEntityID)
values (3,502);
insert into StudentInterestGroups (InterestGroupID, StudentEntityID)
values (1,502);
insert into StudentInterestGroups (InterestGroupID, StudentEntityID)
values (7,502);
insert into userEntity (UserName, EmailAddress, EntityType)
values ('LisaJordanF656', 'LisaJordanF656@broadway.edu', 'STUD');
insert into student (StudentEntityID, FirstName, LastName, MiddleInitial, StreetAddress, Country,City, State,ZipCode, StudentGradeLevel, StudentGPA, StudentACTScore, StudentSATScore, StudentEthnicity, StudentGender, IncomeLevel, DaysAbsent, HoursOfWorkPlaceExp, StudentAthleteFlag, StudentGraduationTrack, StudentEmploymentFlag, StudentImage,SchoolEntityID)
values (503, 'Lisa', 'Jordan', 'F', '18574 Hart Corners', 'USA','South Alyssa','VA','20041','Junior', 1.93, 15, 910,'Hispanic','Other','Middle Income',15,18, 'Y', 'N', 'Y', 'img/student.jpg', 16);
insert into StudentInterestGroups (InterestGroupID, StudentEntityID)
values (8,503);
insert into StudentInterestGroups (InterestGroupID, StudentEntityID)
values (7,503);
insert into userEntity (UserName, EmailAddress, EntityType)
values ('ScottVenturaA92', 'ScottVenturaA92@spotswood.edu', 'STUD');
insert into student (StudentEntityID, FirstName, LastName, MiddleInitial, StreetAddress, Country,City, State,ZipCode, StudentGradeLevel, StudentGPA, StudentACTScore, StudentSATScore, StudentEthnicity, StudentGender, IncomeLevel, DaysAbsent, HoursOfWorkPlaceExp, StudentAthleteFlag, StudentGraduationTrack, StudentEmploymentFlag, StudentImage,SchoolEntityID)
values (504, 'Scott', 'Ventura', 'A', '2073 Charles Rest Suite 331', 'USA','Strongport','VA','20040','Sophomore', 2.24, 0, 0,'African American','Male','Middle Income',4,17, 'N', 'Y', 'Y', 'img/student.jpg', 14);
insert into StudentInterestGroups (InterestGroupID, StudentEntityID)
values (12,504);
insert into StudentInterestGroups (InterestGroupID, StudentEntityID)
values (2,504);
insert into StudentInterestGroups (InterestGroupID, StudentEntityID)
values (11,504);
insert into StudentInterestGroups (InterestGroupID, StudentEntityID)
values (9,504);
insert into StudentInterestGroups (InterestGroupID, StudentEntityID)
values (6,504);
insert into StudentInterestGroups (InterestGroupID, StudentEntityID)
values (10,504);
insert into StudentInterestGroups (InterestGroupID, StudentEntityID)
values (8,504);
insert into userEntity (UserName, EmailAddress, EntityType)
values ('JamesDurrA141', 'JamesDurrA141@turnerAshby.edu', 'STUD');
insert into student (StudentEntityID, FirstName, LastName, MiddleInitial, StreetAddress, Country,City, State,ZipCode, StudentGradeLevel, StudentGPA, StudentACTScore, StudentSATScore, StudentEthnicity, StudentGender, IncomeLevel, DaysAbsent, HoursOfWorkPlaceExp, StudentAthleteFlag, StudentGraduationTrack, StudentEmploymentFlag, StudentImage,SchoolEntityID)
values (505, 'James', 'Durr', 'A', '4021 Flowers Crest Suite 614', 'USA','Lake Mikaylaberg','VA','20040','Freshmen', 3.07, 0, 0,'Caucasian','Male','Middle Income',1,14, 'N', 'Y', 'N', 'img/student.jpg', 15);
insert into StudentInterestGroups (InterestGroupID, StudentEntityID)
values (12,505);
insert into StudentInterestGroups (InterestGroupID, StudentEntityID)
values (1,505);
insert into StudentInterestGroups (InterestGroupID, StudentEntityID)
values (8,505);
insert into StudentInterestGroups (InterestGroupID, StudentEntityID)
values (5,505);
insert into StudentInterestGroups (InterestGroupID, StudentEntityID)
values (9,505);
insert into userEntity (UserName, EmailAddress, EntityType)
values ('TannerDoranT365', 'TannerDoranT365@Louisa.edu', 'STUD');
insert into student (StudentEntityID, FirstName, LastName, MiddleInitial, StreetAddress, Country,City, State,ZipCode, StudentGradeLevel, StudentGPA, StudentACTScore, StudentSATScore, StudentEthnicity, StudentGender, IncomeLevel, DaysAbsent, HoursOfWorkPlaceExp, StudentAthleteFlag, StudentGraduationTrack, StudentEmploymentFlag, StudentImage,SchoolEntityID)
values (506, 'Tanner', 'Doran', 'T', '630 Cook Estates Apt. 161', 'USA','Robertaland','VA','20040','Sophomore', 1.37, 0, 0,'Not selected or Other','Male','Higher Income',14,3, 'Y', 'N', 'Y', 'img/student.jpg', 12);
insert into StudentInterestGroups (InterestGroupID, StudentEntityID)
values (4,506);
insert into StudentInterestGroups (InterestGroupID, StudentEntityID)
values (12,506);
insert into StudentInterestGroups (InterestGroupID, StudentEntityID)
values (11,506);
insert into StudentInterestGroups (InterestGroupID, StudentEntityID)
values (1,506);
insert into userEntity (UserName, EmailAddress, EntityType)
values ('GeorginaMendezM305', 'GeorginaMendezM305@turnerAshby.edu', 'STUD');
insert into student (StudentEntityID, FirstName, LastName, MiddleInitial, StreetAddress, Country,City, State,ZipCode, StudentGradeLevel, StudentGPA, StudentACTScore, StudentSATScore, StudentEthnicity, StudentGender, IncomeLevel, DaysAbsent, HoursOfWorkPlaceExp, StudentAthleteFlag, StudentGraduationTrack, StudentEmploymentFlag, StudentImage,SchoolEntityID)
values (507, 'Georgina', 'Mendez', 'M', '250 Acosta Brooks Apt. 324', 'USA','Johnborough','VA','20041','Senior', 3.54, 28, 1509,'African American','Female','Higher Income',5,45, 'Y', 'Y', 'N', 'img/student.jpg', 15);
insert into StudentInterestGroups (InterestGroupID, StudentEntityID)
values (2,507);
insert into StudentInterestGroups (InterestGroupID, StudentEntityID)
values (10,507);
insert into userEntity (UserName, EmailAddress, EntityType)
values ('BrendaHeardU332', 'BrendaHeardU332@rockingham.k12.va.us', 'STUD');
insert into student (StudentEntityID, FirstName, LastName, MiddleInitial, StreetAddress, Country,City, State,ZipCode, StudentGradeLevel, StudentGPA, StudentACTScore, StudentSATScore, StudentEthnicity, StudentGender, IncomeLevel, DaysAbsent, HoursOfWorkPlaceExp, StudentAthleteFlag, StudentGraduationTrack, StudentEmploymentFlag, StudentImage,SchoolEntityID)
values (508, 'Brenda', 'Heard', 'U', '67628 Daniel Unions', 'USA','East Jason','VA','20041','Senior', 2.53, 24, 1077,'Asian','Female','Middle Income',0,44, 'Y', 'Y', 'N', 'img/student.jpg', 13);
insert into StudentInterestGroups (InterestGroupID, StudentEntityID)
values (11,508);
insert into StudentInterestGroups (InterestGroupID, StudentEntityID)
values (2,508);
insert into StudentInterestGroups (InterestGroupID, StudentEntityID)
values (6,508);
insert into StudentInterestGroups (InterestGroupID, StudentEntityID)
values (4,508);
insert into StudentInterestGroups (InterestGroupID, StudentEntityID)
values (1,508);
insert into StudentInterestGroups (InterestGroupID, StudentEntityID)
values (12,508);
insert into StudentInterestGroups (InterestGroupID, StudentEntityID)
values (10,508);
insert into userEntity (UserName, EmailAddress, EntityType)
values ('DorisWilliamsM395', 'DorisWilliamsM395@turnerAshby.edu', 'STUD');
insert into student (StudentEntityID, FirstName, LastName, MiddleInitial, StreetAddress, Country,City, State,ZipCode, StudentGradeLevel, StudentGPA, StudentACTScore, StudentSATScore, StudentEthnicity, StudentGender, IncomeLevel, DaysAbsent, HoursOfWorkPlaceExp, StudentAthleteFlag, StudentGraduationTrack, StudentEmploymentFlag, StudentImage,SchoolEntityID)
values (509, 'Doris', 'Williams', 'M', '5430 Nicole Shores Suite 802', 'USA','South Sharon','VA','20040','Sophomore', 1.97, 0, 0,'Hispanic','Female','Higher Income',8,7, 'Y', 'N', 'N', 'img/student.jpg', 15);
insert into StudentInterestGroups (InterestGroupID, StudentEntityID)
values (2,509);
insert into StudentInterestGroups (InterestGroupID, StudentEntityID)
values (1,509);
insert into StudentInterestGroups (InterestGroupID, StudentEntityID)
values (4,509);
insert into StudentInterestGroups (InterestGroupID, StudentEntityID)
values (6,509);
insert into userEntity (UserName, EmailAddress, EntityType)
values ('JeffreyDuguayM570', 'JeffreyDuguayM570@rockingham.k12.va.us', 'STUD');
insert into student (StudentEntityID, FirstName, LastName, MiddleInitial, StreetAddress, Country,City, State,ZipCode, StudentGradeLevel, StudentGPA, StudentACTScore, StudentSATScore, StudentEthnicity, StudentGender, IncomeLevel, DaysAbsent, HoursOfWorkPlaceExp, StudentAthleteFlag, StudentGraduationTrack, StudentEmploymentFlag, StudentImage,SchoolEntityID)
values (510, 'Jeffrey', 'Duguay', 'M', '043 Jeremy Stravenue', 'USA','Jodychester','VA','20041','Senior', 2.88, 33, 1321,'Hispanic','Male','Middle Income',3,36, 'Y', 'Y', 'N', 'img/student.jpg', 13);
insert into StudentInterestGroups (InterestGroupID, StudentEntityID)
values (4,510);
insert into StudentInterestGroups (InterestGroupID, StudentEntityID)
values (10,510);
insert into StudentInterestGroups (InterestGroupID, StudentEntityID)
values (9,510);
insert into StudentInterestGroups (InterestGroupID, StudentEntityID)
values (1,510);
insert into StudentInterestGroups (InterestGroupID, StudentEntityID)
values (6,510);
insert into StudentInterestGroups (InterestGroupID, StudentEntityID)
values (3,510);
insert into StudentInterestGroups (InterestGroupID, StudentEntityID)
values (8,510);
insert into StudentInterestGroups (InterestGroupID, StudentEntityID)
values (2,510);
insert into userEntity (UserName, EmailAddress, EntityType)
values ('CherylHansenY835', 'CherylHansenY835@harrisonburg.edu', 'STUD');
insert into student (StudentEntityID, FirstName, LastName, MiddleInitial, StreetAddress, Country,City, State,ZipCode, StudentGradeLevel, StudentGPA, StudentACTScore, StudentSATScore, StudentEthnicity, StudentGender, IncomeLevel, DaysAbsent, HoursOfWorkPlaceExp, StudentAthleteFlag, StudentGraduationTrack, StudentEmploymentFlag, StudentImage,SchoolEntityID)
values (511, 'Cheryl', 'Hansen', 'Y', '653 Schmidt Tunnel', 'USA','South Zachary','VA','20040','Junior', 3.2, 24, 1312,'Hispanic','Female','Middle Income',5,31, 'Y', 'Y', 'N', 'img/student.jpg', 17);
insert into StudentInterestGroups (InterestGroupID, StudentEntityID)
values (3,511);
insert into StudentInterestGroups (InterestGroupID, StudentEntityID)
values (2,511);
insert into StudentInterestGroups (InterestGroupID, StudentEntityID)
values (9,511);
insert into StudentInterestGroups (InterestGroupID, StudentEntityID)
values (4,511);
insert into StudentInterestGroups (InterestGroupID, StudentEntityID)
values (7,511);
insert into userEntity (UserName, EmailAddress, EntityType)
values ('EvanStraleyI629', 'EvanStraleyI629@rockingham.k12.va.us', 'STUD');
insert into student (StudentEntityID, FirstName, LastName, MiddleInitial, StreetAddress, Country,City, State,ZipCode, StudentGradeLevel, StudentGPA, StudentACTScore, StudentSATScore, StudentEthnicity, StudentGender, IncomeLevel, DaysAbsent, HoursOfWorkPlaceExp, StudentAthleteFlag, StudentGraduationTrack, StudentEmploymentFlag, StudentImage,SchoolEntityID)
values (512, 'Evan', 'Straley', 'I', '09139 Luke Roads', 'USA','East Codybury','VA','20040','Freshmen', 2.35, 0, 0,'Caucasian','Male','Lower Income',5,7, 'Y', 'Y', 'N', 'img/student.jpg', 13);
insert into StudentInterestGroups (InterestGroupID, StudentEntityID)
values (5,512);
insert into StudentInterestGroups (InterestGroupID, StudentEntityID)
values (1,512);
insert into StudentInterestGroups (InterestGroupID, StudentEntityID)
values (6,512);
insert into StudentInterestGroups (InterestGroupID, StudentEntityID)
values (4,512);
insert into StudentInterestGroups (InterestGroupID, StudentEntityID)
values (12,512);
insert into userEntity (UserName, EmailAddress, EntityType)
values ('CharlesCordovaC42', 'CharlesCordovaC42@harrisonburg.edu', 'STUD');
insert into student (StudentEntityID, FirstName, LastName, MiddleInitial, StreetAddress, Country,City, State,ZipCode, StudentGradeLevel, StudentGPA, StudentACTScore, StudentSATScore, StudentEthnicity, StudentGender, IncomeLevel, DaysAbsent, HoursOfWorkPlaceExp, StudentAthleteFlag, StudentGraduationTrack, StudentEmploymentFlag, StudentImage,SchoolEntityID)
values (513, 'Charles', 'Cordova', 'C', '543 Sydney Wells', 'USA','Port Anneberg','VA','20040','Sophomore', 1.74, 0, 0,'Caucasian','Male','Middle Income',14,10, 'N', 'N', 'Y', 'img/student.jpg', 17);
insert into StudentInterestGroups (InterestGroupID, StudentEntityID)
values (2,513);
insert into StudentInterestGroups (InterestGroupID, StudentEntityID)
values (3,513);
insert into StudentInterestGroups (InterestGroupID, StudentEntityID)
values (11,513);
insert into StudentInterestGroups (InterestGroupID, StudentEntityID)
values (6,513);
insert into StudentInterestGroups (InterestGroupID, StudentEntityID)
values (4,513);
insert into userEntity (UserName, EmailAddress, EntityType)
values ('JohnBlanchardI718', 'JohnBlanchardI718@rockingham.k12.va.us', 'STUD');
insert into student (StudentEntityID, FirstName, LastName, MiddleInitial, StreetAddress, Country,City, State,ZipCode, StudentGradeLevel, StudentGPA, StudentACTScore, StudentSATScore, StudentEthnicity, StudentGender, IncomeLevel, DaysAbsent, HoursOfWorkPlaceExp, StudentAthleteFlag, StudentGraduationTrack, StudentEmploymentFlag, StudentImage,SchoolEntityID)
values (514, 'John', 'Blanchard', 'I', '4677 Crystal Bypass', 'USA','North Daniel','VA','20040','Senior', 1.08, 16, 959,'Caucasian','Other','Lower Income',14,16, 'Y', 'N', 'N', 'img/student.jpg', 13);
insert into StudentInterestGroups (InterestGroupID, StudentEntityID)
values (6,514);
insert into StudentInterestGroups (InterestGroupID, StudentEntityID)
values (11,514);
insert into StudentInterestGroups (InterestGroupID, StudentEntityID)
values (5,514);
insert into StudentInterestGroups (InterestGroupID, StudentEntityID)
values (4,514);
insert into StudentInterestGroups (InterestGroupID, StudentEntityID)
values (7,514);
insert into StudentInterestGroups (InterestGroupID, StudentEntityID)
values (2,514);
insert into StudentInterestGroups (InterestGroupID, StudentEntityID)
values (9,514);
insert into userEntity (UserName, EmailAddress, EntityType)
values ('JeffreyHodgesG343', 'JeffreyHodgesG343@harrisonburg.edu', 'STUD');
insert into student (StudentEntityID, FirstName, LastName, MiddleInitial, StreetAddress, Country,City, State,ZipCode, StudentGradeLevel, StudentGPA, StudentACTScore, StudentSATScore, StudentEthnicity, StudentGender, IncomeLevel, DaysAbsent, HoursOfWorkPlaceExp, StudentAthleteFlag, StudentGraduationTrack, StudentEmploymentFlag, StudentImage,SchoolEntityID)
values (515, 'Jeffrey', 'Hodges', 'G', '8789 Daniel Glen', 'USA','Devinberg','VA','20041','Junior', 3.19, 33, 1172,'African American','Other','Middle Income',3,29, 'N', 'Y', 'N', 'img/student.jpg', 17);
insert into StudentInterestGroups (InterestGroupID, StudentEntityID)
values (4,515);
insert into StudentInterestGroups (InterestGroupID, StudentEntityID)
values (3,515);
insert into StudentInterestGroups (InterestGroupID, StudentEntityID)
values (11,515);
insert into userEntity (UserName, EmailAddress, EntityType)
values ('VirginiaFraileyN947', 'VirginiaFraileyN947@broadway.edu', 'STUD');
insert into student (StudentEntityID, FirstName, LastName, MiddleInitial, StreetAddress, Country,City, State,ZipCode, StudentGradeLevel, StudentGPA, StudentACTScore, StudentSATScore, StudentEthnicity, StudentGender, IncomeLevel, DaysAbsent, HoursOfWorkPlaceExp, StudentAthleteFlag, StudentGraduationTrack, StudentEmploymentFlag, StudentImage,SchoolEntityID)
values (516, 'Virginia', 'Frailey', 'N', '01770 Meghan Locks Suite 633', 'USA','Donaldtown','VA','20041','Sophomore', 3.02, 0, 0,'Caucasian','Other','Lower Income',4,23, 'N', 'Y', 'Y', 'img/student.jpg', 16);
insert into StudentInterestGroups (InterestGroupID, StudentEntityID)
values (2,516);
insert into StudentInterestGroups (InterestGroupID, StudentEntityID)
values (5,516);
insert into StudentInterestGroups (InterestGroupID, StudentEntityID)
values (12,516);
insert into StudentInterestGroups (InterestGroupID, StudentEntityID)
values (4,516);
insert into StudentInterestGroups (InterestGroupID, StudentEntityID)
values (6,516);
insert into StudentInterestGroups (InterestGroupID, StudentEntityID)
values (10,516);
insert into StudentInterestGroups (InterestGroupID, StudentEntityID)
values (8,516);
insert into StudentInterestGroups (InterestGroupID, StudentEntityID)
values (1,516);
insert into userEntity (UserName, EmailAddress, EntityType)
values ('DonnaOwensZ360', 'DonnaOwensZ360@Louisa.edu', 'STUD');
insert into student (StudentEntityID, FirstName, LastName, MiddleInitial, StreetAddress, Country,City, State,ZipCode, StudentGradeLevel, StudentGPA, StudentACTScore, StudentSATScore, StudentEthnicity, StudentGender, IncomeLevel, DaysAbsent, HoursOfWorkPlaceExp, StudentAthleteFlag, StudentGraduationTrack, StudentEmploymentFlag, StudentImage,SchoolEntityID)
values (517, 'Donna', 'Owens', 'Z', '3921 Gardner Parks', 'USA','Wallacehaven','VA','20040','Junior', 1.38, 17, 864,'Caucasian','Female','Higher Income',15,19, 'Y', 'N', 'Y', 'img/student.jpg', 12);
insert into StudentInterestGroups (InterestGroupID, StudentEntityID)
values (10,517);
insert into StudentInterestGroups (InterestGroupID, StudentEntityID)
values (5,517);
insert into StudentInterestGroups (InterestGroupID, StudentEntityID)
values (12,517);
insert into userEntity (UserName, EmailAddress, EntityType)
values ('KenyaZunigaH666', 'KenyaZunigaH666@harrisonburg.edu', 'STUD');
insert into student (StudentEntityID, FirstName, LastName, MiddleInitial, StreetAddress, Country,City, State,ZipCode, StudentGradeLevel, StudentGPA, StudentACTScore, StudentSATScore, StudentEthnicity, StudentGender, IncomeLevel, DaysAbsent, HoursOfWorkPlaceExp, StudentAthleteFlag, StudentGraduationTrack, StudentEmploymentFlag, StudentImage,SchoolEntityID)
values (518, 'Kenya', 'Zuniga', 'H', '8878 Rhonda Vista Suite 978', 'USA','West Dawn','VA','20040','Sophomore', 2.89, 0, 0,'African American','Female','Middle Income',4,15, 'N', 'Y', 'Y', 'img/student.jpg', 17);
insert into StudentInterestGroups (InterestGroupID, StudentEntityID)
values (11,518);
insert into userEntity (UserName, EmailAddress, EntityType)
values ('LindaGregoryK584', 'LindaGregoryK584@spotswood.edu', 'STUD');
insert into student (StudentEntityID, FirstName, LastName, MiddleInitial, StreetAddress, Country,City, State,ZipCode, StudentGradeLevel, StudentGPA, StudentACTScore, StudentSATScore, StudentEthnicity, StudentGender, IncomeLevel, DaysAbsent, HoursOfWorkPlaceExp, StudentAthleteFlag, StudentGraduationTrack, StudentEmploymentFlag, StudentImage,SchoolEntityID)
values (519, 'Linda', 'Gregory', 'K', '04262 Martin Groves Apt. 207', 'USA','Mosesburgh','VA','20041','Junior', 3.23, 33, 1140,'Caucasian','Female','Lower Income',4,29, 'N', 'Y', 'Y', 'img/student.jpg', 14);
insert into StudentInterestGroups (InterestGroupID, StudentEntityID)
values (7,519);
insert into StudentInterestGroups (InterestGroupID, StudentEntityID)
values (6,519);
insert into StudentInterestGroups (InterestGroupID, StudentEntityID)
values (8,519);
insert into StudentInterestGroups (InterestGroupID, StudentEntityID)
values (5,519);
insert into StudentInterestGroups (InterestGroupID, StudentEntityID)
values (3,519);
insert into StudentInterestGroups (InterestGroupID, StudentEntityID)
values (2,519);
insert into StudentInterestGroups (InterestGroupID, StudentEntityID)
values (1,519);
insert into StudentInterestGroups (InterestGroupID, StudentEntityID)
values (4,519);
insert into userEntity (UserName, EmailAddress, EntityType)
values ('RichardVaughanL916', 'RichardVaughanL916@harrisonburg.edu', 'STUD');
insert into student (StudentEntityID, FirstName, LastName, MiddleInitial, StreetAddress, Country,City, State,ZipCode, StudentGradeLevel, StudentGPA, StudentACTScore, StudentSATScore, StudentEthnicity, StudentGender, IncomeLevel, DaysAbsent, HoursOfWorkPlaceExp, StudentAthleteFlag, StudentGraduationTrack, StudentEmploymentFlag, StudentImage,SchoolEntityID)
values (520, 'Richard', 'Vaughan', 'L', '5501 Aguirre Avenue Suite 594', 'USA','Michaelside','VA','20040','Junior', 3.78, 33, 1272,'Caucasian','Male','Middle Income',2,33, 'Y', 'Y', 'N', 'img/student.jpg', 17);
insert into StudentInterestGroups (InterestGroupID, StudentEntityID)
values (12,520);
insert into StudentInterestGroups (InterestGroupID, StudentEntityID)
values (7,520);
insert into StudentInterestGroups (InterestGroupID, StudentEntityID)
values (3,520);
insert into StudentInterestGroups (InterestGroupID, StudentEntityID)
values (10,520);
insert into StudentInterestGroups (InterestGroupID, StudentEntityID)
values (5,520);
insert into StudentInterestGroups (InterestGroupID, StudentEntityID)
values (6,520);
insert into StudentInterestGroups (InterestGroupID, StudentEntityID)
values (1,520);
insert into userEntity (UserName, EmailAddress, EntityType)
values ('JeanetteGilleyU868', 'JeanetteGilleyU868@harrisonburg.edu', 'STUD');
insert into student (StudentEntityID, FirstName, LastName, MiddleInitial, StreetAddress, Country,City, State,ZipCode, StudentGradeLevel, StudentGPA, StudentACTScore, StudentSATScore, StudentEthnicity, StudentGender, IncomeLevel, DaysAbsent, HoursOfWorkPlaceExp, StudentAthleteFlag, StudentGraduationTrack, StudentEmploymentFlag, StudentImage,SchoolEntityID)
values (521, 'Jeanette', 'Gilley', 'U', '959 Jamie Green Suite 860', 'USA','North Judyburgh','VA','20040','Freshmen', 3.89, 0, 0,'African American','Female','Middle Income',2,20, 'Y', 'Y', 'N', 'img/student.jpg', 17);
insert into StudentInterestGroups (InterestGroupID, StudentEntityID)
values (3,521);
insert into StudentInterestGroups (InterestGroupID, StudentEntityID)
values (4,521);
insert into StudentInterestGroups (InterestGroupID, StudentEntityID)
values (10,521);
insert into userEntity (UserName, EmailAddress, EntityType)
values ('NatalieJordanG443', 'NatalieJordanG443@rockingham.k12.va.us', 'STUD');
insert into student (StudentEntityID, FirstName, LastName, MiddleInitial, StreetAddress, Country,City, State,ZipCode, StudentGradeLevel, StudentGPA, StudentACTScore, StudentSATScore, StudentEthnicity, StudentGender, IncomeLevel, DaysAbsent, HoursOfWorkPlaceExp, StudentAthleteFlag, StudentGraduationTrack, StudentEmploymentFlag, StudentImage,SchoolEntityID)
values (522, 'Natalie', 'Jordan', 'G', '31018 Steven Ways', 'USA','Randyton','VA','20040','Freshmen', 3.1, 0, 0,'Hispanic','Female','Middle Income',0,16, 'N', 'Y', 'Y', 'img/student.jpg', 13);
insert into StudentInterestGroups (InterestGroupID, StudentEntityID)
values (11,522);
insert into userEntity (UserName, EmailAddress, EntityType)
values ('KevinGainerB835', 'KevinGainerB835@rockingham.k12.va.us', 'STUD');
insert into student (StudentEntityID, FirstName, LastName, MiddleInitial, StreetAddress, Country,City, State,ZipCode, StudentGradeLevel, StudentGPA, StudentACTScore, StudentSATScore, StudentEthnicity, StudentGender, IncomeLevel, DaysAbsent, HoursOfWorkPlaceExp, StudentAthleteFlag, StudentGraduationTrack, StudentEmploymentFlag, StudentImage,SchoolEntityID)
values (523, 'Kevin', 'Gainer', 'B', '95575 Emily Meadow', 'USA','Larryfort','VA','20041','Senior', 2.75, 29, 1383,'Not selected or Other','Male','Middle Income',1,34, 'Y', 'Y', 'Y', 'img/student.jpg', 13);
insert into StudentInterestGroups (InterestGroupID, StudentEntityID)
values (1,523);
insert into userEntity (UserName, EmailAddress, EntityType)
values ('RobertRodriguezO308', 'RobertRodriguezO308@rockingham.k12.va.us', 'STUD');
insert into student (StudentEntityID, FirstName, LastName, MiddleInitial, StreetAddress, Country,City, State,ZipCode, StudentGradeLevel, StudentGPA, StudentACTScore, StudentSATScore, StudentEthnicity, StudentGender, IncomeLevel, DaysAbsent, HoursOfWorkPlaceExp, StudentAthleteFlag, StudentGraduationTrack, StudentEmploymentFlag, StudentImage,SchoolEntityID)
values (524, 'Robert', 'Rodriguez', 'O', '85424 Harris Orchard', 'USA','Munozborough','VA','20041','Senior', 3.19, 24, 1458,'Hispanic','Male','Lower Income',1,42, 'Y', 'Y', 'Y', 'img/student.jpg', 13);
insert into StudentInterestGroups (InterestGroupID, StudentEntityID)
values (6,524);
insert into StudentInterestGroups (InterestGroupID, StudentEntityID)
values (3,524);
insert into StudentInterestGroups (InterestGroupID, StudentEntityID)
values (12,524);
insert into StudentInterestGroups (InterestGroupID, StudentEntityID)
values (10,524);
insert into StudentInterestGroups (InterestGroupID, StudentEntityID)
values (9,524);
insert into StudentInterestGroups (InterestGroupID, StudentEntityID)
values (7,524);
insert into StudentInterestGroups (InterestGroupID, StudentEntityID)
values (8,524);
insert into userEntity (UserName, EmailAddress, EntityType)
values ('SalvadorJenkinsL410', 'SalvadorJenkinsL410@rockingham.k12.va.us', 'STUD');
insert into student (StudentEntityID, FirstName, LastName, MiddleInitial, StreetAddress, Country,City, State,ZipCode, StudentGradeLevel, StudentGPA, StudentACTScore, StudentSATScore, StudentEthnicity, StudentGender, IncomeLevel, DaysAbsent, HoursOfWorkPlaceExp, StudentAthleteFlag, StudentGraduationTrack, StudentEmploymentFlag, StudentImage,SchoolEntityID)
values (525, 'Salvador', 'Jenkins', 'L', '3142 Wells Bypass Apt. 725', 'USA','South Bethanyburgh','VA','20041','Senior', 1.28, 12, 734,'Caucasian','Other','Middle Income',14,20, 'Y', 'N', 'Y', 'img/student.jpg', 13);
insert into StudentInterestGroups (InterestGroupID, StudentEntityID)
values (8,525);
insert into StudentInterestGroups (InterestGroupID, StudentEntityID)
values (9,525);
insert into StudentInterestGroups (InterestGroupID, StudentEntityID)
values (12,525);
insert into StudentInterestGroups (InterestGroupID, StudentEntityID)
values (2,525);
insert into userEntity (UserName, EmailAddress, EntityType)
values ('MarionFrohmanD554', 'MarionFrohmanD554@broadway.edu', 'STUD');
insert into student (StudentEntityID, FirstName, LastName, MiddleInitial, StreetAddress, Country,City, State,ZipCode, StudentGradeLevel, StudentGPA, StudentACTScore, StudentSATScore, StudentEthnicity, StudentGender, IncomeLevel, DaysAbsent, HoursOfWorkPlaceExp, StudentAthleteFlag, StudentGraduationTrack, StudentEmploymentFlag, StudentImage,SchoolEntityID)
values (526, 'Marion', 'Frohman', 'D', '76486 Shelby Square Apt. 424', 'USA','Maxwellton','VA','20040','Senior', 2.37, 16, 857,'Caucasian','Female','Middle Income',6,28, 'N', 'Y', 'N', 'img/student.jpg', 16);
insert into StudentInterestGroups (InterestGroupID, StudentEntityID)
values (4,526);
insert into StudentInterestGroups (InterestGroupID, StudentEntityID)
values (8,526);
insert into StudentInterestGroups (InterestGroupID, StudentEntityID)
values (2,526);
insert into StudentInterestGroups (InterestGroupID, StudentEntityID)
values (1,526);
insert into StudentInterestGroups (InterestGroupID, StudentEntityID)
values (10,526);
insert into StudentInterestGroups (InterestGroupID, StudentEntityID)
values (12,526);
insert into StudentInterestGroups (InterestGroupID, StudentEntityID)
values (5,526);
insert into userEntity (UserName, EmailAddress, EntityType)
values ('AlfredoViesselmanC525', 'AlfredoViesselmanC525@broadway.edu', 'STUD');
insert into student (StudentEntityID, FirstName, LastName, MiddleInitial, StreetAddress, Country,City, State,ZipCode, StudentGradeLevel, StudentGPA, StudentACTScore, StudentSATScore, StudentEthnicity, StudentGender, IncomeLevel, DaysAbsent, HoursOfWorkPlaceExp, StudentAthleteFlag, StudentGraduationTrack, StudentEmploymentFlag, StudentImage,SchoolEntityID)
values (527, 'Alfredo', 'Viesselman', 'C', '700 Scott Knoll Suite 599', 'USA','Port John','VA','20040','Junior', 3.88, 31, 1231,'Hispanic','Male','Middle Income',5,33, 'Y', 'Y', 'Y', 'img/student.jpg', 16);
insert into StudentInterestGroups (InterestGroupID, StudentEntityID)
values (3,527);
insert into StudentInterestGroups (InterestGroupID, StudentEntityID)
values (7,527);
insert into StudentInterestGroups (InterestGroupID, StudentEntityID)
values (1,527);
insert into StudentInterestGroups (InterestGroupID, StudentEntityID)
values (8,527);
insert into StudentInterestGroups (InterestGroupID, StudentEntityID)
values (4,527);
insert into StudentInterestGroups (InterestGroupID, StudentEntityID)
values (5,527);
insert into StudentInterestGroups (InterestGroupID, StudentEntityID)
values (10,527);
insert into StudentInterestGroups (InterestGroupID, StudentEntityID)
values (11,527);
insert into userEntity (UserName, EmailAddress, EntityType)
values ('GeorgeAllenK388', 'GeorgeAllenK388@Louisa.edu', 'STUD');
insert into student (StudentEntityID, FirstName, LastName, MiddleInitial, StreetAddress, Country,City, State,ZipCode, StudentGradeLevel, StudentGPA, StudentACTScore, StudentSATScore, StudentEthnicity, StudentGender, IncomeLevel, DaysAbsent, HoursOfWorkPlaceExp, StudentAthleteFlag, StudentGraduationTrack, StudentEmploymentFlag, StudentImage,SchoolEntityID)
values (528, 'George', 'Allen', 'K', '81998 Blackburn Isle', 'USA','East Blake','VA','20040','Junior', 1.97, 16, 976,'Asian','Male','Lower Income',13,16, 'N', 'N', 'N', 'img/student.jpg', 12);
insert into StudentInterestGroups (InterestGroupID, StudentEntityID)
values (11,528);
insert into StudentInterestGroups (InterestGroupID, StudentEntityID)
values (7,528);
insert into StudentInterestGroups (InterestGroupID, StudentEntityID)
values (12,528);
insert into StudentInterestGroups (InterestGroupID, StudentEntityID)
values (1,528);
insert into StudentInterestGroups (InterestGroupID, StudentEntityID)
values (10,528);
insert into StudentInterestGroups (InterestGroupID, StudentEntityID)
values (4,528);
insert into userEntity (UserName, EmailAddress, EntityType)
values ('HenryStokesF500', 'HenryStokesF500@rockingham.k12.va.us', 'STUD');
insert into student (StudentEntityID, FirstName, LastName, MiddleInitial, StreetAddress, Country,City, State,ZipCode, StudentGradeLevel, StudentGPA, StudentACTScore, StudentSATScore, StudentEthnicity, StudentGender, IncomeLevel, DaysAbsent, HoursOfWorkPlaceExp, StudentAthleteFlag, StudentGraduationTrack, StudentEmploymentFlag, StudentImage,SchoolEntityID)
values (529, 'Henry', 'Stokes', 'F', '9898 Julie Brook Apt. 575', 'USA','Port Josephmouth','VA','20040','Freshmen', 2.76, 0, 0,'Caucasian','Other','Middle Income',3,19, 'N', 'Y', 'N', 'img/student.jpg', 13);
insert into StudentInterestGroups (InterestGroupID, StudentEntityID)
values (5,529);
insert into StudentInterestGroups (InterestGroupID, StudentEntityID)
values (7,529);
insert into userEntity (UserName, EmailAddress, EntityType)
values ('PeterDansonT350', 'PeterDansonT350@turnerAshby.edu', 'STUD');
insert into student (StudentEntityID, FirstName, LastName, MiddleInitial, StreetAddress, Country,City, State,ZipCode, StudentGradeLevel, StudentGPA, StudentACTScore, StudentSATScore, StudentEthnicity, StudentGender, IncomeLevel, DaysAbsent, HoursOfWorkPlaceExp, StudentAthleteFlag, StudentGraduationTrack, StudentEmploymentFlag, StudentImage,SchoolEntityID)
values (530, 'Peter', 'Danson', 'T', '070 Karen Terrace Apt. 567', 'USA','Morristown','VA','20040','Senior', 2.92, 28, 1219,'Caucasian','Male','Middle Income',3,42, 'Y', 'Y', 'Y', 'img/student.jpg', 15);
insert into StudentInterestGroups (InterestGroupID, StudentEntityID)
values (7,530);
insert into StudentInterestGroups (InterestGroupID, StudentEntityID)
values (10,530);
insert into StudentInterestGroups (InterestGroupID, StudentEntityID)
values (2,530);
insert into StudentInterestGroups (InterestGroupID, StudentEntityID)
values (8,530);
insert into StudentInterestGroups (InterestGroupID, StudentEntityID)
values (6,530);
insert into StudentInterestGroups (InterestGroupID, StudentEntityID)
values (4,530);
insert into StudentInterestGroups (InterestGroupID, StudentEntityID)
values (3,530);
insert into StudentInterestGroups (InterestGroupID, StudentEntityID)
values (5,530);
insert into userEntity (UserName, EmailAddress, EntityType)
values ('OmerCosmeJ476', 'OmerCosmeJ476@rockingham.k12.va.us', 'STUD');
insert into student (StudentEntityID, FirstName, LastName, MiddleInitial, StreetAddress, Country,City, State,ZipCode, StudentGradeLevel, StudentGPA, StudentACTScore, StudentSATScore, StudentEthnicity, StudentGender, IncomeLevel, DaysAbsent, HoursOfWorkPlaceExp, StudentAthleteFlag, StudentGraduationTrack, StudentEmploymentFlag, StudentImage,SchoolEntityID)
values (531, 'Omer', 'Cosme', 'J', '83810 Tara Road', 'USA','West Sean','VA','20041','Senior', 2.61, 33, 1451,'Hispanic','Male','Middle Income',7,38, 'N', 'Y', 'N', 'img/student.jpg', 13);
insert into StudentInterestGroups (InterestGroupID, StudentEntityID)
values (11,531);
insert into StudentInterestGroups (InterestGroupID, StudentEntityID)
values (12,531);
insert into StudentInterestGroups (InterestGroupID, StudentEntityID)
values (1,531);
insert into StudentInterestGroups (InterestGroupID, StudentEntityID)
values (8,531);
insert into StudentInterestGroups (InterestGroupID, StudentEntityID)
values (2,531);
insert into StudentInterestGroups (InterestGroupID, StudentEntityID)
values (4,531);
insert into StudentInterestGroups (InterestGroupID, StudentEntityID)
values (6,531);
insert into StudentInterestGroups (InterestGroupID, StudentEntityID)
values (3,531);
insert into userEntity (UserName, EmailAddress, EntityType)
values ('MadgeCrowX689', 'MadgeCrowX689@harrisonburg.edu', 'STUD');
insert into student (StudentEntityID, FirstName, LastName, MiddleInitial, StreetAddress, Country,City, State,ZipCode, StudentGradeLevel, StudentGPA, StudentACTScore, StudentSATScore, StudentEthnicity, StudentGender, IncomeLevel, DaysAbsent, HoursOfWorkPlaceExp, StudentAthleteFlag, StudentGraduationTrack, StudentEmploymentFlag, StudentImage,SchoolEntityID)
values (532, 'Madge', 'Crow', 'X', '4223 Angela Expressway', 'USA','Jameston','VA','20040','Senior', 3.84, 27, 1426,'Caucasian','Female','Middle Income',2,37, 'Y', 'Y', 'N', 'img/student.jpg', 17);
insert into StudentInterestGroups (InterestGroupID, StudentEntityID)
values (3,532);
insert into StudentInterestGroups (InterestGroupID, StudentEntityID)
values (1,532);
insert into StudentInterestGroups (InterestGroupID, StudentEntityID)
values (7,532);
insert into StudentInterestGroups (InterestGroupID, StudentEntityID)
values (2,532);
insert into userEntity (UserName, EmailAddress, EntityType)
values ('BeatriceDeemQ799', 'BeatriceDeemQ799@rockingham.k12.va.us', 'STUD');
insert into student (StudentEntityID, FirstName, LastName, MiddleInitial, StreetAddress, Country,City, State,ZipCode, StudentGradeLevel, StudentGPA, StudentACTScore, StudentSATScore, StudentEthnicity, StudentGender, IncomeLevel, DaysAbsent, HoursOfWorkPlaceExp, StudentAthleteFlag, StudentGraduationTrack, StudentEmploymentFlag, StudentImage,SchoolEntityID)
values (533, 'Beatrice', 'Deem', 'Q', '97993 John Mission', 'USA','South Jamesberg','VA','20040','Junior', 2.62, 32, 1520,'Caucasian','Female','Lower Income',2,22, 'N', 'Y', 'N', 'img/student.jpg', 13);
insert into StudentInterestGroups (InterestGroupID, StudentEntityID)
values (1,533);
insert into StudentInterestGroups (InterestGroupID, StudentEntityID)
values (3,533);
insert into StudentInterestGroups (InterestGroupID, StudentEntityID)
values (2,533);
insert into StudentInterestGroups (InterestGroupID, StudentEntityID)
values (11,533);
insert into userEntity (UserName, EmailAddress, EntityType)
values ('BillyRobinsV750', 'BillyRobinsV750@Louisa.edu', 'STUD');
insert into student (StudentEntityID, FirstName, LastName, MiddleInitial, StreetAddress, Country,City, State,ZipCode, StudentGradeLevel, StudentGPA, StudentACTScore, StudentSATScore, StudentEthnicity, StudentGender, IncomeLevel, DaysAbsent, HoursOfWorkPlaceExp, StudentAthleteFlag, StudentGraduationTrack, StudentEmploymentFlag, StudentImage,SchoolEntityID)
values (534, 'Billy', 'Robins', 'V', '37528 Christopher Meadow', 'USA','Amyshire','VA','20040','Senior', 3.57, 26, 1552,'Caucasian','Male','Lower Income',0,37, 'Y', 'Y', 'N', 'img/student.jpg', 12);
insert into StudentInterestGroups (InterestGroupID, StudentEntityID)
values (7,534);
insert into StudentInterestGroups (InterestGroupID, StudentEntityID)
values (8,534);
insert into StudentInterestGroups (InterestGroupID, StudentEntityID)
values (5,534);
insert into StudentInterestGroups (InterestGroupID, StudentEntityID)
values (2,534);
insert into StudentInterestGroups (InterestGroupID, StudentEntityID)
values (9,534);
insert into StudentInterestGroups (InterestGroupID, StudentEntityID)
values (1,534);
insert into StudentInterestGroups (InterestGroupID, StudentEntityID)
values (6,534);
insert into userEntity (UserName, EmailAddress, EntityType)
values ('RobinKlopfensteinM102', 'RobinKlopfensteinM102@broadway.edu', 'STUD');
insert into student (StudentEntityID, FirstName, LastName, MiddleInitial, StreetAddress, Country,City, State,ZipCode, StudentGradeLevel, StudentGPA, StudentACTScore, StudentSATScore, StudentEthnicity, StudentGender, IncomeLevel, DaysAbsent, HoursOfWorkPlaceExp, StudentAthleteFlag, StudentGraduationTrack, StudentEmploymentFlag, StudentImage,SchoolEntityID)
values (535, 'Robin', 'Klopfenstein', 'M', '6068 Rodriguez Greens Apt. 545', 'USA','Randallbury','VA','20040','Junior', 1.44, 20, 1002,'Hispanic','Male','Middle Income',13,15, 'Y', 'N', 'Y', 'img/student.jpg', 16);
insert into StudentInterestGroups (InterestGroupID, StudentEntityID)
values (4,535);
insert into StudentInterestGroups (InterestGroupID, StudentEntityID)
values (1,535);
insert into StudentInterestGroups (InterestGroupID, StudentEntityID)
values (10,535);
insert into StudentInterestGroups (InterestGroupID, StudentEntityID)
values (6,535);
insert into StudentInterestGroups (InterestGroupID, StudentEntityID)
values (5,535);
insert into StudentInterestGroups (InterestGroupID, StudentEntityID)
values (8,535);
insert into userEntity (UserName, EmailAddress, EntityType)
values ('OscarPerezO191', 'OscarPerezO191@rockingham.k12.va.us', 'STUD');
insert into student (StudentEntityID, FirstName, LastName, MiddleInitial, StreetAddress, Country,City, State,ZipCode, StudentGradeLevel, StudentGPA, StudentACTScore, StudentSATScore, StudentEthnicity, StudentGender, IncomeLevel, DaysAbsent, HoursOfWorkPlaceExp, StudentAthleteFlag, StudentGraduationTrack, StudentEmploymentFlag, StudentImage,SchoolEntityID)
values (536, 'Oscar', 'Perez', 'O', '6611 Whitney Lake Suite 588', 'USA','North Connie','VA','20041','Sophomore', 2.64, 0, 0,'Caucasian','Male','Middle Income',7,21, 'Y', 'Y', 'N', 'img/student.jpg', 13);
insert into StudentInterestGroups (InterestGroupID, StudentEntityID)
values (3,536);
insert into userEntity (UserName, EmailAddress, EntityType)
values ('LaurieJoecksB25', 'LaurieJoecksB25@harrisonburg.edu', 'STUD');
insert into student (StudentEntityID, FirstName, LastName, MiddleInitial, StreetAddress, Country,City, State,ZipCode, StudentGradeLevel, StudentGPA, StudentACTScore, StudentSATScore, StudentEthnicity, StudentGender, IncomeLevel, DaysAbsent, HoursOfWorkPlaceExp, StudentAthleteFlag, StudentGraduationTrack, StudentEmploymentFlag, StudentImage,SchoolEntityID)
values (537, 'Laurie', 'Joecks', 'B', '738 Benjamin Summit', 'USA','Port Johnport','VA','20040','Freshmen', 2.5, 0, 0,'Caucasian','Female','Middle Income',4,17, 'Y', 'Y', 'N', 'img/student.jpg', 17);
insert into StudentInterestGroups (InterestGroupID, StudentEntityID)
values (11,537);
insert into StudentInterestGroups (InterestGroupID, StudentEntityID)
values (5,537);
insert into StudentInterestGroups (InterestGroupID, StudentEntityID)
values (2,537);
insert into StudentInterestGroups (InterestGroupID, StudentEntityID)
values (6,537);
insert into StudentInterestGroups (InterestGroupID, StudentEntityID)
values (4,537);
insert into StudentInterestGroups (InterestGroupID, StudentEntityID)
values (9,537);
insert into StudentInterestGroups (InterestGroupID, StudentEntityID)
values (8,537);
insert into userEntity (UserName, EmailAddress, EntityType)
values ('TonaMcneilV181', 'TonaMcneilV181@Louisa.edu', 'STUD');
insert into student (StudentEntityID, FirstName, LastName, MiddleInitial, StreetAddress, Country,City, State,ZipCode, StudentGradeLevel, StudentGPA, StudentACTScore, StudentSATScore, StudentEthnicity, StudentGender, IncomeLevel, DaysAbsent, HoursOfWorkPlaceExp, StudentAthleteFlag, StudentGraduationTrack, StudentEmploymentFlag, StudentImage,SchoolEntityID)
values (538, 'Tona', 'Mcneil', 'V', '65613 Salazar Roads Suite 798', 'USA','Port Roberthaven','VA','20041','Sophomore', 1.41, 0, 0,'Caucasian','Female','Lower Income',13,3, 'Y', 'N', 'N', 'img/student.jpg', 12);
insert into StudentInterestGroups (InterestGroupID, StudentEntityID)
values (10,538);
insert into StudentInterestGroups (InterestGroupID, StudentEntityID)
values (6,538);
insert into StudentInterestGroups (InterestGroupID, StudentEntityID)
values (2,538);
insert into StudentInterestGroups (InterestGroupID, StudentEntityID)
values (4,538);
insert into StudentInterestGroups (InterestGroupID, StudentEntityID)
values (1,538);
insert into StudentInterestGroups (InterestGroupID, StudentEntityID)
values (8,538);
insert into StudentInterestGroups (InterestGroupID, StudentEntityID)
values (9,538);
insert into userEntity (UserName, EmailAddress, EntityType)
values ('IreneRayM708', 'IreneRayM708@spotswood.edu', 'STUD');
insert into student (StudentEntityID, FirstName, LastName, MiddleInitial, StreetAddress, Country,City, State,ZipCode, StudentGradeLevel, StudentGPA, StudentACTScore, StudentSATScore, StudentEthnicity, StudentGender, IncomeLevel, DaysAbsent, HoursOfWorkPlaceExp, StudentAthleteFlag, StudentGraduationTrack, StudentEmploymentFlag, StudentImage,SchoolEntityID)
values (539, 'Irene', 'Ray', 'M', '6670 Mendoza Plaza Suite 907', 'USA','Ortizton','VA','20040','Sophomore', 1.92, 0, 0,'Caucasian','Female','Middle Income',12,8, 'N', 'N', 'N', 'img/student.jpg', 14);
insert into StudentInterestGroups (InterestGroupID, StudentEntityID)
values (12,539);
insert into StudentInterestGroups (InterestGroupID, StudentEntityID)
values (6,539);
insert into userEntity (UserName, EmailAddress, EntityType)
values ('JanelleGroveY907', 'JanelleGroveY907@broadway.edu', 'STUD');
insert into student (StudentEntityID, FirstName, LastName, MiddleInitial, StreetAddress, Country,City, State,ZipCode, StudentGradeLevel, StudentGPA, StudentACTScore, StudentSATScore, StudentEthnicity, StudentGender, IncomeLevel, DaysAbsent, HoursOfWorkPlaceExp, StudentAthleteFlag, StudentGraduationTrack, StudentEmploymentFlag, StudentImage,SchoolEntityID)
values (540, 'Janelle', 'Grove', 'Y', '663 Hoffman View Apt. 584', 'USA','Jameshaven','VA','20040','Senior', 3.26, 26, 1371,'Caucasian','Female','Middle Income',2,33, 'N', 'Y', 'Y', 'img/student.jpg', 16);
insert into StudentInterestGroups (InterestGroupID, StudentEntityID)
values (11,540);
insert into StudentInterestGroups (InterestGroupID, StudentEntityID)
values (10,540);
insert into userEntity (UserName, EmailAddress, EntityType)
values ('HoraceDotsonG494', 'HoraceDotsonG494@spotswood.edu', 'STUD');
insert into student (StudentEntityID, FirstName, LastName, MiddleInitial, StreetAddress, Country,City, State,ZipCode, StudentGradeLevel, StudentGPA, StudentACTScore, StudentSATScore, StudentEthnicity, StudentGender, IncomeLevel, DaysAbsent, HoursOfWorkPlaceExp, StudentAthleteFlag, StudentGraduationTrack, StudentEmploymentFlag, StudentImage,SchoolEntityID)
values (541, 'Horace', 'Dotson', 'G', '26907 Robert Prairie Apt. 729', 'USA','Thomaschester','VA','20041','Sophomore', 1.75, 0, 0,'Asian','Male','Middle Income',10,10, 'N', 'N', 'Y', 'img/student.jpg', 14);
insert into StudentInterestGroups (InterestGroupID, StudentEntityID)
values (5,541);
insert into userEntity (UserName, EmailAddress, EntityType)
values ('DavidWhiteH718', 'DavidWhiteH718@turnerAshby.edu', 'STUD');
insert into student (StudentEntityID, FirstName, LastName, MiddleInitial, StreetAddress, Country,City, State,ZipCode, StudentGradeLevel, StudentGPA, StudentACTScore, StudentSATScore, StudentEthnicity, StudentGender, IncomeLevel, DaysAbsent, HoursOfWorkPlaceExp, StudentAthleteFlag, StudentGraduationTrack, StudentEmploymentFlag, StudentImage,SchoolEntityID)
values (542, 'David', 'White', 'H', '429 Lisa Ports Apt. 289', 'USA','Clementschester','VA','20041','Freshmen', 1.54, 0, 0,'Caucasian','Female','Middle Income',13,4, 'Y', 'N', 'N', 'img/student.jpg', 15);
insert into StudentInterestGroups (InterestGroupID, StudentEntityID)
values (2,542);
insert into StudentInterestGroups (InterestGroupID, StudentEntityID)
values (8,542);
insert into StudentInterestGroups (InterestGroupID, StudentEntityID)
values (1,542);
insert into StudentInterestGroups (InterestGroupID, StudentEntityID)
values (6,542);
insert into StudentInterestGroups (InterestGroupID, StudentEntityID)
values (10,542);
insert into StudentInterestGroups (InterestGroupID, StudentEntityID)
values (11,542);
insert into StudentInterestGroups (InterestGroupID, StudentEntityID)
values (7,542);
insert into userEntity (UserName, EmailAddress, EntityType)
values ('MaryLambertQ120', 'MaryLambertQ120@harrisonburg.edu', 'STUD');
insert into student (StudentEntityID, FirstName, LastName, MiddleInitial, StreetAddress, Country,City, State,ZipCode, StudentGradeLevel, StudentGPA, StudentACTScore, StudentSATScore, StudentEthnicity, StudentGender, IncomeLevel, DaysAbsent, HoursOfWorkPlaceExp, StudentAthleteFlag, StudentGraduationTrack, StudentEmploymentFlag, StudentImage,SchoolEntityID)
values (543, 'Mary', 'Lambert', 'Q', '1275 Gentry Mountains Suite 047', 'USA','Lake Natalie','VA','20041','Junior', 1.1, 14, 854,'Not selected or Other','Female','Middle Income',14,14, 'N', 'N', 'N', 'img/student.jpg', 17);
insert into StudentInterestGroups (InterestGroupID, StudentEntityID)
values (8,543);
insert into StudentInterestGroups (InterestGroupID, StudentEntityID)
values (9,543);
insert into StudentInterestGroups (InterestGroupID, StudentEntityID)
values (7,543);
insert into StudentInterestGroups (InterestGroupID, StudentEntityID)
values (12,543);
insert into StudentInterestGroups (InterestGroupID, StudentEntityID)
values (4,543);
insert into StudentInterestGroups (InterestGroupID, StudentEntityID)
values (3,543);
insert into StudentInterestGroups (InterestGroupID, StudentEntityID)
values (2,543);
insert into userEntity (UserName, EmailAddress, EntityType)
values ('CynthiaMatternN194', 'CynthiaMatternN194@spotswood.edu', 'STUD');
insert into student (StudentEntityID, FirstName, LastName, MiddleInitial, StreetAddress, Country,City, State,ZipCode, StudentGradeLevel, StudentGPA, StudentACTScore, StudentSATScore, StudentEthnicity, StudentGender, IncomeLevel, DaysAbsent, HoursOfWorkPlaceExp, StudentAthleteFlag, StudentGraduationTrack, StudentEmploymentFlag, StudentImage,SchoolEntityID)
values (544, 'Cynthia', 'Mattern', 'N', '081 Hoffman Point', 'USA','West Andreamouth','VA','20040','Senior', 2.93, 30, 1088,'Caucasian','Female','Lower Income',3,45, 'Y', 'Y', 'Y', 'img/student.jpg', 14);
insert into StudentInterestGroups (InterestGroupID, StudentEntityID)
values (10,544);
insert into StudentInterestGroups (InterestGroupID, StudentEntityID)
values (12,544);
insert into StudentInterestGroups (InterestGroupID, StudentEntityID)
values (2,544);
insert into StudentInterestGroups (InterestGroupID, StudentEntityID)
values (1,544);
insert into StudentInterestGroups (InterestGroupID, StudentEntityID)
values (6,544);
insert into userEntity (UserName, EmailAddress, EntityType)
values ('MonicaGloverJ18', 'MonicaGloverJ18@Louisa.edu', 'STUD');
insert into student (StudentEntityID, FirstName, LastName, MiddleInitial, StreetAddress, Country,City, State,ZipCode, StudentGradeLevel, StudentGPA, StudentACTScore, StudentSATScore, StudentEthnicity, StudentGender, IncomeLevel, DaysAbsent, HoursOfWorkPlaceExp, StudentAthleteFlag, StudentGraduationTrack, StudentEmploymentFlag, StudentImage,SchoolEntityID)
values (545, 'Monica', 'Glover', 'J', '68952 Simmons Terrace Apt. 176', 'USA','Christinafurt','VA','20040','Senior', 2.63, 33, 1482,'Caucasian','Female','Lower Income',5,39, 'Y', 'Y', 'Y', 'img/student.jpg', 12);
insert into StudentInterestGroups (InterestGroupID, StudentEntityID)
values (2,545);
insert into StudentInterestGroups (InterestGroupID, StudentEntityID)
values (4,545);
insert into StudentInterestGroups (InterestGroupID, StudentEntityID)
values (8,545);
insert into StudentInterestGroups (InterestGroupID, StudentEntityID)
values (6,545);
insert into userEntity (UserName, EmailAddress, EntityType)
values ('PaulaFlowerH227', 'PaulaFlowerH227@broadway.edu', 'STUD');
insert into student (StudentEntityID, FirstName, LastName, MiddleInitial, StreetAddress, Country,City, State,ZipCode, StudentGradeLevel, StudentGPA, StudentACTScore, StudentSATScore, StudentEthnicity, StudentGender, IncomeLevel, DaysAbsent, HoursOfWorkPlaceExp, StudentAthleteFlag, StudentGraduationTrack, StudentEmploymentFlag, StudentImage,SchoolEntityID)
values (546, 'Paula', 'Flower', 'H', '13699 Bauer Springs', 'USA','Millerburgh','VA','20040','Junior', 3.1, 30, 1221,'Caucasian','Female','Middle Income',5,30, 'N', 'Y', 'Y', 'img/student.jpg', 16);
insert into StudentInterestGroups (InterestGroupID, StudentEntityID)
values (5,546);
insert into StudentInterestGroups (InterestGroupID, StudentEntityID)
values (7,546);
insert into StudentInterestGroups (InterestGroupID, StudentEntityID)
values (8,546);
insert into StudentInterestGroups (InterestGroupID, StudentEntityID)
values (3,546);
insert into StudentInterestGroups (InterestGroupID, StudentEntityID)
values (4,546);
insert into userEntity (UserName, EmailAddress, EntityType)
values ('StevenLongG605', 'StevenLongG605@harrisonburg.edu', 'STUD');
insert into student (StudentEntityID, FirstName, LastName, MiddleInitial, StreetAddress, Country,City, State,ZipCode, StudentGradeLevel, StudentGPA, StudentACTScore, StudentSATScore, StudentEthnicity, StudentGender, IncomeLevel, DaysAbsent, HoursOfWorkPlaceExp, StudentAthleteFlag, StudentGraduationTrack, StudentEmploymentFlag, StudentImage,SchoolEntityID)
values (547, 'Steven', 'Long', 'G', '20717 Thomas Trace', 'USA','South Richard','VA','20040','Junior', 3.47, 26, 1147,'Caucasian','Male','Lower Income',2,35, 'Y', 'Y', 'N', 'img/student.jpg', 17);
insert into StudentInterestGroups (InterestGroupID, StudentEntityID)
values (11,547);
insert into StudentInterestGroups (InterestGroupID, StudentEntityID)
values (10,547);
insert into StudentInterestGroups (InterestGroupID, StudentEntityID)
values (9,547);
insert into StudentInterestGroups (InterestGroupID, StudentEntityID)
values (5,547);
insert into userEntity (UserName, EmailAddress, EntityType)
values ('KristiCortesD157', 'KristiCortesD157@turnerAshby.edu', 'STUD');
insert into student (StudentEntityID, FirstName, LastName, MiddleInitial, StreetAddress, Country,City, State,ZipCode, StudentGradeLevel, StudentGPA, StudentACTScore, StudentSATScore, StudentEthnicity, StudentGender, IncomeLevel, DaysAbsent, HoursOfWorkPlaceExp, StudentAthleteFlag, StudentGraduationTrack, StudentEmploymentFlag, StudentImage,SchoolEntityID)
values (548, 'Kristi', 'Cortes', 'D', '475 Williams Mall', 'USA','Lake Robertland','VA','20041','Freshmen', 3.76, 0, 0,'Caucasian','Female','Middle Income',1,19, 'Y', 'Y', 'N', 'img/student.jpg', 15);
insert into StudentInterestGroups (InterestGroupID, StudentEntityID)
values (2,548);
insert into StudentInterestGroups (InterestGroupID, StudentEntityID)
values (10,548);
insert into StudentInterestGroups (InterestGroupID, StudentEntityID)
values (11,548);
insert into StudentInterestGroups (InterestGroupID, StudentEntityID)
values (4,548);
insert into StudentInterestGroups (InterestGroupID, StudentEntityID)
values (7,548);
insert into StudentInterestGroups (InterestGroupID, StudentEntityID)
values (12,548);
insert into StudentInterestGroups (InterestGroupID, StudentEntityID)
values (3,548);
insert into userEntity (UserName, EmailAddress, EntityType)
values ('GaryBestR51', 'GaryBestR51@Louisa.edu', 'STUD');
insert into student (StudentEntityID, FirstName, LastName, MiddleInitial, StreetAddress, Country,City, State,ZipCode, StudentGradeLevel, StudentGPA, StudentACTScore, StudentSATScore, StudentEthnicity, StudentGender, IncomeLevel, DaysAbsent, HoursOfWorkPlaceExp, StudentAthleteFlag, StudentGraduationTrack, StudentEmploymentFlag, StudentImage,SchoolEntityID)
values (549, 'Gary', 'Best', 'R', '3666 Johnson Union', 'USA','East Wesley','VA','20041','Junior', 2.2, 19, 1039,'Caucasian','Male','Lower Income',12,25, 'Y', 'Y', 'N', 'img/student.jpg', 12);
insert into StudentInterestGroups (InterestGroupID, StudentEntityID)
values (4,549);
insert into StudentInterestGroups (InterestGroupID, StudentEntityID)
values (7,549);
insert into StudentInterestGroups (InterestGroupID, StudentEntityID)
values (5,549);
insert into StudentInterestGroups (InterestGroupID, StudentEntityID)
values (8,549);
insert into StudentInterestGroups (InterestGroupID, StudentEntityID)
values (9,549);
insert into StudentInterestGroups (InterestGroupID, StudentEntityID)
values (2,549);
insert into StudentInterestGroups (InterestGroupID, StudentEntityID)
values (6,549);
insert into StudentInterestGroups (InterestGroupID, StudentEntityID)
values (3,549);
insert into userEntity (UserName, EmailAddress, EntityType)
values ('DorothyThomasR894', 'DorothyThomasR894@harrisonburg.edu', 'STUD');
insert into student (StudentEntityID, FirstName, LastName, MiddleInitial, StreetAddress, Country,City, State,ZipCode, StudentGradeLevel, StudentGPA, StudentACTScore, StudentSATScore, StudentEthnicity, StudentGender, IncomeLevel, DaysAbsent, HoursOfWorkPlaceExp, StudentAthleteFlag, StudentGraduationTrack, StudentEmploymentFlag, StudentImage,SchoolEntityID)
values (550, 'Dorothy', 'Thomas', 'R', '5789 David Gardens Apt. 121', 'USA','East Michael','VA','20040','Junior', 3.25, 28, 1248,'Hispanic','Female','Middle Income',0,34, 'N', 'Y', 'N', 'img/student.jpg', 17);
insert into StudentInterestGroups (InterestGroupID, StudentEntityID)
values (9,550);
insert into StudentInterestGroups (InterestGroupID, StudentEntityID)
values (5,550);
insert into userEntity (UserName, EmailAddress, EntityType)
values ('JoeFontenotL681', 'JoeFontenotL681@spotswood.edu', 'STUD');
insert into student (StudentEntityID, FirstName, LastName, MiddleInitial, StreetAddress, Country,City, State,ZipCode, StudentGradeLevel, StudentGPA, StudentACTScore, StudentSATScore, StudentEthnicity, StudentGender, IncomeLevel, DaysAbsent, HoursOfWorkPlaceExp, StudentAthleteFlag, StudentGraduationTrack, StudentEmploymentFlag, StudentImage,SchoolEntityID)
values (551, 'Joe', 'Fontenot', 'L', '0419 Kline Lane', 'USA','Williamstown','VA','20040','Sophomore', 3.75, 0, 0,'Caucasian','Male','Higher Income',5,25, 'Y', 'Y', 'Y', 'img/student.jpg', 14);
insert into StudentInterestGroups (InterestGroupID, StudentEntityID)
values (12,551);
insert into StudentInterestGroups (InterestGroupID, StudentEntityID)
values (4,551);
insert into StudentInterestGroups (InterestGroupID, StudentEntityID)
values (7,551);
insert into StudentInterestGroups (InterestGroupID, StudentEntityID)
values (3,551);
insert into StudentInterestGroups (InterestGroupID, StudentEntityID)
values (8,551);
insert into StudentInterestGroups (InterestGroupID, StudentEntityID)
values (11,551);
insert into StudentInterestGroups (InterestGroupID, StudentEntityID)
values (10,551);
insert into userEntity (UserName, EmailAddress, EntityType)
values ('StevenHulbertH720', 'StevenHulbertH720@broadway.edu', 'STUD');
insert into student (StudentEntityID, FirstName, LastName, MiddleInitial, StreetAddress, Country,City, State,ZipCode, StudentGradeLevel, StudentGPA, StudentACTScore, StudentSATScore, StudentEthnicity, StudentGender, IncomeLevel, DaysAbsent, HoursOfWorkPlaceExp, StudentAthleteFlag, StudentGraduationTrack, StudentEmploymentFlag, StudentImage,SchoolEntityID)
values (552, 'Steven', 'Hulbert', 'H', '09542 Dixon Neck Apt. 119', 'USA','Jenniferberg','VA','20041','Freshmen', 3.88, 0, 0,'Hispanic','Male','Higher Income',1,18, 'N', 'Y', 'N', 'img/student.jpg', 16);
insert into StudentInterestGroups (InterestGroupID, StudentEntityID)
values (6,552);
insert into userEntity (UserName, EmailAddress, EntityType)
values ('PamelaPhelpsB159', 'PamelaPhelpsB159@broadway.edu', 'STUD');
insert into student (StudentEntityID, FirstName, LastName, MiddleInitial, StreetAddress, Country,City, State,ZipCode, StudentGradeLevel, StudentGPA, StudentACTScore, StudentSATScore, StudentEthnicity, StudentGender, IncomeLevel, DaysAbsent, HoursOfWorkPlaceExp, StudentAthleteFlag, StudentGraduationTrack, StudentEmploymentFlag, StudentImage,SchoolEntityID)
values (553, 'Pamela', 'Phelps', 'B', '78095 Mark Branch Apt. 905', 'USA','North Lisashire','VA','20041','Senior', 3.12, 26, 1258,'Caucasian','Female','Lower Income',4,32, 'Y', 'Y', 'Y', 'img/student.jpg', 16);
insert into StudentInterestGroups (InterestGroupID, StudentEntityID)
values (3,553);
insert into StudentInterestGroups (InterestGroupID, StudentEntityID)
values (9,553);
insert into userEntity (UserName, EmailAddress, EntityType)
values ('KevinMalickW539', 'KevinMalickW539@harrisonburg.edu', 'STUD');
insert into student (StudentEntityID, FirstName, LastName, MiddleInitial, StreetAddress, Country,City, State,ZipCode, StudentGradeLevel, StudentGPA, StudentACTScore, StudentSATScore, StudentEthnicity, StudentGender, IncomeLevel, DaysAbsent, HoursOfWorkPlaceExp, StudentAthleteFlag, StudentGraduationTrack, StudentEmploymentFlag, StudentImage,SchoolEntityID)
values (554, 'Kevin', 'Malick', 'W', '48481 Johnny Islands Apt. 212', 'USA','Johnhaven','VA','20041','Freshmen', 2.72, 0, 0,'Hispanic','Male','Higher Income',2,18, 'N', 'Y', 'Y', 'img/student.jpg', 17);
insert into StudentInterestGroups (InterestGroupID, StudentEntityID)
values (9,554);
insert into userEntity (UserName, EmailAddress, EntityType)
values ('DorineReynoldsH473', 'DorineReynoldsH473@broadway.edu', 'STUD');
insert into student (StudentEntityID, FirstName, LastName, MiddleInitial, StreetAddress, Country,City, State,ZipCode, StudentGradeLevel, StudentGPA, StudentACTScore, StudentSATScore, StudentEthnicity, StudentGender, IncomeLevel, DaysAbsent, HoursOfWorkPlaceExp, StudentAthleteFlag, StudentGraduationTrack, StudentEmploymentFlag, StudentImage,SchoolEntityID)
values (555, 'Dorine', 'Reynolds', 'H', '3026 Ashley Mountains Apt. 697', 'USA','North Anthony','VA','20041','Senior', 1.5, 17, 936,'Caucasian','Female','Higher Income',8,21, 'Y', 'N', 'Y', 'img/student.jpg', 16);
insert into StudentInterestGroups (InterestGroupID, StudentEntityID)
values (10,555);
insert into StudentInterestGroups (InterestGroupID, StudentEntityID)
values (1,555);
insert into StudentInterestGroups (InterestGroupID, StudentEntityID)
values (6,555);
insert into userEntity (UserName, EmailAddress, EntityType)
values ('MelbaElliottF530', 'MelbaElliottF530@Louisa.edu', 'STUD');
insert into student (StudentEntityID, FirstName, LastName, MiddleInitial, StreetAddress, Country,City, State,ZipCode, StudentGradeLevel, StudentGPA, StudentACTScore, StudentSATScore, StudentEthnicity, StudentGender, IncomeLevel, DaysAbsent, HoursOfWorkPlaceExp, StudentAthleteFlag, StudentGraduationTrack, StudentEmploymentFlag, StudentImage,SchoolEntityID)
values (556, 'Melba', 'Elliott', 'F', '25419 Mckenzie Canyon', 'USA','West Matthew','VA','20041','Senior', 3.13, 26, 1324,'Caucasian','Female','Lower Income',0,43, 'Y', 'Y', 'N', 'img/student.jpg', 12);
insert into StudentInterestGroups (InterestGroupID, StudentEntityID)
values (11,556);
insert into StudentInterestGroups (InterestGroupID, StudentEntityID)
values (1,556);
insert into StudentInterestGroups (InterestGroupID, StudentEntityID)
values (12,556);
insert into StudentInterestGroups (InterestGroupID, StudentEntityID)
values (6,556);
insert into StudentInterestGroups (InterestGroupID, StudentEntityID)
values (4,556);
insert into StudentInterestGroups (InterestGroupID, StudentEntityID)
values (7,556);
insert into userEntity (UserName, EmailAddress, EntityType)
values ('VictoriaPattyG628', 'VictoriaPattyG628@broadway.edu', 'STUD');
insert into student (StudentEntityID, FirstName, LastName, MiddleInitial, StreetAddress, Country,City, State,ZipCode, StudentGradeLevel, StudentGPA, StudentACTScore, StudentSATScore, StudentEthnicity, StudentGender, IncomeLevel, DaysAbsent, HoursOfWorkPlaceExp, StudentAthleteFlag, StudentGraduationTrack, StudentEmploymentFlag, StudentImage,SchoolEntityID)
values (557, 'Victoria', 'Patty', 'G', '3201 Wright Fields Suite 426', 'USA','South Julie','VA','20041','Sophomore', 3.82, 0, 0,'Asian','Female','Lower Income',5,20, 'N', 'Y', 'N', 'img/student.jpg', 16);
insert into StudentInterestGroups (InterestGroupID, StudentEntityID)
values (9,557);
insert into StudentInterestGroups (InterestGroupID, StudentEntityID)
values (5,557);
insert into StudentInterestGroups (InterestGroupID, StudentEntityID)
values (10,557);
insert into StudentInterestGroups (InterestGroupID, StudentEntityID)
values (7,557);
insert into StudentInterestGroups (InterestGroupID, StudentEntityID)
values (11,557);
insert into StudentInterestGroups (InterestGroupID, StudentEntityID)
values (12,557);
insert into StudentInterestGroups (InterestGroupID, StudentEntityID)
values (1,557);
insert into userEntity (UserName, EmailAddress, EntityType)
values ('PamelaCoxT409', 'PamelaCoxT409@broadway.edu', 'STUD');
insert into student (StudentEntityID, FirstName, LastName, MiddleInitial, StreetAddress, Country,City, State,ZipCode, StudentGradeLevel, StudentGPA, StudentACTScore, StudentSATScore, StudentEthnicity, StudentGender, IncomeLevel, DaysAbsent, HoursOfWorkPlaceExp, StudentAthleteFlag, StudentGraduationTrack, StudentEmploymentFlag, StudentImage,SchoolEntityID)
values (558, 'Pamela', 'Cox', 'T', '023 Barron Wells', 'USA','Moorehaven','VA','20040','Junior', 3.35, 31, 1457,'Caucasian','Female','Middle Income',4,34, 'Y', 'Y', 'Y', 'img/student.jpg', 16);
insert into StudentInterestGroups (InterestGroupID, StudentEntityID)
values (7,558);
insert into StudentInterestGroups (InterestGroupID, StudentEntityID)
values (4,558);
insert into StudentInterestGroups (InterestGroupID, StudentEntityID)
values (11,558);
insert into StudentInterestGroups (InterestGroupID, StudentEntityID)
values (10,558);
insert into StudentInterestGroups (InterestGroupID, StudentEntityID)
values (12,558);
insert into userEntity (UserName, EmailAddress, EntityType)
values ('MartinNathanielK438', 'MartinNathanielK438@rockingham.k12.va.us', 'STUD');
insert into student (StudentEntityID, FirstName, LastName, MiddleInitial, StreetAddress, Country,City, State,ZipCode, StudentGradeLevel, StudentGPA, StudentACTScore, StudentSATScore, StudentEthnicity, StudentGender, IncomeLevel, DaysAbsent, HoursOfWorkPlaceExp, StudentAthleteFlag, StudentGraduationTrack, StudentEmploymentFlag, StudentImage,SchoolEntityID)
values (559, 'Martin', 'Nathaniel', 'K', '58183 Walker Locks Apt. 885', 'USA','Markchester','VA','20041','Freshmen', 3.21, 0, 0,'Hispanic','Male','Middle Income',4,16, 'Y', 'Y', 'N', 'img/student.jpg', 13);
insert into StudentInterestGroups (InterestGroupID, StudentEntityID)
values (7,559);
insert into StudentInterestGroups (InterestGroupID, StudentEntityID)
values (4,559);
insert into StudentInterestGroups (InterestGroupID, StudentEntityID)
values (6,559);
insert into StudentInterestGroups (InterestGroupID, StudentEntityID)
values (1,559);
insert into StudentInterestGroups (InterestGroupID, StudentEntityID)
values (5,559);
insert into StudentInterestGroups (InterestGroupID, StudentEntityID)
values (3,559);
insert into StudentInterestGroups (InterestGroupID, StudentEntityID)
values (2,559);
insert into userEntity (UserName, EmailAddress, EntityType)
values ('IreneLoughnerZ670', 'IreneLoughnerZ670@spotswood.edu', 'STUD');
insert into student (StudentEntityID, FirstName, LastName, MiddleInitial, StreetAddress, Country,City, State,ZipCode, StudentGradeLevel, StudentGPA, StudentACTScore, StudentSATScore, StudentEthnicity, StudentGender, IncomeLevel, DaysAbsent, HoursOfWorkPlaceExp, StudentAthleteFlag, StudentGraduationTrack, StudentEmploymentFlag, StudentImage,SchoolEntityID)
values (560, 'Irene', 'Loughner', 'Z', '121 Moore Track Apt. 859', 'USA','Port Brettbury','VA','20040','Senior', 3.34, 30, 1492,'Caucasian','Female','Higher Income',2,44, 'Y', 'Y', 'Y', 'img/student.jpg', 14);
insert into StudentInterestGroups (InterestGroupID, StudentEntityID)
values (11,560);
insert into StudentInterestGroups (InterestGroupID, StudentEntityID)
values (10,560);
insert into StudentInterestGroups (InterestGroupID, StudentEntityID)
values (6,560);
insert into StudentInterestGroups (InterestGroupID, StudentEntityID)
values (8,560);
insert into userEntity (UserName, EmailAddress, EntityType)
values ('HectorTrainerQ229', 'HectorTrainerQ229@rockingham.k12.va.us', 'STUD');
insert into student (StudentEntityID, FirstName, LastName, MiddleInitial, StreetAddress, Country,City, State,ZipCode, StudentGradeLevel, StudentGPA, StudentACTScore, StudentSATScore, StudentEthnicity, StudentGender, IncomeLevel, DaysAbsent, HoursOfWorkPlaceExp, StudentAthleteFlag, StudentGraduationTrack, StudentEmploymentFlag, StudentImage,SchoolEntityID)
values (561, 'Hector', 'Trainer', 'Q', '2313 Wood Streets Apt. 675', 'USA','West Sheri','VA','20040','Senior', 3.07, 23, 1396,'Pacific Islander','Male','Middle Income',2,36, 'Y', 'Y', 'N', 'img/student.jpg', 13);
insert into StudentInterestGroups (InterestGroupID, StudentEntityID)
values (3,561);
insert into userEntity (UserName, EmailAddress, EntityType)
values ('VickyAliceaA520', 'VickyAliceaA520@harrisonburg.edu', 'STUD');
insert into student (StudentEntityID, FirstName, LastName, MiddleInitial, StreetAddress, Country,City, State,ZipCode, StudentGradeLevel, StudentGPA, StudentACTScore, StudentSATScore, StudentEthnicity, StudentGender, IncomeLevel, DaysAbsent, HoursOfWorkPlaceExp, StudentAthleteFlag, StudentGraduationTrack, StudentEmploymentFlag, StudentImage,SchoolEntityID)
values (562, 'Vicky', 'Alicea', 'A', '969 Sims Ford Apt. 425', 'USA','Port Brianview','VA','20041','Sophomore', 2.31, 0, 0,'Caucasian','Female','Middle Income',10,19, 'Y', 'Y', 'Y', 'img/student.jpg', 17);
insert into StudentInterestGroups (InterestGroupID, StudentEntityID)
values (7,562);
insert into StudentInterestGroups (InterestGroupID, StudentEntityID)
values (10,562);
insert into StudentInterestGroups (InterestGroupID, StudentEntityID)
values (1,562);
insert into StudentInterestGroups (InterestGroupID, StudentEntityID)
values (6,562);
insert into StudentInterestGroups (InterestGroupID, StudentEntityID)
values (5,562);
insert into StudentInterestGroups (InterestGroupID, StudentEntityID)
values (12,562);
insert into StudentInterestGroups (InterestGroupID, StudentEntityID)
values (11,562);
insert into userEntity (UserName, EmailAddress, EntityType)
values ('JulioBacaD306', 'JulioBacaD306@Louisa.edu', 'STUD');
insert into student (StudentEntityID, FirstName, LastName, MiddleInitial, StreetAddress, Country,City, State,ZipCode, StudentGradeLevel, StudentGPA, StudentACTScore, StudentSATScore, StudentEthnicity, StudentGender, IncomeLevel, DaysAbsent, HoursOfWorkPlaceExp, StudentAthleteFlag, StudentGraduationTrack, StudentEmploymentFlag, StudentImage,SchoolEntityID)
values (563, 'Julio', 'Baca', 'D', '771 Daniel Street', 'USA','Williamsfort','VA','20040','Senior', 1.68, 21, 1101,'Caucasian','Male','Middle Income',9,24, 'Y', 'N', 'N', 'img/student.jpg', 12);
insert into StudentInterestGroups (InterestGroupID, StudentEntityID)
values (11,563);
insert into StudentInterestGroups (InterestGroupID, StudentEntityID)
values (4,563);
insert into StudentInterestGroups (InterestGroupID, StudentEntityID)
values (1,563);
insert into StudentInterestGroups (InterestGroupID, StudentEntityID)
values (2,563);
insert into userEntity (UserName, EmailAddress, EntityType)
values ('MollieWithersN621', 'MollieWithersN621@harrisonburg.edu', 'STUD');
insert into student (StudentEntityID, FirstName, LastName, MiddleInitial, StreetAddress, Country,City, State,ZipCode, StudentGradeLevel, StudentGPA, StudentACTScore, StudentSATScore, StudentEthnicity, StudentGender, IncomeLevel, DaysAbsent, HoursOfWorkPlaceExp, StudentAthleteFlag, StudentGraduationTrack, StudentEmploymentFlag, StudentImage,SchoolEntityID)
values (564, 'Mollie', 'Withers', 'N', '87905 Bryan Plaza', 'USA','West Amyberg','VA','20040','Sophomore', 2.72, 0, 0,'Pacific Islander','Female','Lower Income',2,15, 'N', 'Y', 'Y', 'img/student.jpg', 17);
insert into StudentInterestGroups (InterestGroupID, StudentEntityID)
values (6,564);
insert into StudentInterestGroups (InterestGroupID, StudentEntityID)
values (4,564);
insert into StudentInterestGroups (InterestGroupID, StudentEntityID)
values (5,564);
insert into StudentInterestGroups (InterestGroupID, StudentEntityID)
values (7,564);
insert into StudentInterestGroups (InterestGroupID, StudentEntityID)
values (3,564);
insert into userEntity (UserName, EmailAddress, EntityType)
values ('MariettaWareM291', 'MariettaWareM291@harrisonburg.edu', 'STUD');
insert into student (StudentEntityID, FirstName, LastName, MiddleInitial, StreetAddress, Country,City, State,ZipCode, StudentGradeLevel, StudentGPA, StudentACTScore, StudentSATScore, StudentEthnicity, StudentGender, IncomeLevel, DaysAbsent, HoursOfWorkPlaceExp, StudentAthleteFlag, StudentGraduationTrack, StudentEmploymentFlag, StudentImage,SchoolEntityID)
values (565, 'Marietta', 'Ware', 'M', '63239 Alexander Well', 'USA','Port Emilystad','VA','20041','Freshmen', 2.9, 0, 0,'Caucasian','Female','Middle Income',0,16, 'N', 'Y', 'N', 'img/student.jpg', 17);
insert into StudentInterestGroups (InterestGroupID, StudentEntityID)
values (1,565);
insert into StudentInterestGroups (InterestGroupID, StudentEntityID)
values (10,565);
insert into StudentInterestGroups (InterestGroupID, StudentEntityID)
values (8,565);
insert into userEntity (UserName, EmailAddress, EntityType)
values ('AnthonyBravoL391', 'AnthonyBravoL391@turnerAshby.edu', 'STUD');
insert into student (StudentEntityID, FirstName, LastName, MiddleInitial, StreetAddress, Country,City, State,ZipCode, StudentGradeLevel, StudentGPA, StudentACTScore, StudentSATScore, StudentEthnicity, StudentGender, IncomeLevel, DaysAbsent, HoursOfWorkPlaceExp, StudentAthleteFlag, StudentGraduationTrack, StudentEmploymentFlag, StudentImage,SchoolEntityID)
values (566, 'Anthony', 'Bravo', 'L', '92755 Rebekah Courts Suite 918', 'USA','Amandaview','VA','20041','Sophomore', 1.28, 0, 0,'Caucasian','Male','Higher Income',14,1, 'N', 'N', 'N', 'img/student.jpg', 15);
insert into StudentInterestGroups (InterestGroupID, StudentEntityID)
values (3,566);
insert into userEntity (UserName, EmailAddress, EntityType)
values ('KristineHarrisJ759', 'KristineHarrisJ759@rockingham.k12.va.us', 'STUD');
insert into student (StudentEntityID, FirstName, LastName, MiddleInitial, StreetAddress, Country,City, State,ZipCode, StudentGradeLevel, StudentGPA, StudentACTScore, StudentSATScore, StudentEthnicity, StudentGender, IncomeLevel, DaysAbsent, HoursOfWorkPlaceExp, StudentAthleteFlag, StudentGraduationTrack, StudentEmploymentFlag, StudentImage,SchoolEntityID)
values (567, 'Kristine', 'Harris', 'J', '8533 Nunez Well Suite 837', 'USA','West Paulhaven','VA','20040','Senior', 1.8, 25, 916,'Pacific Islander','Female','Higher Income',15,21, 'Y', 'N', 'Y', 'img/student.jpg', 13);
insert into StudentInterestGroups (InterestGroupID, StudentEntityID)
values (4,567);
insert into StudentInterestGroups (InterestGroupID, StudentEntityID)
values (8,567);
insert into StudentInterestGroups (InterestGroupID, StudentEntityID)
values (9,567);
insert into StudentInterestGroups (InterestGroupID, StudentEntityID)
values (10,567);
insert into StudentInterestGroups (InterestGroupID, StudentEntityID)
values (5,567);
insert into userEntity (UserName, EmailAddress, EntityType)
values ('RobertBerryW351', 'RobertBerryW351@turnerAshby.edu', 'STUD');
insert into student (StudentEntityID, FirstName, LastName, MiddleInitial, StreetAddress, Country,City, State,ZipCode, StudentGradeLevel, StudentGPA, StudentACTScore, StudentSATScore, StudentEthnicity, StudentGender, IncomeLevel, DaysAbsent, HoursOfWorkPlaceExp, StudentAthleteFlag, StudentGraduationTrack, StudentEmploymentFlag, StudentImage,SchoolEntityID)
values (568, 'Robert', 'Berry', 'W', '093 Jennifer Creek', 'USA','Amandamouth','VA','20040','Senior', 2.7, 22, 1249,'Pacific Islander','Other','Middle Income',6,44, 'Y', 'Y', 'N', 'img/student.jpg', 15);
insert into StudentInterestGroups (InterestGroupID, StudentEntityID)
values (10,568);
insert into StudentInterestGroups (InterestGroupID, StudentEntityID)
values (2,568);
insert into StudentInterestGroups (InterestGroupID, StudentEntityID)
values (4,568);
insert into StudentInterestGroups (InterestGroupID, StudentEntityID)
values (12,568);
insert into userEntity (UserName, EmailAddress, EntityType)
values ('JessicaWigginsK60', 'JessicaWigginsK60@harrisonburg.edu', 'STUD');
insert into student (StudentEntityID, FirstName, LastName, MiddleInitial, StreetAddress, Country,City, State,ZipCode, StudentGradeLevel, StudentGPA, StudentACTScore, StudentSATScore, StudentEthnicity, StudentGender, IncomeLevel, DaysAbsent, HoursOfWorkPlaceExp, StudentAthleteFlag, StudentGraduationTrack, StudentEmploymentFlag, StudentImage,SchoolEntityID)
values (569, 'Jessica', 'Wiggins', 'K', '0031 Thomas Shoals', 'USA','Kempstad','VA','20041','Sophomore', 1.53, 0, 0,'Caucasian','Female','Middle Income',10,10, 'Y', 'N', 'Y', 'img/student.jpg', 17);
insert into StudentInterestGroups (InterestGroupID, StudentEntityID)
values (3,569);
insert into StudentInterestGroups (InterestGroupID, StudentEntityID)
values (4,569);
insert into StudentInterestGroups (InterestGroupID, StudentEntityID)
values (5,569);
insert into StudentInterestGroups (InterestGroupID, StudentEntityID)
values (8,569);
insert into StudentInterestGroups (InterestGroupID, StudentEntityID)
values (7,569);
insert into StudentInterestGroups (InterestGroupID, StudentEntityID)
values (2,569);
insert into userEntity (UserName, EmailAddress, EntityType)
values ('JimWilliamsC944', 'JimWilliamsC944@broadway.edu', 'STUD');
insert into student (StudentEntityID, FirstName, LastName, MiddleInitial, StreetAddress, Country,City, State,ZipCode, StudentGradeLevel, StudentGPA, StudentACTScore, StudentSATScore, StudentEthnicity, StudentGender, IncomeLevel, DaysAbsent, HoursOfWorkPlaceExp, StudentAthleteFlag, StudentGraduationTrack, StudentEmploymentFlag, StudentImage,SchoolEntityID)
values (570, 'Jim', 'Williams', 'C', '254 Donna Trace Suite 636', 'USA','Granthaven','VA','20041','Senior', 3.73, 30, 1170,'Not selected or Other','Male','Lower Income',5,41, 'Y', 'Y', 'N', 'img/student.jpg', 16);
insert into StudentInterestGroups (InterestGroupID, StudentEntityID)
values (1,570);
insert into StudentInterestGroups (InterestGroupID, StudentEntityID)
values (9,570);
insert into StudentInterestGroups (InterestGroupID, StudentEntityID)
values (2,570);
insert into StudentInterestGroups (InterestGroupID, StudentEntityID)
values (7,570);
insert into StudentInterestGroups (InterestGroupID, StudentEntityID)
values (10,570);
insert into userEntity (UserName, EmailAddress, EntityType)
values ('GordonBorelW608', 'GordonBorelW608@spotswood.edu', 'STUD');
insert into student (StudentEntityID, FirstName, LastName, MiddleInitial, StreetAddress, Country,City, State,ZipCode, StudentGradeLevel, StudentGPA, StudentACTScore, StudentSATScore, StudentEthnicity, StudentGender, IncomeLevel, DaysAbsent, HoursOfWorkPlaceExp, StudentAthleteFlag, StudentGraduationTrack, StudentEmploymentFlag, StudentImage,SchoolEntityID)
values (571, 'Gordon', 'Borel', 'W', '697 Bailey Stravenue Apt. 367', 'USA','Kelleyport','VA','20040','Junior', 1.11, 10, 646,'Caucasian','Male','Middle Income',14,14, 'Y', 'N', 'N', 'img/student.jpg', 14);
insert into StudentInterestGroups (InterestGroupID, StudentEntityID)
values (7,571);
insert into StudentInterestGroups (InterestGroupID, StudentEntityID)
values (12,571);
insert into userEntity (UserName, EmailAddress, EntityType)
values ('BrittanyKuehlA963', 'BrittanyKuehlA963@harrisonburg.edu', 'STUD');
insert into student (StudentEntityID, FirstName, LastName, MiddleInitial, StreetAddress, Country,City, State,ZipCode, StudentGradeLevel, StudentGPA, StudentACTScore, StudentSATScore, StudentEthnicity, StudentGender, IncomeLevel, DaysAbsent, HoursOfWorkPlaceExp, StudentAthleteFlag, StudentGraduationTrack, StudentEmploymentFlag, StudentImage,SchoolEntityID)
values (572, 'Brittany', 'Kuehl', 'A', '083 Jordan Freeway', 'USA','Davidfurt','VA','20040','Sophomore', 3.73, 0, 0,'Pacific Islander','Female','Middle Income',3,24, 'Y', 'Y', 'N', 'img/student.jpg', 17);
insert into StudentInterestGroups (InterestGroupID, StudentEntityID)
values (3,572);
insert into StudentInterestGroups (InterestGroupID, StudentEntityID)
values (2,572);
insert into StudentInterestGroups (InterestGroupID, StudentEntityID)
values (9,572);
insert into StudentInterestGroups (InterestGroupID, StudentEntityID)
values (6,572);
insert into StudentInterestGroups (InterestGroupID, StudentEntityID)
values (10,572);
insert into userEntity (UserName, EmailAddress, EntityType)
values ('EricNegbeneborR347', 'EricNegbeneborR347@rockingham.k12.va.us', 'STUD');
insert into student (StudentEntityID, FirstName, LastName, MiddleInitial, StreetAddress, Country,City, State,ZipCode, StudentGradeLevel, StudentGPA, StudentACTScore, StudentSATScore, StudentEthnicity, StudentGender, IncomeLevel, DaysAbsent, HoursOfWorkPlaceExp, StudentAthleteFlag, StudentGraduationTrack, StudentEmploymentFlag, StudentImage,SchoolEntityID)
values (573, 'Eric', 'Negbenebor', 'R', '197 Martinez Lock Apt. 813', 'USA','North Adamhaven','VA','20041','Freshmen', 1.97, 0, 0,'Pacific Islander','Male','Higher Income',13,9, 'Y', 'N', 'N', 'img/student.jpg', 13);
insert into StudentInterestGroups (InterestGroupID, StudentEntityID)
values (9,573);
insert into StudentInterestGroups (InterestGroupID, StudentEntityID)
values (7,573);
insert into userEntity (UserName, EmailAddress, EntityType)
values ('JosephCornettE357', 'JosephCornettE357@broadway.edu', 'STUD');
insert into student (StudentEntityID, FirstName, LastName, MiddleInitial, StreetAddress, Country,City, State,ZipCode, StudentGradeLevel, StudentGPA, StudentACTScore, StudentSATScore, StudentEthnicity, StudentGender, IncomeLevel, DaysAbsent, HoursOfWorkPlaceExp, StudentAthleteFlag, StudentGraduationTrack, StudentEmploymentFlag, StudentImage,SchoolEntityID)
values (574, 'Joseph', 'Cornett', 'E', '472 Lorraine Drives Suite 074', 'USA','Lake Peter','VA','20040','Junior', 1.46, 13, 1023,'Asian','Male','Lower Income',13,18, 'N', 'N', 'N', 'img/student.jpg', 16);
insert into StudentInterestGroups (InterestGroupID, StudentEntityID)
values (7,574);
insert into StudentInterestGroups (InterestGroupID, StudentEntityID)
values (9,574);
insert into StudentInterestGroups (InterestGroupID, StudentEntityID)
values (8,574);
insert into StudentInterestGroups (InterestGroupID, StudentEntityID)
values (11,574);
insert into StudentInterestGroups (InterestGroupID, StudentEntityID)
values (3,574);
insert into userEntity (UserName, EmailAddress, EntityType)
values ('SharronPattersonZ918', 'SharronPattersonZ918@rockingham.k12.va.us', 'STUD');
insert into student (StudentEntityID, FirstName, LastName, MiddleInitial, StreetAddress, Country,City, State,ZipCode, StudentGradeLevel, StudentGPA, StudentACTScore, StudentSATScore, StudentEthnicity, StudentGender, IncomeLevel, DaysAbsent, HoursOfWorkPlaceExp, StudentAthleteFlag, StudentGraduationTrack, StudentEmploymentFlag, StudentImage,SchoolEntityID)
values (575, 'Sharron', 'Patterson', 'Z', '2012 Sheryl Cape', 'USA','Rogersland','VA','20040','Freshmen', 3.03, 0, 0,'Caucasian','Female','Higher Income',2,17, 'Y', 'Y', 'Y', 'img/student.jpg', 13);
insert into StudentInterestGroups (InterestGroupID, StudentEntityID)
values (12,575);
insert into userEntity (UserName, EmailAddress, EntityType)
values ('FredaBurkeQ987', 'FredaBurkeQ987@spotswood.edu', 'STUD');
insert into student (StudentEntityID, FirstName, LastName, MiddleInitial, StreetAddress, Country,City, State,ZipCode, StudentGradeLevel, StudentGPA, StudentACTScore, StudentSATScore, StudentEthnicity, StudentGender, IncomeLevel, DaysAbsent, HoursOfWorkPlaceExp, StudentAthleteFlag, StudentGraduationTrack, StudentEmploymentFlag, StudentImage,SchoolEntityID)
values (576, 'Freda', 'Burke', 'Q', '768 Eduardo Crescent', 'USA','New Matthewville','VA','20040','Senior', 2.73, 34, 1320,'African American','Female','Lower Income',6,30, 'Y', 'Y', 'N', 'img/student.jpg', 14);
insert into StudentInterestGroups (InterestGroupID, StudentEntityID)
values (7,576);
insert into StudentInterestGroups (InterestGroupID, StudentEntityID)
values (11,576);
insert into StudentInterestGroups (InterestGroupID, StudentEntityID)
values (6,576);
insert into StudentInterestGroups (InterestGroupID, StudentEntityID)
values (10,576);
insert into userEntity (UserName, EmailAddress, EntityType)
values ('AshleeGowanH689', 'AshleeGowanH689@broadway.edu', 'STUD');
insert into student (StudentEntityID, FirstName, LastName, MiddleInitial, StreetAddress, Country,City, State,ZipCode, StudentGradeLevel, StudentGPA, StudentACTScore, StudentSATScore, StudentEthnicity, StudentGender, IncomeLevel, DaysAbsent, HoursOfWorkPlaceExp, StudentAthleteFlag, StudentGraduationTrack, StudentEmploymentFlag, StudentImage,SchoolEntityID)
values (577, 'Ashlee', 'Gowan', 'H', '2889 Deanna Throughway', 'USA','North Thomas','VA','20041','Junior', 2.54, 35, 1274,'African American','Female','Higher Income',3,27, 'N', 'Y', 'Y', 'img/student.jpg', 16);
insert into StudentInterestGroups (InterestGroupID, StudentEntityID)
values (7,577);
insert into StudentInterestGroups (InterestGroupID, StudentEntityID)
values (4,577);
insert into StudentInterestGroups (InterestGroupID, StudentEntityID)
values (5,577);
insert into userEntity (UserName, EmailAddress, EntityType)
values ('NicholasRobertsonJ669', 'NicholasRobertsonJ669@rockingham.k12.va.us', 'STUD');
insert into student (StudentEntityID, FirstName, LastName, MiddleInitial, StreetAddress, Country,City, State,ZipCode, StudentGradeLevel, StudentGPA, StudentACTScore, StudentSATScore, StudentEthnicity, StudentGender, IncomeLevel, DaysAbsent, HoursOfWorkPlaceExp, StudentAthleteFlag, StudentGraduationTrack, StudentEmploymentFlag, StudentImage,SchoolEntityID)
values (578, 'Nicholas', 'Robertson', 'J', '41986 Burgess Fords Apt. 457', 'USA','North Brittanyland','VA','20041','Senior', 3.75, 31, 1269,'Caucasian','Male','Middle Income',5,45, 'N', 'Y', 'N', 'img/student.jpg', 13);
insert into StudentInterestGroups (InterestGroupID, StudentEntityID)
values (1,578);
insert into StudentInterestGroups (InterestGroupID, StudentEntityID)
values (3,578);
insert into StudentInterestGroups (InterestGroupID, StudentEntityID)
values (12,578);
insert into StudentInterestGroups (InterestGroupID, StudentEntityID)
values (4,578);
insert into userEntity (UserName, EmailAddress, EntityType)
values ('HarveyHolmesF735', 'HarveyHolmesF735@spotswood.edu', 'STUD');
insert into student (StudentEntityID, FirstName, LastName, MiddleInitial, StreetAddress, Country,City, State,ZipCode, StudentGradeLevel, StudentGPA, StudentACTScore, StudentSATScore, StudentEthnicity, StudentGender, IncomeLevel, DaysAbsent, HoursOfWorkPlaceExp, StudentAthleteFlag, StudentGraduationTrack, StudentEmploymentFlag, StudentImage,SchoolEntityID)
values (579, 'Harvey', 'Holmes', 'F', '36497 Dawn Viaduct', 'USA','West Angelmouth','VA','20040','Junior', 3.0, 30, 1425,'Not selected or Other','Male','Lower Income',3,25, 'Y', 'Y', 'N', 'img/student.jpg', 14);
insert into StudentInterestGroups (InterestGroupID, StudentEntityID)
values (6,579);
insert into StudentInterestGroups (InterestGroupID, StudentEntityID)
values (3,579);
insert into StudentInterestGroups (InterestGroupID, StudentEntityID)
values (7,579);
insert into StudentInterestGroups (InterestGroupID, StudentEntityID)
values (4,579);
insert into StudentInterestGroups (InterestGroupID, StudentEntityID)
values (1,579);
insert into userEntity (UserName, EmailAddress, EntityType)
values ('ToddVargasI974', 'ToddVargasI974@Louisa.edu', 'STUD');
insert into student (StudentEntityID, FirstName, LastName, MiddleInitial, StreetAddress, Country,City, State,ZipCode, StudentGradeLevel, StudentGPA, StudentACTScore, StudentSATScore, StudentEthnicity, StudentGender, IncomeLevel, DaysAbsent, HoursOfWorkPlaceExp, StudentAthleteFlag, StudentGraduationTrack, StudentEmploymentFlag, StudentImage,SchoolEntityID)
values (580, 'Todd', 'Vargas', 'I', '14912 Hale Burg Suite 213', 'USA','Lake Meganmouth','VA','20040','Sophomore', 2.86, 0, 0,'Caucasian','Male','Middle Income',6,19, 'N', 'Y', 'Y', 'img/student.jpg', 12);
insert into StudentInterestGroups (InterestGroupID, StudentEntityID)
values (6,580);
insert into StudentInterestGroups (InterestGroupID, StudentEntityID)
values (9,580);
insert into StudentInterestGroups (InterestGroupID, StudentEntityID)
values (5,580);
insert into StudentInterestGroups (InterestGroupID, StudentEntityID)
values (4,580);
insert into StudentInterestGroups (InterestGroupID, StudentEntityID)
values (10,580);
insert into userEntity (UserName, EmailAddress, EntityType)
values ('KevinMendesB71', 'KevinMendesB71@rockingham.k12.va.us', 'STUD');
insert into student (StudentEntityID, FirstName, LastName, MiddleInitial, StreetAddress, Country,City, State,ZipCode, StudentGradeLevel, StudentGPA, StudentACTScore, StudentSATScore, StudentEthnicity, StudentGender, IncomeLevel, DaysAbsent, HoursOfWorkPlaceExp, StudentAthleteFlag, StudentGraduationTrack, StudentEmploymentFlag, StudentImage,SchoolEntityID)
values (581, 'Kevin', 'Mendes', 'B', '1970 Anthony Divide Apt. 640', 'USA','South Erikshire','VA','20041','Freshmen', 2.42, 0, 0,'Caucasian','Male','Middle Income',3,9, 'N', 'Y', 'Y', 'img/student.jpg', 13);
insert into StudentInterestGroups (InterestGroupID, StudentEntityID)
values (2,581);
insert into StudentInterestGroups (InterestGroupID, StudentEntityID)
values (7,581);
insert into StudentInterestGroups (InterestGroupID, StudentEntityID)
values (9,581);
insert into StudentInterestGroups (InterestGroupID, StudentEntityID)
values (10,581);
insert into userEntity (UserName, EmailAddress, EntityType)
values ('JeniferCarderR817', 'JeniferCarderR817@spotswood.edu', 'STUD');
insert into student (StudentEntityID, FirstName, LastName, MiddleInitial, StreetAddress, Country,City, State,ZipCode, StudentGradeLevel, StudentGPA, StudentACTScore, StudentSATScore, StudentEthnicity, StudentGender, IncomeLevel, DaysAbsent, HoursOfWorkPlaceExp, StudentAthleteFlag, StudentGraduationTrack, StudentEmploymentFlag, StudentImage,SchoolEntityID)
values (582, 'Jenifer', 'Carder', 'R', '113 Reilly Neck Suite 396', 'USA','Christopherview','VA','20040','Senior', 3.73, 25, 1261,'Caucasian','Female','Lower Income',5,35, 'N', 'Y', 'N', 'img/student.jpg', 14);
insert into StudentInterestGroups (InterestGroupID, StudentEntityID)
values (2,582);
insert into StudentInterestGroups (InterestGroupID, StudentEntityID)
values (7,582);
insert into StudentInterestGroups (InterestGroupID, StudentEntityID)
values (3,582);
insert into StudentInterestGroups (InterestGroupID, StudentEntityID)
values (8,582);
insert into StudentInterestGroups (InterestGroupID, StudentEntityID)
values (1,582);
insert into userEntity (UserName, EmailAddress, EntityType)
values ('KevinHickmanT832', 'KevinHickmanT832@turnerAshby.edu', 'STUD');
insert into student (StudentEntityID, FirstName, LastName, MiddleInitial, StreetAddress, Country,City, State,ZipCode, StudentGradeLevel, StudentGPA, StudentACTScore, StudentSATScore, StudentEthnicity, StudentGender, IncomeLevel, DaysAbsent, HoursOfWorkPlaceExp, StudentAthleteFlag, StudentGraduationTrack, StudentEmploymentFlag, StudentImage,SchoolEntityID)
values (583, 'Kevin', 'Hickman', 'T', '5211 Bryan Crossing Apt. 520', 'USA','Lake Jonathan','VA','20041','Sophomore', 2.26, 0, 0,'African American','Male','Higher Income',9,14, 'Y', 'Y', 'Y', 'img/student.jpg', 15);
insert into StudentInterestGroups (InterestGroupID, StudentEntityID)
values (8,583);
insert into StudentInterestGroups (InterestGroupID, StudentEntityID)
values (2,583);
insert into StudentInterestGroups (InterestGroupID, StudentEntityID)
values (3,583);
insert into StudentInterestGroups (InterestGroupID, StudentEntityID)
values (12,583);
insert into StudentInterestGroups (InterestGroupID, StudentEntityID)
values (9,583);
insert into userEntity (UserName, EmailAddress, EntityType)
values ('JosephMesserN99', 'JosephMesserN99@rockingham.k12.va.us', 'STUD');
insert into student (StudentEntityID, FirstName, LastName, MiddleInitial, StreetAddress, Country,City, State,ZipCode, StudentGradeLevel, StudentGPA, StudentACTScore, StudentSATScore, StudentEthnicity, StudentGender, IncomeLevel, DaysAbsent, HoursOfWorkPlaceExp, StudentAthleteFlag, StudentGraduationTrack, StudentEmploymentFlag, StudentImage,SchoolEntityID)
values (584, 'Joseph', 'Messer', 'N', '9897 Wilson Valley Apt. 199', 'USA','Marcusbury','VA','20040','Senior', 1.12, 10, 627,'African American','Male','Middle Income',14,20, 'N', 'N', 'N', 'img/student.jpg', 13);
insert into StudentInterestGroups (InterestGroupID, StudentEntityID)
values (2,584);
insert into StudentInterestGroups (InterestGroupID, StudentEntityID)
values (4,584);
insert into userEntity (UserName, EmailAddress, EntityType)
values ('DorothyStachuraX311', 'DorothyStachuraX311@turnerAshby.edu', 'STUD');
insert into student (StudentEntityID, FirstName, LastName, MiddleInitial, StreetAddress, Country,City, State,ZipCode, StudentGradeLevel, StudentGPA, StudentACTScore, StudentSATScore, StudentEthnicity, StudentGender, IncomeLevel, DaysAbsent, HoursOfWorkPlaceExp, StudentAthleteFlag, StudentGraduationTrack, StudentEmploymentFlag, StudentImage,SchoolEntityID)
values (585, 'Dorothy', 'Stachura', 'X', '5659 Lisa Station', 'USA','New Whitneyville','VA','20040','Sophomore', 1.8, 0, 0,'Caucasian','Female','Lower Income',15,9, 'N', 'N', 'Y', 'img/student.jpg', 15);
insert into StudentInterestGroups (InterestGroupID, StudentEntityID)
values (9,585);
insert into StudentInterestGroups (InterestGroupID, StudentEntityID)
values (4,585);
insert into StudentInterestGroups (InterestGroupID, StudentEntityID)
values (3,585);
insert into StudentInterestGroups (InterestGroupID, StudentEntityID)
values (2,585);
insert into StudentInterestGroups (InterestGroupID, StudentEntityID)
values (12,585);
insert into StudentInterestGroups (InterestGroupID, StudentEntityID)
values (10,585);
insert into userEntity (UserName, EmailAddress, EntityType)
values ('SocorroBuffinN55', 'SocorroBuffinN55@turnerAshby.edu', 'STUD');
insert into student (StudentEntityID, FirstName, LastName, MiddleInitial, StreetAddress, Country,City, State,ZipCode, StudentGradeLevel, StudentGPA, StudentACTScore, StudentSATScore, StudentEthnicity, StudentGender, IncomeLevel, DaysAbsent, HoursOfWorkPlaceExp, StudentAthleteFlag, StudentGraduationTrack, StudentEmploymentFlag, StudentImage,SchoolEntityID)
values (586, 'Socorro', 'Buffin', 'N', '075 Morris Manor Suite 910', 'USA','New Stevenshire','VA','20041','Senior', 1.96, 21, 879,'Caucasian','Female','Middle Income',14,34, 'Y', 'N', 'N', 'img/student.jpg', 15);
insert into StudentInterestGroups (InterestGroupID, StudentEntityID)
values (7,586);
insert into StudentInterestGroups (InterestGroupID, StudentEntityID)
values (1,586);
insert into StudentInterestGroups (InterestGroupID, StudentEntityID)
values (5,586);
insert into StudentInterestGroups (InterestGroupID, StudentEntityID)
values (6,586);
insert into StudentInterestGroups (InterestGroupID, StudentEntityID)
values (3,586);
insert into StudentInterestGroups (InterestGroupID, StudentEntityID)
values (12,586);
insert into userEntity (UserName, EmailAddress, EntityType)
values ('MelissaRiosS732', 'MelissaRiosS732@turnerAshby.edu', 'STUD');
insert into student (StudentEntityID, FirstName, LastName, MiddleInitial, StreetAddress, Country,City, State,ZipCode, StudentGradeLevel, StudentGPA, StudentACTScore, StudentSATScore, StudentEthnicity, StudentGender, IncomeLevel, DaysAbsent, HoursOfWorkPlaceExp, StudentAthleteFlag, StudentGraduationTrack, StudentEmploymentFlag, StudentImage,SchoolEntityID)
values (587, 'Melissa', 'Rios', 'S', '428 Melissa Road', 'USA','South Jamesport','VA','20040','Freshmen', 2.19, 0, 0,'Caucasian','Female','Middle Income',15,11, 'N', 'Y', 'N', 'img/student.jpg', 15);
insert into StudentInterestGroups (InterestGroupID, StudentEntityID)
values (11,587);
insert into StudentInterestGroups (InterestGroupID, StudentEntityID)
values (3,587);
insert into StudentInterestGroups (InterestGroupID, StudentEntityID)
values (5,587);
insert into userEntity (UserName, EmailAddress, EntityType)
values ('BryanMcglaughlinZ137', 'BryanMcglaughlinZ137@turnerAshby.edu', 'STUD');
insert into student (StudentEntityID, FirstName, LastName, MiddleInitial, StreetAddress, Country,City, State,ZipCode, StudentGradeLevel, StudentGPA, StudentACTScore, StudentSATScore, StudentEthnicity, StudentGender, IncomeLevel, DaysAbsent, HoursOfWorkPlaceExp, StudentAthleteFlag, StudentGraduationTrack, StudentEmploymentFlag, StudentImage,SchoolEntityID)
values (588, 'Bryan', 'Mcglaughlin', 'Z', '76765 Brittany Port', 'USA','North Anthony','VA','20040','Senior', 1.28, 14, 1008,'African American','Male','Middle Income',14,30, 'N', 'N', 'Y', 'img/student.jpg', 15);
insert into StudentInterestGroups (InterestGroupID, StudentEntityID)
values (3,588);
insert into StudentInterestGroups (InterestGroupID, StudentEntityID)
values (7,588);
insert into StudentInterestGroups (InterestGroupID, StudentEntityID)
values (2,588);
insert into userEntity (UserName, EmailAddress, EntityType)
values ('SandraWolfH891', 'SandraWolfH891@rockingham.k12.va.us', 'STUD');
insert into student (StudentEntityID, FirstName, LastName, MiddleInitial, StreetAddress, Country,City, State,ZipCode, StudentGradeLevel, StudentGPA, StudentACTScore, StudentSATScore, StudentEthnicity, StudentGender, IncomeLevel, DaysAbsent, HoursOfWorkPlaceExp, StudentAthleteFlag, StudentGraduationTrack, StudentEmploymentFlag, StudentImage,SchoolEntityID)
values (589, 'Sandra', 'Wolf', 'H', '646 Justin Shoal Apt. 073', 'USA','Port Juan','VA','20041','Sophomore', 2.76, 0, 0,'Caucasian','Female','Higher Income',0,15, 'N', 'Y', 'Y', 'img/student.jpg', 13);
insert into StudentInterestGroups (InterestGroupID, StudentEntityID)
values (10,589);
insert into StudentInterestGroups (InterestGroupID, StudentEntityID)
values (1,589);
insert into StudentInterestGroups (InterestGroupID, StudentEntityID)
values (9,589);
insert into StudentInterestGroups (InterestGroupID, StudentEntityID)
values (11,589);
insert into StudentInterestGroups (InterestGroupID, StudentEntityID)
values (5,589);
insert into StudentInterestGroups (InterestGroupID, StudentEntityID)
values (7,589);
insert into StudentInterestGroups (InterestGroupID, StudentEntityID)
values (8,589);
insert into userEntity (UserName, EmailAddress, EntityType)
values ('VernStoneE920', 'VernStoneE920@spotswood.edu', 'STUD');
insert into student (StudentEntityID, FirstName, LastName, MiddleInitial, StreetAddress, Country,City, State,ZipCode, StudentGradeLevel, StudentGPA, StudentACTScore, StudentSATScore, StudentEthnicity, StudentGender, IncomeLevel, DaysAbsent, HoursOfWorkPlaceExp, StudentAthleteFlag, StudentGraduationTrack, StudentEmploymentFlag, StudentImage,SchoolEntityID)
values (590, 'Vern', 'Stone', 'E', '711 Porter Camp Apt. 941', 'USA','Brownview','VA','20040','Sophomore', 1.77, 0, 0,'African American','Male','Higher Income',12,6, 'N', 'N', 'N', 'img/student.jpg', 14);
insert into StudentInterestGroups (InterestGroupID, StudentEntityID)
values (12,590);
insert into StudentInterestGroups (InterestGroupID, StudentEntityID)
values (7,590);
insert into StudentInterestGroups (InterestGroupID, StudentEntityID)
values (10,590);
insert into userEntity (UserName, EmailAddress, EntityType)
values ('DonaldWoodsW389', 'DonaldWoodsW389@Louisa.edu', 'STUD');
insert into student (StudentEntityID, FirstName, LastName, MiddleInitial, StreetAddress, Country,City, State,ZipCode, StudentGradeLevel, StudentGPA, StudentACTScore, StudentSATScore, StudentEthnicity, StudentGender, IncomeLevel, DaysAbsent, HoursOfWorkPlaceExp, StudentAthleteFlag, StudentGraduationTrack, StudentEmploymentFlag, StudentImage,SchoolEntityID)
values (591, 'Donald', 'Woods', 'W', '933 Sandoval Oval', 'USA','South Toddfort','VA','20040','Sophomore', 3.39, 0, 0,'Caucasian','Male','Middle Income',5,22, 'Y', 'Y', 'N', 'img/student.jpg', 12);
insert into StudentInterestGroups (InterestGroupID, StudentEntityID)
values (6,591);
insert into StudentInterestGroups (InterestGroupID, StudentEntityID)
values (5,591);
insert into StudentInterestGroups (InterestGroupID, StudentEntityID)
values (9,591);
insert into StudentInterestGroups (InterestGroupID, StudentEntityID)
values (2,591);
insert into StudentInterestGroups (InterestGroupID, StudentEntityID)
values (8,591);
insert into StudentInterestGroups (InterestGroupID, StudentEntityID)
values (10,591);
insert into StudentInterestGroups (InterestGroupID, StudentEntityID)
values (4,591);
insert into StudentInterestGroups (InterestGroupID, StudentEntityID)
values (12,591);
insert into userEntity (UserName, EmailAddress, EntityType)
values ('MaryMoonO704', 'MaryMoonO704@Louisa.edu', 'STUD');
insert into student (StudentEntityID, FirstName, LastName, MiddleInitial, StreetAddress, Country,City, State,ZipCode, StudentGradeLevel, StudentGPA, StudentACTScore, StudentSATScore, StudentEthnicity, StudentGender, IncomeLevel, DaysAbsent, HoursOfWorkPlaceExp, StudentAthleteFlag, StudentGraduationTrack, StudentEmploymentFlag, StudentImage,SchoolEntityID)
values (592, 'Mary', 'Moon', 'O', '99154 Ashley Field', 'USA','Port Jennifertown','VA','20041','Junior', 2.64, 27, 1413,'Caucasian','Female','Middle Income',0,32, 'Y', 'Y', 'N', 'img/student.jpg', 12);
insert into StudentInterestGroups (InterestGroupID, StudentEntityID)
values (6,592);
insert into StudentInterestGroups (InterestGroupID, StudentEntityID)
values (1,592);
insert into StudentInterestGroups (InterestGroupID, StudentEntityID)
values (8,592);
insert into userEntity (UserName, EmailAddress, EntityType)
values ('DennisKoziolG331', 'DennisKoziolG331@rockingham.k12.va.us', 'STUD');
insert into student (StudentEntityID, FirstName, LastName, MiddleInitial, StreetAddress, Country,City, State,ZipCode, StudentGradeLevel, StudentGPA, StudentACTScore, StudentSATScore, StudentEthnicity, StudentGender, IncomeLevel, DaysAbsent, HoursOfWorkPlaceExp, StudentAthleteFlag, StudentGraduationTrack, StudentEmploymentFlag, StudentImage,SchoolEntityID)
values (593, 'Dennis', 'Koziol', 'G', '4575 Anthony Fall Apt. 490', 'USA','Marshallside','VA','20040','Junior', 3.38, 26, 1498,'Caucasian','Male','Lower Income',3,24, 'Y', 'Y', 'N', 'img/student.jpg', 13);
insert into StudentInterestGroups (InterestGroupID, StudentEntityID)
values (4,593);
insert into userEntity (UserName, EmailAddress, EntityType)
values ('JiColemanS348', 'JiColemanS348@harrisonburg.edu', 'STUD');
insert into student (StudentEntityID, FirstName, LastName, MiddleInitial, StreetAddress, Country,City, State,ZipCode, StudentGradeLevel, StudentGPA, StudentACTScore, StudentSATScore, StudentEthnicity, StudentGender, IncomeLevel, DaysAbsent, HoursOfWorkPlaceExp, StudentAthleteFlag, StudentGraduationTrack, StudentEmploymentFlag, StudentImage,SchoolEntityID)
values (594, 'Ji', 'Coleman', 'S', '82203 Philip Lodge Apt. 568', 'USA','Randallton','VA','20040','Senior', 3.11, 23, 1238,'Caucasian','Female','Lower Income',5,37, 'Y', 'Y', 'Y', 'img/student.jpg', 17);
insert into StudentInterestGroups (InterestGroupID, StudentEntityID)
values (3,594);
insert into StudentInterestGroups (InterestGroupID, StudentEntityID)
values (4,594);
insert into StudentInterestGroups (InterestGroupID, StudentEntityID)
values (10,594);
insert into userEntity (UserName, EmailAddress, EntityType)
values ('TracyThomasI299', 'TracyThomasI299@Louisa.edu', 'STUD');
insert into student (StudentEntityID, FirstName, LastName, MiddleInitial, StreetAddress, Country,City, State,ZipCode, StudentGradeLevel, StudentGPA, StudentACTScore, StudentSATScore, StudentEthnicity, StudentGender, IncomeLevel, DaysAbsent, HoursOfWorkPlaceExp, StudentAthleteFlag, StudentGraduationTrack, StudentEmploymentFlag, StudentImage,SchoolEntityID)
values (595, 'Tracy', 'Thomas', 'I', '646 Andrew Mountains Suite 984', 'USA','Millerhaven','VA','20041','Sophomore', 1.15, 0, 0,'African American','Female','Middle Income',14,6, 'Y', 'N', 'N', 'img/student.jpg', 12);
insert into StudentInterestGroups (InterestGroupID, StudentEntityID)
values (8,595);
insert into userEntity (UserName, EmailAddress, EntityType)
values ('NicholasPerryC995', 'NicholasPerryC995@rockingham.k12.va.us', 'STUD');
insert into student (StudentEntityID, FirstName, LastName, MiddleInitial, StreetAddress, Country,City, State,ZipCode, StudentGradeLevel, StudentGPA, StudentACTScore, StudentSATScore, StudentEthnicity, StudentGender, IncomeLevel, DaysAbsent, HoursOfWorkPlaceExp, StudentAthleteFlag, StudentGraduationTrack, StudentEmploymentFlag, StudentImage,SchoolEntityID)
values (596, 'Nicholas', 'Perry', 'C', '196 Arnold Plains Suite 358', 'USA','Booneburgh','VA','20041','Sophomore', 1.77, 0, 0,'Caucasian','Other','Middle Income',8,6, 'N', 'N', 'N', 'img/student.jpg', 13);
insert into StudentInterestGroups (InterestGroupID, StudentEntityID)
values (6,596);
insert into userEntity (UserName, EmailAddress, EntityType)
values ('CarlySurrattM530', 'CarlySurrattM530@turnerAshby.edu', 'STUD');
insert into student (StudentEntityID, FirstName, LastName, MiddleInitial, StreetAddress, Country,City, State,ZipCode, StudentGradeLevel, StudentGPA, StudentACTScore, StudentSATScore, StudentEthnicity, StudentGender, IncomeLevel, DaysAbsent, HoursOfWorkPlaceExp, StudentAthleteFlag, StudentGraduationTrack, StudentEmploymentFlag, StudentImage,SchoolEntityID)
values (597, 'Carly', 'Surratt', 'M', '897 Klein Plaza Apt. 003', 'USA','East Dana','VA','20041','Senior', 3.03, 32, 1525,'Caucasian','Female','Higher Income',5,42, 'N', 'Y', 'N', 'img/student.jpg', 15);
insert into StudentInterestGroups (InterestGroupID, StudentEntityID)
values (1,597);
insert into userEntity (UserName, EmailAddress, EntityType)
values ('EdwardWinchelZ690', 'EdwardWinchelZ690@turnerAshby.edu', 'STUD');
insert into student (StudentEntityID, FirstName, LastName, MiddleInitial, StreetAddress, Country,City, State,ZipCode, StudentGradeLevel, StudentGPA, StudentACTScore, StudentSATScore, StudentEthnicity, StudentGender, IncomeLevel, DaysAbsent, HoursOfWorkPlaceExp, StudentAthleteFlag, StudentGraduationTrack, StudentEmploymentFlag, StudentImage,SchoolEntityID)
values (598, 'Edward', 'Winchel', 'Z', '48739 Ricky Knoll', 'USA','Ayalaport','VA','20040','Junior', 2.68, 23, 1502,'Caucasian','Male','Middle Income',6,34, 'N', 'Y', 'N', 'img/student.jpg', 15);
insert into StudentInterestGroups (InterestGroupID, StudentEntityID)
values (11,598);
insert into StudentInterestGroups (InterestGroupID, StudentEntityID)
values (10,598);
insert into StudentInterestGroups (InterestGroupID, StudentEntityID)
values (8,598);
insert into StudentInterestGroups (InterestGroupID, StudentEntityID)
values (4,598);
insert into StudentInterestGroups (InterestGroupID, StudentEntityID)
values (7,598);
insert into StudentInterestGroups (InterestGroupID, StudentEntityID)
values (5,598);
insert into StudentInterestGroups (InterestGroupID, StudentEntityID)
values (1,598);
insert into userEntity (UserName, EmailAddress, EntityType)
values ('MaryleeLarsonU276', 'MaryleeLarsonU276@rockingham.k12.va.us', 'STUD');
insert into student (StudentEntityID, FirstName, LastName, MiddleInitial, StreetAddress, Country,City, State,ZipCode, StudentGradeLevel, StudentGPA, StudentACTScore, StudentSATScore, StudentEthnicity, StudentGender, IncomeLevel, DaysAbsent, HoursOfWorkPlaceExp, StudentAthleteFlag, StudentGraduationTrack, StudentEmploymentFlag, StudentImage,SchoolEntityID)
values (599, 'Marylee', 'Larson', 'U', '574 Rebecca Island', 'USA','New Meghan','VA','20041','Senior', 1.09, 15, 668,'Caucasian','Female','Middle Income',15,29, 'N', 'N', 'N', 'img/student.jpg', 13);
insert into StudentInterestGroups (InterestGroupID, StudentEntityID)
values (3,599);
insert into StudentInterestGroups (InterestGroupID, StudentEntityID)
values (6,599);
insert into StudentInterestGroups (InterestGroupID, StudentEntityID)
values (8,599);
insert into StudentInterestGroups (InterestGroupID, StudentEntityID)
values (4,599);
insert into StudentInterestGroups (InterestGroupID, StudentEntityID)
values (1,599);
insert into StudentInterestGroups (InterestGroupID, StudentEntityID)
values (12,599);
insert into StudentInterestGroups (InterestGroupID, StudentEntityID)
values (10,599);
insert into StudentInterestGroups (InterestGroupID, StudentEntityID)
values (11,599);
insert into userEntity (UserName, EmailAddress, EntityType)
values ('SabrinaThorntonS728', 'SabrinaThorntonS728@rockingham.k12.va.us', 'STUD');
insert into student (StudentEntityID, FirstName, LastName, MiddleInitial, StreetAddress, Country,City, State,ZipCode, StudentGradeLevel, StudentGPA, StudentACTScore, StudentSATScore, StudentEthnicity, StudentGender, IncomeLevel, DaysAbsent, HoursOfWorkPlaceExp, StudentAthleteFlag, StudentGraduationTrack, StudentEmploymentFlag, StudentImage,SchoolEntityID)
values (600, 'Sabrina', 'Thornton', 'S', '6665 John Ports Apt. 741', 'USA','West Beckyview','VA','20041','Sophomore', 1.45, 0, 0,'Caucasian','Female','Lower Income',15,1, 'Y', 'N', 'Y', 'img/student.jpg', 13);
insert into StudentInterestGroups (InterestGroupID, StudentEntityID)
values (6,600);
insert into userEntity (UserName, EmailAddress, EntityType)
values ('ChristopherKennedyF303', 'ChristopherKennedyF303@harrisonburg.edu', 'STUD');
insert into student (StudentEntityID, FirstName, LastName, MiddleInitial, StreetAddress, Country,City, State,ZipCode, StudentGradeLevel, StudentGPA, StudentACTScore, StudentSATScore, StudentEthnicity, StudentGender, IncomeLevel, DaysAbsent, HoursOfWorkPlaceExp, StudentAthleteFlag, StudentGraduationTrack, StudentEmploymentFlag, StudentImage,SchoolEntityID)
values (601, 'Christopher', 'Kennedy', 'F', '08452 Jeffrey Grove', 'USA','North Justin','VA','20040','Senior', 1.07, 13, 650,'Caucasian','Male','Lower Income',15,22, 'N', 'N', 'Y', 'img/student.jpg', 17);
insert into StudentInterestGroups (InterestGroupID, StudentEntityID)
values (11,601);
insert into StudentInterestGroups (InterestGroupID, StudentEntityID)
values (1,601);
insert into StudentInterestGroups (InterestGroupID, StudentEntityID)
values (10,601);
insert into StudentInterestGroups (InterestGroupID, StudentEntityID)
values (7,601);
insert into StudentInterestGroups (InterestGroupID, StudentEntityID)
values (2,601);
insert into StudentInterestGroups (InterestGroupID, StudentEntityID)
values (6,601);
insert into StudentInterestGroups (InterestGroupID, StudentEntityID)
values (4,601);
insert into userEntity (UserName, EmailAddress, EntityType)
values ('PhilipElliottT400', 'PhilipElliottT400@rockingham.k12.va.us', 'STUD');
insert into student (StudentEntityID, FirstName, LastName, MiddleInitial, StreetAddress, Country,City, State,ZipCode, StudentGradeLevel, StudentGPA, StudentACTScore, StudentSATScore, StudentEthnicity, StudentGender, IncomeLevel, DaysAbsent, HoursOfWorkPlaceExp, StudentAthleteFlag, StudentGraduationTrack, StudentEmploymentFlag, StudentImage,SchoolEntityID)
values (602, 'Philip', 'Elliott', 'T', '9274 Mark Trail', 'USA','North Gregoryland','VA','20041','Senior', 3.55, 35, 1491,'Not selected or Other','Male','Middle Income',5,42, 'N', 'Y', 'N', 'img/student.jpg', 13);
insert into StudentInterestGroups (InterestGroupID, StudentEntityID)
values (1,602);
insert into StudentInterestGroups (InterestGroupID, StudentEntityID)
values (3,602);
insert into StudentInterestGroups (InterestGroupID, StudentEntityID)
values (4,602);
insert into StudentInterestGroups (InterestGroupID, StudentEntityID)
values (11,602);
insert into StudentInterestGroups (InterestGroupID, StudentEntityID)
values (7,602);
insert into StudentInterestGroups (InterestGroupID, StudentEntityID)
values (10,602);
insert into userEntity (UserName, EmailAddress, EntityType)
values ('MitchellGoddardB740', 'MitchellGoddardB740@broadway.edu', 'STUD');
insert into student (StudentEntityID, FirstName, LastName, MiddleInitial, StreetAddress, Country,City, State,ZipCode, StudentGradeLevel, StudentGPA, StudentACTScore, StudentSATScore, StudentEthnicity, StudentGender, IncomeLevel, DaysAbsent, HoursOfWorkPlaceExp, StudentAthleteFlag, StudentGraduationTrack, StudentEmploymentFlag, StudentImage,SchoolEntityID)
values (603, 'Mitchell', 'Goddard', 'B', '3070 Scott Forest Apt. 731', 'USA','South Jodi','VA','20041','Senior', 2.07, 24, 1238,'Asian','Male','Middle Income',14,35, 'Y', 'Y', 'Y', 'img/student.jpg', 16);
insert into StudentInterestGroups (InterestGroupID, StudentEntityID)
values (8,603);
insert into StudentInterestGroups (InterestGroupID, StudentEntityID)
values (10,603);
insert into StudentInterestGroups (InterestGroupID, StudentEntityID)
values (9,603);
insert into StudentInterestGroups (InterestGroupID, StudentEntityID)
values (3,603);
insert into StudentInterestGroups (InterestGroupID, StudentEntityID)
values (2,603);
insert into StudentInterestGroups (InterestGroupID, StudentEntityID)
values (1,603);
insert into StudentInterestGroups (InterestGroupID, StudentEntityID)
values (11,603);
insert into userEntity (UserName, EmailAddress, EntityType)
values ('JenniferMccoardK858', 'JenniferMccoardK858@rockingham.k12.va.us', 'STUD');
insert into student (StudentEntityID, FirstName, LastName, MiddleInitial, StreetAddress, Country,City, State,ZipCode, StudentGradeLevel, StudentGPA, StudentACTScore, StudentSATScore, StudentEthnicity, StudentGender, IncomeLevel, DaysAbsent, HoursOfWorkPlaceExp, StudentAthleteFlag, StudentGraduationTrack, StudentEmploymentFlag, StudentImage,SchoolEntityID)
values (604, 'Jennifer', 'Mccoard', 'K', '5365 Lane Gateway', 'USA','East Andrew','VA','20040','Junior', 2.83, 32, 1120,'Caucasian','Female','Middle Income',5,31, 'Y', 'Y', 'Y', 'img/student.jpg', 13);
insert into StudentInterestGroups (InterestGroupID, StudentEntityID)
values (4,604);
insert into StudentInterestGroups (InterestGroupID, StudentEntityID)
values (10,604);
insert into StudentInterestGroups (InterestGroupID, StudentEntityID)
values (11,604);
insert into userEntity (UserName, EmailAddress, EntityType)
values ('ThelmaHollinsY316', 'ThelmaHollinsY316@rockingham.k12.va.us', 'STUD');
insert into student (StudentEntityID, FirstName, LastName, MiddleInitial, StreetAddress, Country,City, State,ZipCode, StudentGradeLevel, StudentGPA, StudentACTScore, StudentSATScore, StudentEthnicity, StudentGender, IncomeLevel, DaysAbsent, HoursOfWorkPlaceExp, StudentAthleteFlag, StudentGraduationTrack, StudentEmploymentFlag, StudentImage,SchoolEntityID)
values (605, 'Thelma', 'Hollins', 'Y', '72975 Murphy Dam Apt. 576', 'USA','Port Jaime','VA','20040','Junior', 2.15, 26, 1375,'Not selected or Other','Female','Higher Income',5,23, 'Y', 'Y', 'N', 'img/student.jpg', 13);
insert into StudentInterestGroups (InterestGroupID, StudentEntityID)
values (9,605);
insert into StudentInterestGroups (InterestGroupID, StudentEntityID)
values (10,605);
insert into StudentInterestGroups (InterestGroupID, StudentEntityID)
values (6,605);
insert into StudentInterestGroups (InterestGroupID, StudentEntityID)
values (4,605);
insert into StudentInterestGroups (InterestGroupID, StudentEntityID)
values (2,605);
insert into StudentInterestGroups (InterestGroupID, StudentEntityID)
values (8,605);
insert into StudentInterestGroups (InterestGroupID, StudentEntityID)
values (1,605);
insert into userEntity (UserName, EmailAddress, EntityType)
values ('WilliamSaharaF702', 'WilliamSaharaF702@harrisonburg.edu', 'STUD');
insert into student (StudentEntityID, FirstName, LastName, MiddleInitial, StreetAddress, Country,City, State,ZipCode, StudentGradeLevel, StudentGPA, StudentACTScore, StudentSATScore, StudentEthnicity, StudentGender, IncomeLevel, DaysAbsent, HoursOfWorkPlaceExp, StudentAthleteFlag, StudentGraduationTrack, StudentEmploymentFlag, StudentImage,SchoolEntityID)
values (606, 'William', 'Sahara', 'F', '9986 Mercer Canyon', 'USA','Brownstad','VA','20041','Senior', 1.55, 23, 931,'Not selected or Other','Other','Lower Income',14,23, 'Y', 'N', 'N', 'img/student.jpg', 17);
insert into StudentInterestGroups (InterestGroupID, StudentEntityID)
values (9,606);
insert into userEntity (UserName, EmailAddress, EntityType)
values ('DeweyTuckerB467', 'DeweyTuckerB467@harrisonburg.edu', 'STUD');
insert into student (StudentEntityID, FirstName, LastName, MiddleInitial, StreetAddress, Country,City, State,ZipCode, StudentGradeLevel, StudentGPA, StudentACTScore, StudentSATScore, StudentEthnicity, StudentGender, IncomeLevel, DaysAbsent, HoursOfWorkPlaceExp, StudentAthleteFlag, StudentGraduationTrack, StudentEmploymentFlag, StudentImage,SchoolEntityID)
values (607, 'Dewey', 'Tucker', 'B', '4440 Morgan Courts Apt. 561', 'USA','Philipmouth','VA','20041','Senior', 1.7, 18, 977,'Caucasian','Other','Middle Income',14,31, 'Y', 'N', 'N', 'img/student.jpg', 17);
insert into StudentInterestGroups (InterestGroupID, StudentEntityID)
values (6,607);
insert into StudentInterestGroups (InterestGroupID, StudentEntityID)
values (10,607);
insert into StudentInterestGroups (InterestGroupID, StudentEntityID)
values (9,607);
insert into userEntity (UserName, EmailAddress, EntityType)
values ('NormaWallaceV43', 'NormaWallaceV43@turnerAshby.edu', 'STUD');
insert into student (StudentEntityID, FirstName, LastName, MiddleInitial, StreetAddress, Country,City, State,ZipCode, StudentGradeLevel, StudentGPA, StudentACTScore, StudentSATScore, StudentEthnicity, StudentGender, IncomeLevel, DaysAbsent, HoursOfWorkPlaceExp, StudentAthleteFlag, StudentGraduationTrack, StudentEmploymentFlag, StudentImage,SchoolEntityID)
values (608, 'Norma', 'Wallace', 'V', '20975 Megan Ville Suite 607', 'USA','West Timothy','VA','20040','Senior', 1.1, 17, 1207,'Caucasian','Female','Higher Income',15,16, 'Y', 'N', 'Y', 'img/student.jpg', 15);
insert into StudentInterestGroups (InterestGroupID, StudentEntityID)
values (6,608);
insert into StudentInterestGroups (InterestGroupID, StudentEntityID)
values (5,608);
insert into StudentInterestGroups (InterestGroupID, StudentEntityID)
values (7,608);
insert into StudentInterestGroups (InterestGroupID, StudentEntityID)
values (12,608);
insert into userEntity (UserName, EmailAddress, EntityType)
values ('AntoniaSchuchartJ473', 'AntoniaSchuchartJ473@spotswood.edu', 'STUD');
insert into student (StudentEntityID, FirstName, LastName, MiddleInitial, StreetAddress, Country,City, State,ZipCode, StudentGradeLevel, StudentGPA, StudentACTScore, StudentSATScore, StudentEthnicity, StudentGender, IncomeLevel, DaysAbsent, HoursOfWorkPlaceExp, StudentAthleteFlag, StudentGraduationTrack, StudentEmploymentFlag, StudentImage,SchoolEntityID)
values (609, 'Antonia', 'Schuchart', 'J', '8688 Vasquez Highway', 'USA','North Sarahfort','VA','20040','Junior', 2.71, 26, 975,'Asian','Female','Middle Income',5,27, 'Y', 'Y', 'N', 'img/student.jpg', 14);
insert into StudentInterestGroups (InterestGroupID, StudentEntityID)
values (11,609);
insert into StudentInterestGroups (InterestGroupID, StudentEntityID)
values (4,609);
insert into StudentInterestGroups (InterestGroupID, StudentEntityID)
values (10,609);
insert into StudentInterestGroups (InterestGroupID, StudentEntityID)
values (3,609);
insert into StudentInterestGroups (InterestGroupID, StudentEntityID)
values (1,609);
insert into StudentInterestGroups (InterestGroupID, StudentEntityID)
values (5,609);
insert into userEntity (UserName, EmailAddress, EntityType)
values ('KathrynHortonJ411', 'KathrynHortonJ411@harrisonburg.edu', 'STUD');
insert into student (StudentEntityID, FirstName, LastName, MiddleInitial, StreetAddress, Country,City, State,ZipCode, StudentGradeLevel, StudentGPA, StudentACTScore, StudentSATScore, StudentEthnicity, StudentGender, IncomeLevel, DaysAbsent, HoursOfWorkPlaceExp, StudentAthleteFlag, StudentGraduationTrack, StudentEmploymentFlag, StudentImage,SchoolEntityID)
values (610, 'Kathryn', 'Horton', 'J', '269 Hanson Tunnel Suite 483', 'USA','Port Jackie','VA','20041','Senior', 1.65, 17, 923,'Caucasian','Other','Middle Income',9,23, 'N', 'N', 'N', 'img/student.jpg', 17);
insert into StudentInterestGroups (InterestGroupID, StudentEntityID)
values (6,610);
insert into StudentInterestGroups (InterestGroupID, StudentEntityID)
values (3,610);
insert into StudentInterestGroups (InterestGroupID, StudentEntityID)
values (9,610);
insert into StudentInterestGroups (InterestGroupID, StudentEntityID)
values (4,610);
insert into StudentInterestGroups (InterestGroupID, StudentEntityID)
values (10,610);
insert into userEntity (UserName, EmailAddress, EntityType)
values ('AnthonyHicksD66', 'AnthonyHicksD66@spotswood.edu', 'STUD');
insert into student (StudentEntityID, FirstName, LastName, MiddleInitial, StreetAddress, Country,City, State,ZipCode, StudentGradeLevel, StudentGPA, StudentACTScore, StudentSATScore, StudentEthnicity, StudentGender, IncomeLevel, DaysAbsent, HoursOfWorkPlaceExp, StudentAthleteFlag, StudentGraduationTrack, StudentEmploymentFlag, StudentImage,SchoolEntityID)
values (611, 'Anthony', 'Hicks', 'D', '93269 Nichole Springs', 'USA','East Carol','VA','20041','Sophomore', 1.43, 0, 0,'Hispanic','Male','Middle Income',15,4, 'Y', 'N', 'N', 'img/student.jpg', 14);
insert into StudentInterestGroups (InterestGroupID, StudentEntityID)
values (11,611);
insert into StudentInterestGroups (InterestGroupID, StudentEntityID)
values (7,611);
insert into StudentInterestGroups (InterestGroupID, StudentEntityID)
values (2,611);
insert into StudentInterestGroups (InterestGroupID, StudentEntityID)
values (6,611);
insert into StudentInterestGroups (InterestGroupID, StudentEntityID)
values (8,611);
insert into StudentInterestGroups (InterestGroupID, StudentEntityID)
values (3,611);
insert into userEntity (UserName, EmailAddress, EntityType)
values ('CandaceDesbiensH802', 'CandaceDesbiensH802@spotswood.edu', 'STUD');
insert into student (StudentEntityID, FirstName, LastName, MiddleInitial, StreetAddress, Country,City, State,ZipCode, StudentGradeLevel, StudentGPA, StudentACTScore, StudentSATScore, StudentEthnicity, StudentGender, IncomeLevel, DaysAbsent, HoursOfWorkPlaceExp, StudentAthleteFlag, StudentGraduationTrack, StudentEmploymentFlag, StudentImage,SchoolEntityID)
values (612, 'Candace', 'Desbiens', 'H', '73999 Wall Fork Apt. 045', 'USA','Jenniferborough','VA','20041','Junior', 3.52, 35, 1438,'Caucasian','Female','Higher Income',0,30, 'Y', 'Y', 'N', 'img/student.jpg', 14);
insert into StudentInterestGroups (InterestGroupID, StudentEntityID)
values (1,612);
insert into StudentInterestGroups (InterestGroupID, StudentEntityID)
values (8,612);
insert into StudentInterestGroups (InterestGroupID, StudentEntityID)
values (3,612);
insert into StudentInterestGroups (InterestGroupID, StudentEntityID)
values (2,612);
insert into userEntity (UserName, EmailAddress, EntityType)
values ('TabithaOlsonV275', 'TabithaOlsonV275@harrisonburg.edu', 'STUD');
insert into student (StudentEntityID, FirstName, LastName, MiddleInitial, StreetAddress, Country,City, State,ZipCode, StudentGradeLevel, StudentGPA, StudentACTScore, StudentSATScore, StudentEthnicity, StudentGender, IncomeLevel, DaysAbsent, HoursOfWorkPlaceExp, StudentAthleteFlag, StudentGraduationTrack, StudentEmploymentFlag, StudentImage,SchoolEntityID)
values (613, 'Tabitha', 'Olson', 'V', '9654 Moore Street', 'USA','Lindaborough','VA','20041','Senior', 3.84, 28, 1467,'Hispanic','Female','Middle Income',4,41, 'N', 'Y', 'N', 'img/student.jpg', 17);
insert into StudentInterestGroups (InterestGroupID, StudentEntityID)
values (10,613);
insert into StudentInterestGroups (InterestGroupID, StudentEntityID)
values (4,613);
insert into userEntity (UserName, EmailAddress, EntityType)
values ('BarbaraThomsonP836', 'BarbaraThomsonP836@Louisa.edu', 'STUD');
insert into student (StudentEntityID, FirstName, LastName, MiddleInitial, StreetAddress, Country,City, State,ZipCode, StudentGradeLevel, StudentGPA, StudentACTScore, StudentSATScore, StudentEthnicity, StudentGender, IncomeLevel, DaysAbsent, HoursOfWorkPlaceExp, StudentAthleteFlag, StudentGraduationTrack, StudentEmploymentFlag, StudentImage,SchoolEntityID)
values (614, 'Barbara', 'Thomson', 'P', '1063 Billy Parkway', 'USA','Ronaldside','VA','20041','Sophomore', 3.64, 0, 0,'African American','Female','Middle Income',0,21, 'N', 'Y', 'N', 'img/student.jpg', 12);
insert into StudentInterestGroups (InterestGroupID, StudentEntityID)
values (8,614);
insert into StudentInterestGroups (InterestGroupID, StudentEntityID)
values (11,614);
insert into StudentInterestGroups (InterestGroupID, StudentEntityID)
values (6,614);
insert into StudentInterestGroups (InterestGroupID, StudentEntityID)
values (2,614);
insert into StudentInterestGroups (InterestGroupID, StudentEntityID)
values (12,614);
insert into StudentInterestGroups (InterestGroupID, StudentEntityID)
values (5,614);
insert into StudentInterestGroups (InterestGroupID, StudentEntityID)
values (3,614);
insert into StudentInterestGroups (InterestGroupID, StudentEntityID)
values (10,614);
insert into userEntity (UserName, EmailAddress, EntityType)
values ('CharlesNievesW814', 'CharlesNievesW814@Louisa.edu', 'STUD');
insert into student (StudentEntityID, FirstName, LastName, MiddleInitial, StreetAddress, Country,City, State,ZipCode, StudentGradeLevel, StudentGPA, StudentACTScore, StudentSATScore, StudentEthnicity, StudentGender, IncomeLevel, DaysAbsent, HoursOfWorkPlaceExp, StudentAthleteFlag, StudentGraduationTrack, StudentEmploymentFlag, StudentImage,SchoolEntityID)
values (615, 'Charles', 'Nieves', 'W', '6155 Horton Lane Suite 404', 'USA','Walkerburgh','VA','20041','Freshmen', 3.36, 0, 0,'Not selected or Other','Male','Higher Income',0,18, 'N', 'Y', 'Y', 'img/student.jpg', 12);
insert into StudentInterestGroups (InterestGroupID, StudentEntityID)
values (3,615);
insert into StudentInterestGroups (InterestGroupID, StudentEntityID)
values (6,615);
insert into StudentInterestGroups (InterestGroupID, StudentEntityID)
values (2,615);
insert into StudentInterestGroups (InterestGroupID, StudentEntityID)
values (10,615);
insert into StudentInterestGroups (InterestGroupID, StudentEntityID)
values (12,615);
insert into StudentInterestGroups (InterestGroupID, StudentEntityID)
values (8,615);
insert into userEntity (UserName, EmailAddress, EntityType)
values ('BettyClarkQ607', 'BettyClarkQ607@Louisa.edu', 'STUD');
insert into student (StudentEntityID, FirstName, LastName, MiddleInitial, StreetAddress, Country,City, State,ZipCode, StudentGradeLevel, StudentGPA, StudentACTScore, StudentSATScore, StudentEthnicity, StudentGender, IncomeLevel, DaysAbsent, HoursOfWorkPlaceExp, StudentAthleteFlag, StudentGraduationTrack, StudentEmploymentFlag, StudentImage,SchoolEntityID)
values (616, 'Betty', 'Clark', 'Q', '8573 Hall Spur', 'USA','Ryanhaven','VA','20040','Junior', 2.28, 21, 892,'Not selected or Other','Female','Lower Income',12,30, 'Y', 'Y', 'N', 'img/student.jpg', 12);
insert into StudentInterestGroups (InterestGroupID, StudentEntityID)
values (4,616);
insert into StudentInterestGroups (InterestGroupID, StudentEntityID)
values (6,616);
insert into userEntity (UserName, EmailAddress, EntityType)
values ('JosephDejesusK943', 'JosephDejesusK943@rockingham.k12.va.us', 'STUD');
insert into student (StudentEntityID, FirstName, LastName, MiddleInitial, StreetAddress, Country,City, State,ZipCode, StudentGradeLevel, StudentGPA, StudentACTScore, StudentSATScore, StudentEthnicity, StudentGender, IncomeLevel, DaysAbsent, HoursOfWorkPlaceExp, StudentAthleteFlag, StudentGraduationTrack, StudentEmploymentFlag, StudentImage,SchoolEntityID)
values (617, 'Joseph', 'Dejesus', 'K', '6454 Anderson Lane Apt. 155', 'USA','New Stephanieborough','VA','20041','Sophomore', 2.22, 0, 0,'Hispanic','Male','Lower Income',13,14, 'Y', 'Y', 'Y', 'img/student.jpg', 13);
insert into StudentInterestGroups (InterestGroupID, StudentEntityID)
values (11,617);
insert into StudentInterestGroups (InterestGroupID, StudentEntityID)
values (10,617);
insert into StudentInterestGroups (InterestGroupID, StudentEntityID)
values (4,617);
insert into StudentInterestGroups (InterestGroupID, StudentEntityID)
values (8,617);
insert into userEntity (UserName, EmailAddress, EntityType)
values ('RuthVossH401', 'RuthVossH401@broadway.edu', 'STUD');
insert into student (StudentEntityID, FirstName, LastName, MiddleInitial, StreetAddress, Country,City, State,ZipCode, StudentGradeLevel, StudentGPA, StudentACTScore, StudentSATScore, StudentEthnicity, StudentGender, IncomeLevel, DaysAbsent, HoursOfWorkPlaceExp, StudentAthleteFlag, StudentGraduationTrack, StudentEmploymentFlag, StudentImage,SchoolEntityID)
values (618, 'Ruth', 'Voss', 'H', '70634 Miller Plaza', 'USA','Lake Donaldhaven','VA','20041','Freshmen', 2.76, 0, 0,'Caucasian','Female','Lower Income',5,11, 'Y', 'Y', 'Y', 'img/student.jpg', 16);
insert into StudentInterestGroups (InterestGroupID, StudentEntityID)
values (12,618);
insert into StudentInterestGroups (InterestGroupID, StudentEntityID)
values (1,618);
insert into StudentInterestGroups (InterestGroupID, StudentEntityID)
values (2,618);
insert into userEntity (UserName, EmailAddress, EntityType)
values ('DanielHawkinsI360', 'DanielHawkinsI360@rockingham.k12.va.us', 'STUD');
insert into student (StudentEntityID, FirstName, LastName, MiddleInitial, StreetAddress, Country,City, State,ZipCode, StudentGradeLevel, StudentGPA, StudentACTScore, StudentSATScore, StudentEthnicity, StudentGender, IncomeLevel, DaysAbsent, HoursOfWorkPlaceExp, StudentAthleteFlag, StudentGraduationTrack, StudentEmploymentFlag, StudentImage,SchoolEntityID)
values (619, 'Daniel', 'Hawkins', 'I', '78025 Johnson Springs', 'USA','Carlosstad','VA','20040','Sophomore', 3.11, 0, 0,'Caucasian','Male','Lower Income',3,24, 'Y', 'Y', 'Y', 'img/student.jpg', 13);
insert into StudentInterestGroups (InterestGroupID, StudentEntityID)
values (5,619);
insert into StudentInterestGroups (InterestGroupID, StudentEntityID)
values (10,619);
insert into StudentInterestGroups (InterestGroupID, StudentEntityID)
values (2,619);
insert into StudentInterestGroups (InterestGroupID, StudentEntityID)
values (4,619);
insert into StudentInterestGroups (InterestGroupID, StudentEntityID)
values (8,619);
insert into StudentInterestGroups (InterestGroupID, StudentEntityID)
values (7,619);
insert into StudentInterestGroups (InterestGroupID, StudentEntityID)
values (11,619);
insert into userEntity (UserName, EmailAddress, EntityType)
values ('CatherineTetreaultV393', 'CatherineTetreaultV393@broadway.edu', 'STUD');
insert into student (StudentEntityID, FirstName, LastName, MiddleInitial, StreetAddress, Country,City, State,ZipCode, StudentGradeLevel, StudentGPA, StudentACTScore, StudentSATScore, StudentEthnicity, StudentGender, IncomeLevel, DaysAbsent, HoursOfWorkPlaceExp, StudentAthleteFlag, StudentGraduationTrack, StudentEmploymentFlag, StudentImage,SchoolEntityID)
values (620, 'Catherine', 'Tetreault', 'V', '22933 Flores Court', 'USA','Nataliemouth','VA','20041','Junior', 3.09, 30, 1339,'Caucasian','Female','Lower Income',4,32, 'Y', 'Y', 'Y', 'img/student.jpg', 16);
insert into StudentInterestGroups (InterestGroupID, StudentEntityID)
values (6,620);
insert into StudentInterestGroups (InterestGroupID, StudentEntityID)
values (8,620);
insert into StudentInterestGroups (InterestGroupID, StudentEntityID)
values (5,620);
insert into StudentInterestGroups (InterestGroupID, StudentEntityID)
values (7,620);
insert into StudentInterestGroups (InterestGroupID, StudentEntityID)
values (10,620);
insert into userEntity (UserName, EmailAddress, EntityType)
values ('NormaBerryB104', 'NormaBerryB104@spotswood.edu', 'STUD');
insert into student (StudentEntityID, FirstName, LastName, MiddleInitial, StreetAddress, Country,City, State,ZipCode, StudentGradeLevel, StudentGPA, StudentACTScore, StudentSATScore, StudentEthnicity, StudentGender, IncomeLevel, DaysAbsent, HoursOfWorkPlaceExp, StudentAthleteFlag, StudentGraduationTrack, StudentEmploymentFlag, StudentImage,SchoolEntityID)
values (621, 'Norma', 'Berry', 'B', '598 Scott Glens Apt. 295', 'USA','South Daniel','VA','20041','Sophomore', 2.04, 0, 0,'Caucasian','Female','Middle Income',3,17, 'N', 'Y', 'Y', 'img/student.jpg', 14);
insert into StudentInterestGroups (InterestGroupID, StudentEntityID)
values (3,621);
insert into userEntity (UserName, EmailAddress, EntityType)
values ('RaymundoBenningerH976', 'RaymundoBenningerH976@turnerAshby.edu', 'STUD');
insert into student (StudentEntityID, FirstName, LastName, MiddleInitial, StreetAddress, Country,City, State,ZipCode, StudentGradeLevel, StudentGPA, StudentACTScore, StudentSATScore, StudentEthnicity, StudentGender, IncomeLevel, DaysAbsent, HoursOfWorkPlaceExp, StudentAthleteFlag, StudentGraduationTrack, StudentEmploymentFlag, StudentImage,SchoolEntityID)
values (622, 'Raymundo', 'Benninger', 'H', '8279 Montgomery Summit', 'USA','Singhborough','VA','20040','Senior', 3.87, 27, 1307,'Caucasian','Male','Higher Income',3,37, 'Y', 'Y', 'N', 'img/student.jpg', 15);
insert into StudentInterestGroups (InterestGroupID, StudentEntityID)
values (6,622);
insert into StudentInterestGroups (InterestGroupID, StudentEntityID)
values (10,622);
insert into StudentInterestGroups (InterestGroupID, StudentEntityID)
values (2,622);
insert into StudentInterestGroups (InterestGroupID, StudentEntityID)
values (1,622);
insert into StudentInterestGroups (InterestGroupID, StudentEntityID)
values (5,622);
insert into StudentInterestGroups (InterestGroupID, StudentEntityID)
values (11,622);
insert into StudentInterestGroups (InterestGroupID, StudentEntityID)
values (12,622);
insert into userEntity (UserName, EmailAddress, EntityType)
values ('PamelaMcgheeR149', 'PamelaMcgheeR149@broadway.edu', 'STUD');
insert into student (StudentEntityID, FirstName, LastName, MiddleInitial, StreetAddress, Country,City, State,ZipCode, StudentGradeLevel, StudentGPA, StudentACTScore, StudentSATScore, StudentEthnicity, StudentGender, IncomeLevel, DaysAbsent, HoursOfWorkPlaceExp, StudentAthleteFlag, StudentGraduationTrack, StudentEmploymentFlag, StudentImage,SchoolEntityID)
values (623, 'Pamela', 'Mcghee', 'R', '48365 Rivera Village Apt. 868', 'USA','Williamston','VA','20041','Sophomore', 2.97, 0, 0,'Caucasian','Female','Middle Income',4,18, 'N', 'Y', 'Y', 'img/student.jpg', 16);
insert into StudentInterestGroups (InterestGroupID, StudentEntityID)
values (7,623);
insert into StudentInterestGroups (InterestGroupID, StudentEntityID)
values (11,623);
insert into StudentInterestGroups (InterestGroupID, StudentEntityID)
values (12,623);
insert into StudentInterestGroups (InterestGroupID, StudentEntityID)
values (2,623);
insert into userEntity (UserName, EmailAddress, EntityType)
values ('WilliamLopezJ290', 'WilliamLopezJ290@rockingham.k12.va.us', 'STUD');
insert into student (StudentEntityID, FirstName, LastName, MiddleInitial, StreetAddress, Country,City, State,ZipCode, StudentGradeLevel, StudentGPA, StudentACTScore, StudentSATScore, StudentEthnicity, StudentGender, IncomeLevel, DaysAbsent, HoursOfWorkPlaceExp, StudentAthleteFlag, StudentGraduationTrack, StudentEmploymentFlag, StudentImage,SchoolEntityID)
values (624, 'William', 'Lopez', 'J', '297 Chelsea Parks Suite 176', 'USA','New Travisside','VA','20040','Sophomore', 2.09, 0, 0,'Caucasian','Other','Middle Income',9,14, 'Y', 'Y', 'N', 'img/student.jpg', 13);
insert into StudentInterestGroups (InterestGroupID, StudentEntityID)
values (11,624);
insert into StudentInterestGroups (InterestGroupID, StudentEntityID)
values (10,624);
insert into StudentInterestGroups (InterestGroupID, StudentEntityID)
values (6,624);
insert into StudentInterestGroups (InterestGroupID, StudentEntityID)
values (8,624);
insert into userEntity (UserName, EmailAddress, EntityType)
values ('DennisTritzP107', 'DennisTritzP107@harrisonburg.edu', 'STUD');
insert into student (StudentEntityID, FirstName, LastName, MiddleInitial, StreetAddress, Country,City, State,ZipCode, StudentGradeLevel, StudentGPA, StudentACTScore, StudentSATScore, StudentEthnicity, StudentGender, IncomeLevel, DaysAbsent, HoursOfWorkPlaceExp, StudentAthleteFlag, StudentGraduationTrack, StudentEmploymentFlag, StudentImage,SchoolEntityID)
values (625, 'Dennis', 'Tritz', 'P', '180 Rhonda Dam Suite 946', 'USA','West Jerry','VA','20040','Sophomore', 2.91, 0, 0,'Caucasian','Male','Middle Income',6,24, 'Y', 'Y', 'Y', 'img/student.jpg', 17);
insert into StudentInterestGroups (InterestGroupID, StudentEntityID)
values (6,625);
insert into StudentInterestGroups (InterestGroupID, StudentEntityID)
values (11,625);
insert into StudentInterestGroups (InterestGroupID, StudentEntityID)
values (7,625);
insert into StudentInterestGroups (InterestGroupID, StudentEntityID)
values (3,625);
insert into StudentInterestGroups (InterestGroupID, StudentEntityID)
values (1,625);
insert into userEntity (UserName, EmailAddress, EntityType)
values ('MichaelRickerX31', 'MichaelRickerX31@turnerAshby.edu', 'STUD');
insert into student (StudentEntityID, FirstName, LastName, MiddleInitial, StreetAddress, Country,City, State,ZipCode, StudentGradeLevel, StudentGPA, StudentACTScore, StudentSATScore, StudentEthnicity, StudentGender, IncomeLevel, DaysAbsent, HoursOfWorkPlaceExp, StudentAthleteFlag, StudentGraduationTrack, StudentEmploymentFlag, StudentImage,SchoolEntityID)
values (626, 'Michael', 'Ricker', 'X', '3153 Morgan Forges Apt. 681', 'USA','New Tiffany','VA','20040','Sophomore', 2.78, 0, 0,'Not selected or Other','Male','Lower Income',3,15, 'Y', 'Y', 'N', 'img/student.jpg', 15);
insert into StudentInterestGroups (InterestGroupID, StudentEntityID)
values (5,626);
insert into StudentInterestGroups (InterestGroupID, StudentEntityID)
values (12,626);
insert into StudentInterestGroups (InterestGroupID, StudentEntityID)
values (11,626);
insert into StudentInterestGroups (InterestGroupID, StudentEntityID)
values (7,626);
insert into userEntity (UserName, EmailAddress, EntityType)
values ('GabrielMorrowX366', 'GabrielMorrowX366@harrisonburg.edu', 'STUD');
insert into student (StudentEntityID, FirstName, LastName, MiddleInitial, StreetAddress, Country,City, State,ZipCode, StudentGradeLevel, StudentGPA, StudentACTScore, StudentSATScore, StudentEthnicity, StudentGender, IncomeLevel, DaysAbsent, HoursOfWorkPlaceExp, StudentAthleteFlag, StudentGraduationTrack, StudentEmploymentFlag, StudentImage,SchoolEntityID)
values (627, 'Gabriel', 'Morrow', 'X', '39347 Bates Run', 'USA','Murraymouth','VA','20040','Sophomore', 3.26, 0, 0,'Caucasian','Male','Higher Income',0,21, 'Y', 'Y', 'Y', 'img/student.jpg', 17);
insert into StudentInterestGroups (InterestGroupID, StudentEntityID)
values (2,627);
insert into StudentInterestGroups (InterestGroupID, StudentEntityID)
values (8,627);
insert into StudentInterestGroups (InterestGroupID, StudentEntityID)
values (10,627);
insert into StudentInterestGroups (InterestGroupID, StudentEntityID)
values (4,627);
insert into StudentInterestGroups (InterestGroupID, StudentEntityID)
values (7,627);
insert into StudentInterestGroups (InterestGroupID, StudentEntityID)
values (1,627);
insert into StudentInterestGroups (InterestGroupID, StudentEntityID)
values (6,627);
insert into userEntity (UserName, EmailAddress, EntityType)
values ('KimberlyVillarrealA424', 'KimberlyVillarrealA424@broadway.edu', 'STUD');
insert into student (StudentEntityID, FirstName, LastName, MiddleInitial, StreetAddress, Country,City, State,ZipCode, StudentGradeLevel, StudentGPA, StudentACTScore, StudentSATScore, StudentEthnicity, StudentGender, IncomeLevel, DaysAbsent, HoursOfWorkPlaceExp, StudentAthleteFlag, StudentGraduationTrack, StudentEmploymentFlag, StudentImage,SchoolEntityID)
values (628, 'Kimberly', 'Villarreal', 'A', '5840 Brown Forges', 'USA','Colemanfurt','VA','20041','Freshmen', 2.19, 0, 0,'Caucasian','Female','Higher Income',8,12, 'Y', 'Y', 'Y', 'img/student.jpg', 16);
insert into StudentInterestGroups (InterestGroupID, StudentEntityID)
values (9,628);
insert into StudentInterestGroups (InterestGroupID, StudentEntityID)
values (7,628);
insert into StudentInterestGroups (InterestGroupID, StudentEntityID)
values (5,628);
insert into StudentInterestGroups (InterestGroupID, StudentEntityID)
values (2,628);
insert into StudentInterestGroups (InterestGroupID, StudentEntityID)
values (3,628);
insert into StudentInterestGroups (InterestGroupID, StudentEntityID)
values (11,628);
insert into StudentInterestGroups (InterestGroupID, StudentEntityID)
values (10,628);
insert into userEntity (UserName, EmailAddress, EntityType)
values ('VeraAnthonyT790', 'VeraAnthonyT790@broadway.edu', 'STUD');
insert into student (StudentEntityID, FirstName, LastName, MiddleInitial, StreetAddress, Country,City, State,ZipCode, StudentGradeLevel, StudentGPA, StudentACTScore, StudentSATScore, StudentEthnicity, StudentGender, IncomeLevel, DaysAbsent, HoursOfWorkPlaceExp, StudentAthleteFlag, StudentGraduationTrack, StudentEmploymentFlag, StudentImage,SchoolEntityID)
values (629, 'Vera', 'Anthony', 'T', '4633 Schwartz Meadow', 'USA','Lake Victorland','VA','20041','Freshmen', 2.03, 0, 0,'Caucasian','Female','Lower Income',14,8, 'Y', 'Y', 'N', 'img/student.jpg', 16);
insert into StudentInterestGroups (InterestGroupID, StudentEntityID)
values (6,629);
insert into StudentInterestGroups (InterestGroupID, StudentEntityID)
values (10,629);
insert into StudentInterestGroups (InterestGroupID, StudentEntityID)
values (9,629);
insert into StudentInterestGroups (InterestGroupID, StudentEntityID)
values (11,629);
insert into userEntity (UserName, EmailAddress, EntityType)
values ('JosephinePeckC203', 'JosephinePeckC203@turnerAshby.edu', 'STUD');
insert into student (StudentEntityID, FirstName, LastName, MiddleInitial, StreetAddress, Country,City, State,ZipCode, StudentGradeLevel, StudentGPA, StudentACTScore, StudentSATScore, StudentEthnicity, StudentGender, IncomeLevel, DaysAbsent, HoursOfWorkPlaceExp, StudentAthleteFlag, StudentGraduationTrack, StudentEmploymentFlag, StudentImage,SchoolEntityID)
values (630, 'Josephine', 'Peck', 'C', '4714 Carson Spring Suite 539', 'USA','North Danielhaven','VA','20041','Junior', 3.09, 24, 1517,'Caucasian','Female','Lower Income',0,28, 'N', 'Y', 'N', 'img/student.jpg', 15);
insert into StudentInterestGroups (InterestGroupID, StudentEntityID)
values (10,630);
insert into userEntity (UserName, EmailAddress, EntityType)
values ('ChrisVelezO483', 'ChrisVelezO483@turnerAshby.edu', 'STUD');
insert into student (StudentEntityID, FirstName, LastName, MiddleInitial, StreetAddress, Country,City, State,ZipCode, StudentGradeLevel, StudentGPA, StudentACTScore, StudentSATScore, StudentEthnicity, StudentGender, IncomeLevel, DaysAbsent, HoursOfWorkPlaceExp, StudentAthleteFlag, StudentGraduationTrack, StudentEmploymentFlag, StudentImage,SchoolEntityID)
values (631, 'Chris', 'Velez', 'O', '5230 Moore Ferry', 'USA','Sullivanfurt','VA','20040','Junior', 3.49, 30, 1439,'Pacific Islander','Male','Higher Income',0,26, 'N', 'Y', 'N', 'img/student.jpg', 15);
insert into StudentInterestGroups (InterestGroupID, StudentEntityID)
values (10,631);
insert into StudentInterestGroups (InterestGroupID, StudentEntityID)
values (6,631);
insert into StudentInterestGroups (InterestGroupID, StudentEntityID)
values (11,631);
insert into StudentInterestGroups (InterestGroupID, StudentEntityID)
values (4,631);
insert into userEntity (UserName, EmailAddress, EntityType)
values ('LarryWoodardV679', 'LarryWoodardV679@spotswood.edu', 'STUD');
insert into student (StudentEntityID, FirstName, LastName, MiddleInitial, StreetAddress, Country,City, State,ZipCode, StudentGradeLevel, StudentGPA, StudentACTScore, StudentSATScore, StudentEthnicity, StudentGender, IncomeLevel, DaysAbsent, HoursOfWorkPlaceExp, StudentAthleteFlag, StudentGraduationTrack, StudentEmploymentFlag, StudentImage,SchoolEntityID)
values (632, 'Larry', 'Woodard', 'V', '7038 Mccarthy Well Apt. 783', 'USA','South Carla','VA','20040','Junior', 1.37, 19, 954,'Pacific Islander','Other','Middle Income',14,19, 'Y', 'N', 'N', 'img/student.jpg', 14);
insert into StudentInterestGroups (InterestGroupID, StudentEntityID)
values (12,632);
insert into StudentInterestGroups (InterestGroupID, StudentEntityID)
values (8,632);
insert into StudentInterestGroups (InterestGroupID, StudentEntityID)
values (2,632);
insert into StudentInterestGroups (InterestGroupID, StudentEntityID)
values (7,632);
insert into StudentInterestGroups (InterestGroupID, StudentEntityID)
values (4,632);
insert into StudentInterestGroups (InterestGroupID, StudentEntityID)
values (3,632);
insert into userEntity (UserName, EmailAddress, EntityType)
values ('MichaelFullardH970', 'MichaelFullardH970@turnerAshby.edu', 'STUD');
insert into student (StudentEntityID, FirstName, LastName, MiddleInitial, StreetAddress, Country,City, State,ZipCode, StudentGradeLevel, StudentGPA, StudentACTScore, StudentSATScore, StudentEthnicity, StudentGender, IncomeLevel, DaysAbsent, HoursOfWorkPlaceExp, StudentAthleteFlag, StudentGraduationTrack, StudentEmploymentFlag, StudentImage,SchoolEntityID)
values (633, 'Michael', 'Fullard', 'H', '49649 Garcia Extensions', 'USA','North Kristaburgh','VA','20041','Sophomore', 2.68, 0, 0,'Caucasian','Male','Middle Income',4,18, 'Y', 'Y', 'Y', 'img/student.jpg', 15);
insert into StudentInterestGroups (InterestGroupID, StudentEntityID)
values (2,633);
insert into StudentInterestGroups (InterestGroupID, StudentEntityID)
values (11,633);
insert into StudentInterestGroups (InterestGroupID, StudentEntityID)
values (5,633);
insert into StudentInterestGroups (InterestGroupID, StudentEntityID)
values (7,633);
insert into StudentInterestGroups (InterestGroupID, StudentEntityID)
values (3,633);
insert into StudentInterestGroups (InterestGroupID, StudentEntityID)
values (8,633);
insert into StudentInterestGroups (InterestGroupID, StudentEntityID)
values (10,633);
insert into userEntity (UserName, EmailAddress, EntityType)
values ('HarryBooeE646', 'HarryBooeE646@harrisonburg.edu', 'STUD');
insert into student (StudentEntityID, FirstName, LastName, MiddleInitial, StreetAddress, Country,City, State,ZipCode, StudentGradeLevel, StudentGPA, StudentACTScore, StudentSATScore, StudentEthnicity, StudentGender, IncomeLevel, DaysAbsent, HoursOfWorkPlaceExp, StudentAthleteFlag, StudentGraduationTrack, StudentEmploymentFlag, StudentImage,SchoolEntityID)
values (634, 'Harry', 'Booe', 'E', '87681 Benson Locks', 'USA','Toddmouth','VA','20041','Senior', 1.08, 16, 645,'Caucasian','Male','Higher Income',13,15, 'Y', 'N', 'Y', 'img/student.jpg', 17);
insert into StudentInterestGroups (InterestGroupID, StudentEntityID)
values (9,634);
insert into StudentInterestGroups (InterestGroupID, StudentEntityID)
values (1,634);
insert into StudentInterestGroups (InterestGroupID, StudentEntityID)
values (3,634);
insert into StudentInterestGroups (InterestGroupID, StudentEntityID)
values (6,634);
insert into userEntity (UserName, EmailAddress, EntityType)
values ('ChaseBrindleL893', 'ChaseBrindleL893@spotswood.edu', 'STUD');
insert into student (StudentEntityID, FirstName, LastName, MiddleInitial, StreetAddress, Country,City, State,ZipCode, StudentGradeLevel, StudentGPA, StudentACTScore, StudentSATScore, StudentEthnicity, StudentGender, IncomeLevel, DaysAbsent, HoursOfWorkPlaceExp, StudentAthleteFlag, StudentGraduationTrack, StudentEmploymentFlag, StudentImage,SchoolEntityID)
values (635, 'Chase', 'Brindle', 'L', '26978 Michele Cliff Apt. 901', 'USA','Elizabethfort','VA','20040','Senior', 1.74, 19, 1135,'Hispanic','Male','Higher Income',14,34, 'Y', 'N', 'N', 'img/student.jpg', 14);
insert into StudentInterestGroups (InterestGroupID, StudentEntityID)
values (7,635);
insert into StudentInterestGroups (InterestGroupID, StudentEntityID)
values (1,635);
insert into StudentInterestGroups (InterestGroupID, StudentEntityID)
values (3,635);
insert into StudentInterestGroups (InterestGroupID, StudentEntityID)
values (2,635);
insert into StudentInterestGroups (InterestGroupID, StudentEntityID)
values (8,635);
insert into StudentInterestGroups (InterestGroupID, StudentEntityID)
values (4,635);
insert into userEntity (UserName, EmailAddress, EntityType)
values ('RuthMcgrawE844', 'RuthMcgrawE844@harrisonburg.edu', 'STUD');
insert into student (StudentEntityID, FirstName, LastName, MiddleInitial, StreetAddress, Country,City, State,ZipCode, StudentGradeLevel, StudentGPA, StudentACTScore, StudentSATScore, StudentEthnicity, StudentGender, IncomeLevel, DaysAbsent, HoursOfWorkPlaceExp, StudentAthleteFlag, StudentGraduationTrack, StudentEmploymentFlag, StudentImage,SchoolEntityID)
values (636, 'Ruth', 'Mcgraw', 'E', '9807 Christine Junctions Suite 220', 'USA','Ronaldborough','VA','20041','Freshmen', 2.45, 0, 0,'Hispanic','Female','Middle Income',6,14, 'N', 'Y', 'Y', 'img/student.jpg', 17);
insert into StudentInterestGroups (InterestGroupID, StudentEntityID)
values (11,636);
insert into StudentInterestGroups (InterestGroupID, StudentEntityID)
values (7,636);
insert into userEntity (UserName, EmailAddress, EntityType)
values ('EdwardGleavesP87', 'EdwardGleavesP87@harrisonburg.edu', 'STUD');
insert into student (StudentEntityID, FirstName, LastName, MiddleInitial, StreetAddress, Country,City, State,ZipCode, StudentGradeLevel, StudentGPA, StudentACTScore, StudentSATScore, StudentEthnicity, StudentGender, IncomeLevel, DaysAbsent, HoursOfWorkPlaceExp, StudentAthleteFlag, StudentGraduationTrack, StudentEmploymentFlag, StudentImage,SchoolEntityID)
values (637, 'Edward', 'Gleaves', 'P', '417 Michelle Village Apt. 006', 'USA','Fosterland','VA','20040','Senior', 3.19, 34, 1419,'Caucasian','Male','Middle Income',4,33, 'N', 'Y', 'Y', 'img/student.jpg', 17);
insert into StudentInterestGroups (InterestGroupID, StudentEntityID)
values (1,637);
insert into StudentInterestGroups (InterestGroupID, StudentEntityID)
values (9,637);
insert into StudentInterestGroups (InterestGroupID, StudentEntityID)
values (11,637);
insert into StudentInterestGroups (InterestGroupID, StudentEntityID)
values (3,637);
insert into userEntity (UserName, EmailAddress, EntityType)
values ('JoseWentzJ889', 'JoseWentzJ889@broadway.edu', 'STUD');
insert into student (StudentEntityID, FirstName, LastName, MiddleInitial, StreetAddress, Country,City, State,ZipCode, StudentGradeLevel, StudentGPA, StudentACTScore, StudentSATScore, StudentEthnicity, StudentGender, IncomeLevel, DaysAbsent, HoursOfWorkPlaceExp, StudentAthleteFlag, StudentGraduationTrack, StudentEmploymentFlag, StudentImage,SchoolEntityID)
values (638, 'Jose', 'Wentz', 'J', '97518 Smith Port', 'USA','Harrisport','VA','20040','Junior', 1.64, 22, 803,'Caucasian','Male','Lower Income',15,17, 'Y', 'N', 'N', 'img/student.jpg', 16);
insert into StudentInterestGroups (InterestGroupID, StudentEntityID)
values (11,638);
insert into StudentInterestGroups (InterestGroupID, StudentEntityID)
values (10,638);
insert into StudentInterestGroups (InterestGroupID, StudentEntityID)
values (12,638);
insert into userEntity (UserName, EmailAddress, EntityType)
values ('LaurieSedotalV967', 'LaurieSedotalV967@harrisonburg.edu', 'STUD');
insert into student (StudentEntityID, FirstName, LastName, MiddleInitial, StreetAddress, Country,City, State,ZipCode, StudentGradeLevel, StudentGPA, StudentACTScore, StudentSATScore, StudentEthnicity, StudentGender, IncomeLevel, DaysAbsent, HoursOfWorkPlaceExp, StudentAthleteFlag, StudentGraduationTrack, StudentEmploymentFlag, StudentImage,SchoolEntityID)
values (639, 'Laurie', 'Sedotal', 'V', '90917 Megan Brooks Apt. 080', 'USA','Vanessamouth','VA','20041','Junior', 1.19, 14, 1011,'Hispanic','Female','Lower Income',14,20, 'N', 'N', 'Y', 'img/student.jpg', 17);
insert into StudentInterestGroups (InterestGroupID, StudentEntityID)
values (1,639);
insert into StudentInterestGroups (InterestGroupID, StudentEntityID)
values (5,639);
insert into userEntity (UserName, EmailAddress, EntityType)
values ('BlancheDeryC205', 'BlancheDeryC205@rockingham.k12.va.us', 'STUD');
insert into student (StudentEntityID, FirstName, LastName, MiddleInitial, StreetAddress, Country,City, State,ZipCode, StudentGradeLevel, StudentGPA, StudentACTScore, StudentSATScore, StudentEthnicity, StudentGender, IncomeLevel, DaysAbsent, HoursOfWorkPlaceExp, StudentAthleteFlag, StudentGraduationTrack, StudentEmploymentFlag, StudentImage,SchoolEntityID)
values (640, 'Blanche', 'Dery', 'C', '424 Jeffrey Forks', 'USA','Williamsmouth','VA','20041','Sophomore', 3.12, 0, 0,'Hispanic','Female','Lower Income',5,21, 'N', 'Y', 'N', 'img/student.jpg', 13);
insert into StudentInterestGroups (InterestGroupID, StudentEntityID)
values (12,640);
insert into StudentInterestGroups (InterestGroupID, StudentEntityID)
values (4,640);
insert into StudentInterestGroups (InterestGroupID, StudentEntityID)
values (8,640);
insert into StudentInterestGroups (InterestGroupID, StudentEntityID)
values (6,640);
insert into StudentInterestGroups (InterestGroupID, StudentEntityID)
values (10,640);
insert into userEntity (UserName, EmailAddress, EntityType)
values ('RafaelGoreS178', 'RafaelGoreS178@Louisa.edu', 'STUD');
insert into student (StudentEntityID, FirstName, LastName, MiddleInitial, StreetAddress, Country,City, State,ZipCode, StudentGradeLevel, StudentGPA, StudentACTScore, StudentSATScore, StudentEthnicity, StudentGender, IncomeLevel, DaysAbsent, HoursOfWorkPlaceExp, StudentAthleteFlag, StudentGraduationTrack, StudentEmploymentFlag, StudentImage,SchoolEntityID)
values (641, 'Rafael', 'Gore', 'S', '7216 Yoder Circle Apt. 196', 'USA','North Christopher','VA','20041','Junior', 1.28, 17, 1067,'Caucasian','Male','Lower Income',14,16, 'Y', 'N', 'Y', 'img/student.jpg', 12);
insert into StudentInterestGroups (InterestGroupID, StudentEntityID)
values (9,641);
insert into userEntity (UserName, EmailAddress, EntityType)
values ('CharlesSinclairN326', 'CharlesSinclairN326@harrisonburg.edu', 'STUD');
insert into student (StudentEntityID, FirstName, LastName, MiddleInitial, StreetAddress, Country,City, State,ZipCode, StudentGradeLevel, StudentGPA, StudentACTScore, StudentSATScore, StudentEthnicity, StudentGender, IncomeLevel, DaysAbsent, HoursOfWorkPlaceExp, StudentAthleteFlag, StudentGraduationTrack, StudentEmploymentFlag, StudentImage,SchoolEntityID)
values (642, 'Charles', 'Sinclair', 'N', '01552 Eric Mountain', 'USA','West Danielfort','VA','20041','Junior', 1.04, 19, 1248,'Caucasian','Male','Middle Income',13,19, 'N', 'N', 'N', 'img/student.jpg', 17);
insert into StudentInterestGroups (InterestGroupID, StudentEntityID)
values (8,642);
insert into StudentInterestGroups (InterestGroupID, StudentEntityID)
values (10,642);
insert into StudentInterestGroups (InterestGroupID, StudentEntityID)
values (1,642);
insert into StudentInterestGroups (InterestGroupID, StudentEntityID)
values (3,642);
insert into StudentInterestGroups (InterestGroupID, StudentEntityID)
values (5,642);
insert into StudentInterestGroups (InterestGroupID, StudentEntityID)
values (4,642);
insert into StudentInterestGroups (InterestGroupID, StudentEntityID)
values (11,642);
insert into StudentInterestGroups (InterestGroupID, StudentEntityID)
values (9,642);
insert into userEntity (UserName, EmailAddress, EntityType)
values ('RobertMorganP394', 'RobertMorganP394@rockingham.k12.va.us', 'STUD');
insert into student (StudentEntityID, FirstName, LastName, MiddleInitial, StreetAddress, Country,City, State,ZipCode, StudentGradeLevel, StudentGPA, StudentACTScore, StudentSATScore, StudentEthnicity, StudentGender, IncomeLevel, DaysAbsent, HoursOfWorkPlaceExp, StudentAthleteFlag, StudentGraduationTrack, StudentEmploymentFlag, StudentImage,SchoolEntityID)
values (643, 'Robert', 'Morgan', 'P', '7152 Fuller Grove Suite 961', 'USA','Port Diana','VA','20041','Freshmen', 3.12, 0, 0,'Hispanic','Male','Higher Income',2,16, 'N', 'Y', 'Y', 'img/student.jpg', 13);
insert into StudentInterestGroups (InterestGroupID, StudentEntityID)
values (8,643);
insert into StudentInterestGroups (InterestGroupID, StudentEntityID)
values (1,643);
insert into StudentInterestGroups (InterestGroupID, StudentEntityID)
values (12,643);
insert into StudentInterestGroups (InterestGroupID, StudentEntityID)
values (4,643);
insert into StudentInterestGroups (InterestGroupID, StudentEntityID)
values (7,643);
insert into StudentInterestGroups (InterestGroupID, StudentEntityID)
values (6,643);
insert into userEntity (UserName, EmailAddress, EntityType)
values ('CarolMadeiraM299', 'CarolMadeiraM299@harrisonburg.edu', 'STUD');
insert into student (StudentEntityID, FirstName, LastName, MiddleInitial, StreetAddress, Country,City, State,ZipCode, StudentGradeLevel, StudentGPA, StudentACTScore, StudentSATScore, StudentEthnicity, StudentGender, IncomeLevel, DaysAbsent, HoursOfWorkPlaceExp, StudentAthleteFlag, StudentGraduationTrack, StudentEmploymentFlag, StudentImage,SchoolEntityID)
values (644, 'Carol', 'Madeira', 'M', '58659 Christina Junction Apt. 019', 'USA','Johnsonfort','VA','20040','Freshmen', 3.44, 0, 0,'Caucasian','Female','Middle Income',1,16, 'Y', 'Y', 'N', 'img/student.jpg', 17);
insert into StudentInterestGroups (InterestGroupID, StudentEntityID)
values (1,644);
insert into StudentInterestGroups (InterestGroupID, StudentEntityID)
values (5,644);
insert into StudentInterestGroups (InterestGroupID, StudentEntityID)
values (4,644);
insert into StudentInterestGroups (InterestGroupID, StudentEntityID)
values (3,644);
insert into StudentInterestGroups (InterestGroupID, StudentEntityID)
values (8,644);
insert into StudentInterestGroups (InterestGroupID, StudentEntityID)
values (6,644);
insert into userEntity (UserName, EmailAddress, EntityType)
values ('JoelCunninghamM88', 'JoelCunninghamM88@Louisa.edu', 'STUD');
insert into student (StudentEntityID, FirstName, LastName, MiddleInitial, StreetAddress, Country,City, State,ZipCode, StudentGradeLevel, StudentGPA, StudentACTScore, StudentSATScore, StudentEthnicity, StudentGender, IncomeLevel, DaysAbsent, HoursOfWorkPlaceExp, StudentAthleteFlag, StudentGraduationTrack, StudentEmploymentFlag, StudentImage,SchoolEntityID)
values (645, 'Joel', 'Cunningham', 'M', '36112 Clayton Overpass Apt. 638', 'USA','South Wendyville','VA','20040','Senior', 3.29, 32, 1185,'Caucasian','Male','Middle Income',5,38, 'N', 'Y', 'N', 'img/student.jpg', 12);
insert into StudentInterestGroups (InterestGroupID, StudentEntityID)
values (8,645);
insert into StudentInterestGroups (InterestGroupID, StudentEntityID)
values (6,645);
insert into StudentInterestGroups (InterestGroupID, StudentEntityID)
values (3,645);
insert into StudentInterestGroups (InterestGroupID, StudentEntityID)
values (1,645);
insert into StudentInterestGroups (InterestGroupID, StudentEntityID)
values (11,645);
insert into StudentInterestGroups (InterestGroupID, StudentEntityID)
values (7,645);
insert into StudentInterestGroups (InterestGroupID, StudentEntityID)
values (9,645);
insert into userEntity (UserName, EmailAddress, EntityType)
values ('RemonaWareY974', 'RemonaWareY974@spotswood.edu', 'STUD');
insert into student (StudentEntityID, FirstName, LastName, MiddleInitial, StreetAddress, Country,City, State,ZipCode, StudentGradeLevel, StudentGPA, StudentACTScore, StudentSATScore, StudentEthnicity, StudentGender, IncomeLevel, DaysAbsent, HoursOfWorkPlaceExp, StudentAthleteFlag, StudentGraduationTrack, StudentEmploymentFlag, StudentImage,SchoolEntityID)
values (646, 'Remona', 'Ware', 'Y', '681 Hammond Road Apt. 153', 'USA','South Andreahaven','VA','20040','Senior', 3.37, 27, 1507,'Caucasian','Female','Middle Income',4,32, 'Y', 'Y', 'N', 'img/student.jpg', 14);
insert into StudentInterestGroups (InterestGroupID, StudentEntityID)
values (9,646);
insert into StudentInterestGroups (InterestGroupID, StudentEntityID)
values (2,646);
insert into StudentInterestGroups (InterestGroupID, StudentEntityID)
values (11,646);
insert into userEntity (UserName, EmailAddress, EntityType)
values ('KatiePinkertonV629', 'KatiePinkertonV629@turnerAshby.edu', 'STUD');
insert into student (StudentEntityID, FirstName, LastName, MiddleInitial, StreetAddress, Country,City, State,ZipCode, StudentGradeLevel, StudentGPA, StudentACTScore, StudentSATScore, StudentEthnicity, StudentGender, IncomeLevel, DaysAbsent, HoursOfWorkPlaceExp, StudentAthleteFlag, StudentGraduationTrack, StudentEmploymentFlag, StudentImage,SchoolEntityID)
values (647, 'Katie', 'Pinkerton', 'V', '7007 Cummings Spring Apt. 668', 'USA','Nicholasberg','VA','20041','Freshmen', 3.15, 0, 0,'Caucasian','Female','Higher Income',3,15, 'N', 'Y', 'N', 'img/student.jpg', 15);
insert into StudentInterestGroups (InterestGroupID, StudentEntityID)
values (3,647);
insert into StudentInterestGroups (InterestGroupID, StudentEntityID)
values (6,647);
insert into StudentInterestGroups (InterestGroupID, StudentEntityID)
values (2,647);
insert into StudentInterestGroups (InterestGroupID, StudentEntityID)
values (11,647);
insert into StudentInterestGroups (InterestGroupID, StudentEntityID)
values (1,647);
insert into userEntity (UserName, EmailAddress, EntityType)
values ('SueMcqueenZ969', 'SueMcqueenZ969@turnerAshby.edu', 'STUD');
insert into student (StudentEntityID, FirstName, LastName, MiddleInitial, StreetAddress, Country,City, State,ZipCode, StudentGradeLevel, StudentGPA, StudentACTScore, StudentSATScore, StudentEthnicity, StudentGender, IncomeLevel, DaysAbsent, HoursOfWorkPlaceExp, StudentAthleteFlag, StudentGraduationTrack, StudentEmploymentFlag, StudentImage,SchoolEntityID)
values (648, 'Sue', 'Mcqueen', 'Z', '493 Linda Port Apt. 645', 'USA','Romanbury','VA','20041','Sophomore', 2.55, 0, 0,'Caucasian','Female','Lower Income',4,16, 'Y', 'Y', 'N', 'img/student.jpg', 15);
insert into StudentInterestGroups (InterestGroupID, StudentEntityID)
values (1,648);
insert into StudentInterestGroups (InterestGroupID, StudentEntityID)
values (2,648);
insert into StudentInterestGroups (InterestGroupID, StudentEntityID)
values (6,648);
insert into StudentInterestGroups (InterestGroupID, StudentEntityID)
values (3,648);
insert into StudentInterestGroups (InterestGroupID, StudentEntityID)
values (11,648);
insert into StudentInterestGroups (InterestGroupID, StudentEntityID)
values (8,648);
insert into StudentInterestGroups (InterestGroupID, StudentEntityID)
values (5,648);
insert into StudentInterestGroups (InterestGroupID, StudentEntityID)
values (12,648);
insert into userEntity (UserName, EmailAddress, EntityType)
values ('EricJessopD598', 'EricJessopD598@turnerAshby.edu', 'STUD');
insert into student (StudentEntityID, FirstName, LastName, MiddleInitial, StreetAddress, Country,City, State,ZipCode, StudentGradeLevel, StudentGPA, StudentACTScore, StudentSATScore, StudentEthnicity, StudentGender, IncomeLevel, DaysAbsent, HoursOfWorkPlaceExp, StudentAthleteFlag, StudentGraduationTrack, StudentEmploymentFlag, StudentImage,SchoolEntityID)
values (649, 'Eric', 'Jessop', 'D', '096 Thompson Brook Suite 544', 'USA','Lake Larry','VA','20040','Junior', 3.72, 28, 1210,'African American','Male','Lower Income',1,34, 'N', 'Y', 'Y', 'img/student.jpg', 15);
insert into StudentInterestGroups (InterestGroupID, StudentEntityID)
values (2,649);
insert into StudentInterestGroups (InterestGroupID, StudentEntityID)
values (5,649);
insert into userEntity (UserName, EmailAddress, EntityType)
values ('AimeeMarcoV704', 'AimeeMarcoV704@rockingham.k12.va.us', 'STUD');
insert into student (StudentEntityID, FirstName, LastName, MiddleInitial, StreetAddress, Country,City, State,ZipCode, StudentGradeLevel, StudentGPA, StudentACTScore, StudentSATScore, StudentEthnicity, StudentGender, IncomeLevel, DaysAbsent, HoursOfWorkPlaceExp, StudentAthleteFlag, StudentGraduationTrack, StudentEmploymentFlag, StudentImage,SchoolEntityID)
values (650, 'Aimee', 'Marco', 'V', '57626 Acosta Springs', 'USA','Kimberlyfurt','VA','20040','Junior', 1.12, 20, 721,'Hispanic','Female','Higher Income',13,13, 'N', 'N', 'Y', 'img/student.jpg', 13);
insert into StudentInterestGroups (InterestGroupID, StudentEntityID)
values (1,650);
insert into StudentInterestGroups (InterestGroupID, StudentEntityID)
values (3,650);
insert into StudentInterestGroups (InterestGroupID, StudentEntityID)
values (2,650);
insert into StudentInterestGroups (InterestGroupID, StudentEntityID)
values (9,650);
insert into StudentInterestGroups (InterestGroupID, StudentEntityID)
values (5,650);
insert into StudentInterestGroups (InterestGroupID, StudentEntityID)
values (7,650);
insert into StudentInterestGroups (InterestGroupID, StudentEntityID)
values (6,650);
insert into userEntity (UserName, EmailAddress, EntityType)
values ('DonaldShyneM392', 'DonaldShyneM392@broadway.edu', 'STUD');
insert into student (StudentEntityID, FirstName, LastName, MiddleInitial, StreetAddress, Country,City, State,ZipCode, StudentGradeLevel, StudentGPA, StudentACTScore, StudentSATScore, StudentEthnicity, StudentGender, IncomeLevel, DaysAbsent, HoursOfWorkPlaceExp, StudentAthleteFlag, StudentGraduationTrack, StudentEmploymentFlag, StudentImage,SchoolEntityID)
values (651, 'Donald', 'Shyne', 'M', '68136 Smith Mountains', 'USA','Leslieborough','VA','20040','Sophomore', 2.26, 0, 0,'African American','Male','Middle Income',7,18, 'Y', 'Y', 'Y', 'img/student.jpg', 16);
insert into StudentInterestGroups (InterestGroupID, StudentEntityID)
values (3,651);
insert into StudentInterestGroups (InterestGroupID, StudentEntityID)
values (7,651);
insert into StudentInterestGroups (InterestGroupID, StudentEntityID)
values (10,651);
insert into StudentInterestGroups (InterestGroupID, StudentEntityID)
values (11,651);
insert into StudentInterestGroups (InterestGroupID, StudentEntityID)
values (1,651);
insert into userEntity (UserName, EmailAddress, EntityType)
values ('JenniferEdwardsC832', 'JenniferEdwardsC832@rockingham.k12.va.us', 'STUD');
insert into student (StudentEntityID, FirstName, LastName, MiddleInitial, StreetAddress, Country,City, State,ZipCode, StudentGradeLevel, StudentGPA, StudentACTScore, StudentSATScore, StudentEthnicity, StudentGender, IncomeLevel, DaysAbsent, HoursOfWorkPlaceExp, StudentAthleteFlag, StudentGraduationTrack, StudentEmploymentFlag, StudentImage,SchoolEntityID)
values (652, 'Jennifer', 'Edwards', 'C', '141 Johnson Estate Suite 930', 'USA','Rebeccahaven','VA','20040','Senior', 2.72, 31, 1128,'African American','Female','Middle Income',5,40, 'Y', 'Y', 'Y', 'img/student.jpg', 13);
insert into StudentInterestGroups (InterestGroupID, StudentEntityID)
values (12,652);
insert into StudentInterestGroups (InterestGroupID, StudentEntityID)
values (6,652);
insert into StudentInterestGroups (InterestGroupID, StudentEntityID)
values (4,652);
insert into StudentInterestGroups (InterestGroupID, StudentEntityID)
values (8,652);
insert into StudentInterestGroups (InterestGroupID, StudentEntityID)
values (5,652);
insert into StudentInterestGroups (InterestGroupID, StudentEntityID)
values (3,652);
insert into userEntity (UserName, EmailAddress, EntityType)
values ('LillianWilsonW920', 'LillianWilsonW920@harrisonburg.edu', 'STUD');
insert into student (StudentEntityID, FirstName, LastName, MiddleInitial, StreetAddress, Country,City, State,ZipCode, StudentGradeLevel, StudentGPA, StudentACTScore, StudentSATScore, StudentEthnicity, StudentGender, IncomeLevel, DaysAbsent, HoursOfWorkPlaceExp, StudentAthleteFlag, StudentGraduationTrack, StudentEmploymentFlag, StudentImage,SchoolEntityID)
values (653, 'Lillian', 'Wilson', 'W', '210 Payne Inlet Suite 014', 'USA','Johnfort','VA','20040','Freshmen', 3.95, 0, 0,'Caucasian','Female','Lower Income',0,19, 'Y', 'Y', 'N', 'img/student.jpg', 17);
insert into StudentInterestGroups (InterestGroupID, StudentEntityID)
values (9,653);
insert into StudentInterestGroups (InterestGroupID, StudentEntityID)
values (2,653);
insert into StudentInterestGroups (InterestGroupID, StudentEntityID)
values (3,653);
insert into StudentInterestGroups (InterestGroupID, StudentEntityID)
values (7,653);
insert into StudentInterestGroups (InterestGroupID, StudentEntityID)
values (12,653);
insert into StudentInterestGroups (InterestGroupID, StudentEntityID)
values (1,653);
insert into StudentInterestGroups (InterestGroupID, StudentEntityID)
values (10,653);
insert into userEntity (UserName, EmailAddress, EntityType)
values ('PaulEsquerW914', 'PaulEsquerW914@broadway.edu', 'STUD');
insert into student (StudentEntityID, FirstName, LastName, MiddleInitial, StreetAddress, Country,City, State,ZipCode, StudentGradeLevel, StudentGPA, StudentACTScore, StudentSATScore, StudentEthnicity, StudentGender, IncomeLevel, DaysAbsent, HoursOfWorkPlaceExp, StudentAthleteFlag, StudentGraduationTrack, StudentEmploymentFlag, StudentImage,SchoolEntityID)
values (654, 'Paul', 'Esquer', 'W', '0172 Wells Plaza Apt. 359', 'USA','Hendersonshire','VA','20040','Freshmen', 3.22, 0, 0,'Caucasian','Male','Higher Income',3,16, 'N', 'Y', 'Y', 'img/student.jpg', 16);
insert into StudentInterestGroups (InterestGroupID, StudentEntityID)
values (1,654);
insert into StudentInterestGroups (InterestGroupID, StudentEntityID)
values (5,654);
insert into StudentInterestGroups (InterestGroupID, StudentEntityID)
values (7,654);
insert into StudentInterestGroups (InterestGroupID, StudentEntityID)
values (8,654);
insert into StudentInterestGroups (InterestGroupID, StudentEntityID)
values (6,654);
insert into userEntity (UserName, EmailAddress, EntityType)
values ('RobertWamplerL434', 'RobertWamplerL434@harrisonburg.edu', 'STUD');
insert into student (StudentEntityID, FirstName, LastName, MiddleInitial, StreetAddress, Country,City, State,ZipCode, StudentGradeLevel, StudentGPA, StudentACTScore, StudentSATScore, StudentEthnicity, StudentGender, IncomeLevel, DaysAbsent, HoursOfWorkPlaceExp, StudentAthleteFlag, StudentGraduationTrack, StudentEmploymentFlag, StudentImage,SchoolEntityID)
values (655, 'Robert', 'Wampler', 'L', '8538 Anne Union Suite 649', 'USA','Romeroview','VA','20041','Senior', 2.45, 22, 1142,'Caucasian','Male','Higher Income',15,39, 'Y', 'Y', 'N', 'img/student.jpg', 17);
insert into StudentInterestGroups (InterestGroupID, StudentEntityID)
values (9,655);
insert into StudentInterestGroups (InterestGroupID, StudentEntityID)
values (7,655);
insert into StudentInterestGroups (InterestGroupID, StudentEntityID)
values (8,655);
insert into StudentInterestGroups (InterestGroupID, StudentEntityID)
values (10,655);
insert into StudentInterestGroups (InterestGroupID, StudentEntityID)
values (5,655);
insert into StudentInterestGroups (InterestGroupID, StudentEntityID)
values (4,655);
insert into StudentInterestGroups (InterestGroupID, StudentEntityID)
values (6,655);
insert into userEntity (UserName, EmailAddress, EntityType)
values ('MicheleFloydM204', 'MicheleFloydM204@broadway.edu', 'STUD');
insert into student (StudentEntityID, FirstName, LastName, MiddleInitial, StreetAddress, Country,City, State,ZipCode, StudentGradeLevel, StudentGPA, StudentACTScore, StudentSATScore, StudentEthnicity, StudentGender, IncomeLevel, DaysAbsent, HoursOfWorkPlaceExp, StudentAthleteFlag, StudentGraduationTrack, StudentEmploymentFlag, StudentImage,SchoolEntityID)
values (656, 'Michele', 'Floyd', 'M', '92572 Wyatt Falls', 'USA','Parkerton','VA','20040','Sophomore', 2.03, 0, 0,'Not selected or Other','Female','Middle Income',9,14, 'Y', 'Y', 'N', 'img/student.jpg', 16);
insert into StudentInterestGroups (InterestGroupID, StudentEntityID)
values (9,656);
insert into StudentInterestGroups (InterestGroupID, StudentEntityID)
values (8,656);
insert into StudentInterestGroups (InterestGroupID, StudentEntityID)
values (7,656);
insert into StudentInterestGroups (InterestGroupID, StudentEntityID)
values (10,656);
insert into userEntity (UserName, EmailAddress, EntityType)
values ('TaylorBernhardtK304', 'TaylorBernhardtK304@spotswood.edu', 'STUD');
insert into student (StudentEntityID, FirstName, LastName, MiddleInitial, StreetAddress, Country,City, State,ZipCode, StudentGradeLevel, StudentGPA, StudentACTScore, StudentSATScore, StudentEthnicity, StudentGender, IncomeLevel, DaysAbsent, HoursOfWorkPlaceExp, StudentAthleteFlag, StudentGraduationTrack, StudentEmploymentFlag, StudentImage,SchoolEntityID)
values (657, 'Taylor', 'Bernhardt', 'K', '0035 Zimmerman River', 'USA','Rhodesville','VA','20040','Freshmen', 1.02, 0, 0,'Caucasian','Other','Lower Income',15,2, 'N', 'N', 'Y', 'img/student.jpg', 14);
insert into StudentInterestGroups (InterestGroupID, StudentEntityID)
values (5,657);
insert into StudentInterestGroups (InterestGroupID, StudentEntityID)
values (7,657);
insert into userEntity (UserName, EmailAddress, EntityType)
values ('LesterLangfordO695', 'LesterLangfordO695@turnerAshby.edu', 'STUD');
insert into student (StudentEntityID, FirstName, LastName, MiddleInitial, StreetAddress, Country,City, State,ZipCode, StudentGradeLevel, StudentGPA, StudentACTScore, StudentSATScore, StudentEthnicity, StudentGender, IncomeLevel, DaysAbsent, HoursOfWorkPlaceExp, StudentAthleteFlag, StudentGraduationTrack, StudentEmploymentFlag, StudentImage,SchoolEntityID)
values (658, 'Lester', 'Langford', 'O', '365 White Forks', 'USA','East Lindsay','VA','20041','Senior', 1.21, 16, 678,'African American','Male','Lower Income',13,24, 'Y', 'N', 'N', 'img/student.jpg', 15);
insert into StudentInterestGroups (InterestGroupID, StudentEntityID)
values (6,658);
insert into StudentInterestGroups (InterestGroupID, StudentEntityID)
values (5,658);
insert into StudentInterestGroups (InterestGroupID, StudentEntityID)
values (3,658);
insert into StudentInterestGroups (InterestGroupID, StudentEntityID)
values (12,658);
insert into StudentInterestGroups (InterestGroupID, StudentEntityID)
values (4,658);
insert into StudentInterestGroups (InterestGroupID, StudentEntityID)
values (10,658);
insert into StudentInterestGroups (InterestGroupID, StudentEntityID)
values (9,658);
insert into StudentInterestGroups (InterestGroupID, StudentEntityID)
values (2,658);
insert into userEntity (UserName, EmailAddress, EntityType)
values ('JonathanGarciaE28', 'JonathanGarciaE28@rockingham.k12.va.us', 'STUD');
insert into student (StudentEntityID, FirstName, LastName, MiddleInitial, StreetAddress, Country,City, State,ZipCode, StudentGradeLevel, StudentGPA, StudentACTScore, StudentSATScore, StudentEthnicity, StudentGender, IncomeLevel, DaysAbsent, HoursOfWorkPlaceExp, StudentAthleteFlag, StudentGraduationTrack, StudentEmploymentFlag, StudentImage,SchoolEntityID)
values (659, 'Jonathan', 'Garcia', 'E', '9720 Jackson River Apt. 731', 'USA','Ramirezmouth','VA','20041','Senior', 2.9, 32, 1005,'African American','Male','Middle Income',0,44, 'N', 'Y', 'N', 'img/student.jpg', 13);
insert into StudentInterestGroups (InterestGroupID, StudentEntityID)
values (8,659);
insert into StudentInterestGroups (InterestGroupID, StudentEntityID)
values (6,659);
insert into userEntity (UserName, EmailAddress, EntityType)
values ('GaryLikesY366', 'GaryLikesY366@Louisa.edu', 'STUD');
insert into student (StudentEntityID, FirstName, LastName, MiddleInitial, StreetAddress, Country,City, State,ZipCode, StudentGradeLevel, StudentGPA, StudentACTScore, StudentSATScore, StudentEthnicity, StudentGender, IncomeLevel, DaysAbsent, HoursOfWorkPlaceExp, StudentAthleteFlag, StudentGraduationTrack, StudentEmploymentFlag, StudentImage,SchoolEntityID)
values (660, 'Gary', 'Likes', 'Y', '9547 Kelly Loop', 'USA','Alexfurt','VA','20041','Senior', 1.0, 17, 655,'African American','Male','Lower Income',13,20, 'Y', 'N', 'Y', 'img/student.jpg', 12);
insert into StudentInterestGroups (InterestGroupID, StudentEntityID)
values (2,660);
insert into StudentInterestGroups (InterestGroupID, StudentEntityID)
values (12,660);
insert into StudentInterestGroups (InterestGroupID, StudentEntityID)
values (9,660);
insert into StudentInterestGroups (InterestGroupID, StudentEntityID)
values (8,660);
insert into userEntity (UserName, EmailAddress, EntityType)
values ('ClydePowellV529', 'ClydePowellV529@turnerAshby.edu', 'STUD');
insert into student (StudentEntityID, FirstName, LastName, MiddleInitial, StreetAddress, Country,City, State,ZipCode, StudentGradeLevel, StudentGPA, StudentACTScore, StudentSATScore, StudentEthnicity, StudentGender, IncomeLevel, DaysAbsent, HoursOfWorkPlaceExp, StudentAthleteFlag, StudentGraduationTrack, StudentEmploymentFlag, StudentImage,SchoolEntityID)
values (661, 'Clyde', 'Powell', 'V', '3954 Nicholas Inlet Suite 462', 'USA','Lestershire','VA','20041','Senior', 2.33, 18, 1198,'African American','Male','Lower Income',14,28, 'Y', 'Y', 'N', 'img/student.jpg', 15);
insert into StudentInterestGroups (InterestGroupID, StudentEntityID)
values (5,661);
insert into StudentInterestGroups (InterestGroupID, StudentEntityID)
values (8,661);
insert into userEntity (UserName, EmailAddress, EntityType)
values ('DorisRileyT595', 'DorisRileyT595@turnerAshby.edu', 'STUD');
insert into student (StudentEntityID, FirstName, LastName, MiddleInitial, StreetAddress, Country,City, State,ZipCode, StudentGradeLevel, StudentGPA, StudentACTScore, StudentSATScore, StudentEthnicity, StudentGender, IncomeLevel, DaysAbsent, HoursOfWorkPlaceExp, StudentAthleteFlag, StudentGraduationTrack, StudentEmploymentFlag, StudentImage,SchoolEntityID)
values (662, 'Doris', 'Riley', 'T', '621 Porter Squares', 'USA','Nicholastown','VA','20041','Sophomore', 2.62, 0, 0,'Hispanic','Female','Higher Income',0,19, 'Y', 'Y', 'Y', 'img/student.jpg', 15);
insert into StudentInterestGroups (InterestGroupID, StudentEntityID)
values (7,662);
insert into userEntity (UserName, EmailAddress, EntityType)
values ('TerryCrumptonB231', 'TerryCrumptonB231@harrisonburg.edu', 'STUD');
insert into student (StudentEntityID, FirstName, LastName, MiddleInitial, StreetAddress, Country,City, State,ZipCode, StudentGradeLevel, StudentGPA, StudentACTScore, StudentSATScore, StudentEthnicity, StudentGender, IncomeLevel, DaysAbsent, HoursOfWorkPlaceExp, StudentAthleteFlag, StudentGraduationTrack, StudentEmploymentFlag, StudentImage,SchoolEntityID)
values (663, 'Terry', 'Crumpton', 'B', '70045 Katherine Drive', 'USA','Nortonstad','VA','20040','Freshmen', 1.3, 0, 0,'Asian','Other','Lower Income',13,2, 'Y', 'N', 'N', 'img/student.jpg', 17);
insert into StudentInterestGroups (InterestGroupID, StudentEntityID)
values (3,663);
insert into StudentInterestGroups (InterestGroupID, StudentEntityID)
values (7,663);
insert into StudentInterestGroups (InterestGroupID, StudentEntityID)
values (5,663);
insert into StudentInterestGroups (InterestGroupID, StudentEntityID)
values (9,663);
insert into StudentInterestGroups (InterestGroupID, StudentEntityID)
values (10,663);
insert into StudentInterestGroups (InterestGroupID, StudentEntityID)
values (12,663);
insert into userEntity (UserName, EmailAddress, EntityType)
values ('JuliaBryantM202', 'JuliaBryantM202@Louisa.edu', 'STUD');
insert into student (StudentEntityID, FirstName, LastName, MiddleInitial, StreetAddress, Country,City, State,ZipCode, StudentGradeLevel, StudentGPA, StudentACTScore, StudentSATScore, StudentEthnicity, StudentGender, IncomeLevel, DaysAbsent, HoursOfWorkPlaceExp, StudentAthleteFlag, StudentGraduationTrack, StudentEmploymentFlag, StudentImage,SchoolEntityID)
values (664, 'Julia', 'Bryant', 'M', '686 Schroeder Turnpike', 'USA','Sharonfort','VA','20040','Freshmen', 2.34, 0, 0,'Hispanic','Female','Lower Income',6,14, 'Y', 'Y', 'N', 'img/student.jpg', 12);
insert into StudentInterestGroups (InterestGroupID, StudentEntityID)
values (2,664);
insert into StudentInterestGroups (InterestGroupID, StudentEntityID)
values (6,664);
insert into StudentInterestGroups (InterestGroupID, StudentEntityID)
values (4,664);
insert into userEntity (UserName, EmailAddress, EntityType)
values ('AnnNovakR349', 'AnnNovakR349@rockingham.k12.va.us', 'STUD');
insert into student (StudentEntityID, FirstName, LastName, MiddleInitial, StreetAddress, Country,City, State,ZipCode, StudentGradeLevel, StudentGPA, StudentACTScore, StudentSATScore, StudentEthnicity, StudentGender, IncomeLevel, DaysAbsent, HoursOfWorkPlaceExp, StudentAthleteFlag, StudentGraduationTrack, StudentEmploymentFlag, StudentImage,SchoolEntityID)
values (665, 'Ann', 'Novak', 'R', '263 Jackson Viaduct', 'USA','Walkerstad','VA','20041','Senior', 1.07, 12, 872,'Hispanic','Female','Middle Income',14,27, 'N', 'N', 'N', 'img/student.jpg', 13);
insert into StudentInterestGroups (InterestGroupID, StudentEntityID)
values (2,665);
insert into StudentInterestGroups (InterestGroupID, StudentEntityID)
values (3,665);
insert into userEntity (UserName, EmailAddress, EntityType)
values ('AmberMisharC148', 'AmberMisharC148@Louisa.edu', 'STUD');
insert into student (StudentEntityID, FirstName, LastName, MiddleInitial, StreetAddress, Country,City, State,ZipCode, StudentGradeLevel, StudentGPA, StudentACTScore, StudentSATScore, StudentEthnicity, StudentGender, IncomeLevel, DaysAbsent, HoursOfWorkPlaceExp, StudentAthleteFlag, StudentGraduationTrack, StudentEmploymentFlag, StudentImage,SchoolEntityID)
values (666, 'Amber', 'Mishar', 'C', '56548 Matthew Springs Apt. 365', 'USA','Youngport','VA','20041','Freshmen', 1.05, 0, 0,'Caucasian','Female','Middle Income',15,1, 'N', 'N', 'Y', 'img/student.jpg', 12);
insert into StudentInterestGroups (InterestGroupID, StudentEntityID)
values (2,666);
insert into StudentInterestGroups (InterestGroupID, StudentEntityID)
values (3,666);
insert into StudentInterestGroups (InterestGroupID, StudentEntityID)
values (8,666);
insert into StudentInterestGroups (InterestGroupID, StudentEntityID)
values (9,666);
insert into StudentInterestGroups (InterestGroupID, StudentEntityID)
values (5,666);
insert into StudentInterestGroups (InterestGroupID, StudentEntityID)
values (7,666);
insert into StudentInterestGroups (InterestGroupID, StudentEntityID)
values (4,666);
insert into userEntity (UserName, EmailAddress, EntityType)
values ('JennyBlandZ91', 'JennyBlandZ91@rockingham.k12.va.us', 'STUD');
insert into student (StudentEntityID, FirstName, LastName, MiddleInitial, StreetAddress, Country,City, State,ZipCode, StudentGradeLevel, StudentGPA, StudentACTScore, StudentSATScore, StudentEthnicity, StudentGender, IncomeLevel, DaysAbsent, HoursOfWorkPlaceExp, StudentAthleteFlag, StudentGraduationTrack, StudentEmploymentFlag, StudentImage,SchoolEntityID)
values (667, 'Jenny', 'Bland', 'Z', '06927 Tamara Burg', 'USA','Valenzuelabury','VA','20041','Freshmen', 1.28, 0, 0,'Caucasian','Female','Higher Income',15,5, 'Y', 'N', 'N', 'img/student.jpg', 13);
insert into StudentInterestGroups (InterestGroupID, StudentEntityID)
values (3,667);
insert into StudentInterestGroups (InterestGroupID, StudentEntityID)
values (6,667);
insert into StudentInterestGroups (InterestGroupID, StudentEntityID)
values (7,667);
insert into StudentInterestGroups (InterestGroupID, StudentEntityID)
values (12,667);
insert into userEntity (UserName, EmailAddress, EntityType)
values ('NeilBrownJ577', 'NeilBrownJ577@rockingham.k12.va.us', 'STUD');
insert into student (StudentEntityID, FirstName, LastName, MiddleInitial, StreetAddress, Country,City, State,ZipCode, StudentGradeLevel, StudentGPA, StudentACTScore, StudentSATScore, StudentEthnicity, StudentGender, IncomeLevel, DaysAbsent, HoursOfWorkPlaceExp, StudentAthleteFlag, StudentGraduationTrack, StudentEmploymentFlag, StudentImage,SchoolEntityID)
values (668, 'Neil', 'Brown', 'J', '14542 Kyle Roads Suite 408', 'USA','Suzannemouth','VA','20041','Junior', 3.25, 31, 1209,'Caucasian','Male','Lower Income',5,28, 'Y', 'Y', 'Y', 'img/student.jpg', 13);
insert into StudentInterestGroups (InterestGroupID, StudentEntityID)
values (9,668);
insert into userEntity (UserName, EmailAddress, EntityType)
values ('ElaineWhiteX971', 'ElaineWhiteX971@rockingham.k12.va.us', 'STUD');
insert into student (StudentEntityID, FirstName, LastName, MiddleInitial, StreetAddress, Country,City, State,ZipCode, StudentGradeLevel, StudentGPA, StudentACTScore, StudentSATScore, StudentEthnicity, StudentGender, IncomeLevel, DaysAbsent, HoursOfWorkPlaceExp, StudentAthleteFlag, StudentGraduationTrack, StudentEmploymentFlag, StudentImage,SchoolEntityID)
values (669, 'Elaine', 'White', 'X', '75180 Potter Drives Suite 760', 'USA','Kennethfort','VA','20040','Freshmen', 1.81, 0, 0,'Caucasian','Female','Lower Income',10,8, 'Y', 'N', 'Y', 'img/student.jpg', 13);
insert into StudentInterestGroups (InterestGroupID, StudentEntityID)
values (1,669);
insert into StudentInterestGroups (InterestGroupID, StudentEntityID)
values (9,669);
insert into StudentInterestGroups (InterestGroupID, StudentEntityID)
values (10,669);
insert into userEntity (UserName, EmailAddress, EntityType)
values ('WendySteffensC932', 'WendySteffensC932@harrisonburg.edu', 'STUD');
insert into student (StudentEntityID, FirstName, LastName, MiddleInitial, StreetAddress, Country,City, State,ZipCode, StudentGradeLevel, StudentGPA, StudentACTScore, StudentSATScore, StudentEthnicity, StudentGender, IncomeLevel, DaysAbsent, HoursOfWorkPlaceExp, StudentAthleteFlag, StudentGraduationTrack, StudentEmploymentFlag, StudentImage,SchoolEntityID)
values (670, 'Wendy', 'Steffens', 'C', '667 Albert Hills', 'USA','Nguyenhaven','VA','20040','Freshmen', 2.04, 0, 0,'Hispanic','Female','Higher Income',8,12, 'Y', 'Y', 'N', 'img/student.jpg', 17);
insert into StudentInterestGroups (InterestGroupID, StudentEntityID)
values (9,670);
insert into userEntity (UserName, EmailAddress, EntityType)
values ('DawnFortierL661', 'DawnFortierL661@rockingham.k12.va.us', 'STUD');
insert into student (StudentEntityID, FirstName, LastName, MiddleInitial, StreetAddress, Country,City, State,ZipCode, StudentGradeLevel, StudentGPA, StudentACTScore, StudentSATScore, StudentEthnicity, StudentGender, IncomeLevel, DaysAbsent, HoursOfWorkPlaceExp, StudentAthleteFlag, StudentGraduationTrack, StudentEmploymentFlag, StudentImage,SchoolEntityID)
values (671, 'Dawn', 'Fortier', 'L', '708 Knapp Mill Suite 661', 'USA','East Emily','VA','20041','Senior', 2.67, 20, 965,'Caucasian','Female','Middle Income',6,37, 'N', 'Y', 'N', 'img/student.jpg', 13);
insert into StudentInterestGroups (InterestGroupID, StudentEntityID)
values (8,671);
insert into StudentInterestGroups (InterestGroupID, StudentEntityID)
values (10,671);
insert into StudentInterestGroups (InterestGroupID, StudentEntityID)
values (1,671);
insert into StudentInterestGroups (InterestGroupID, StudentEntityID)
values (2,671);
insert into StudentInterestGroups (InterestGroupID, StudentEntityID)
values (12,671);
insert into StudentInterestGroups (InterestGroupID, StudentEntityID)
values (9,671);
insert into userEntity (UserName, EmailAddress, EntityType)
values ('RayHernandezP959', 'RayHernandezP959@harrisonburg.edu', 'STUD');
insert into student (StudentEntityID, FirstName, LastName, MiddleInitial, StreetAddress, Country,City, State,ZipCode, StudentGradeLevel, StudentGPA, StudentACTScore, StudentSATScore, StudentEthnicity, StudentGender, IncomeLevel, DaysAbsent, HoursOfWorkPlaceExp, StudentAthleteFlag, StudentGraduationTrack, StudentEmploymentFlag, StudentImage,SchoolEntityID)
values (672, 'Ray', 'Hernandez', 'P', '92548 Randy Land Apt. 199', 'USA','Port Dylanshire','VA','20040','Junior', 1.29, 14, 815,'Caucasian','Male','Middle Income',14,15, 'Y', 'N', 'Y', 'img/student.jpg', 17);
insert into StudentInterestGroups (InterestGroupID, StudentEntityID)
values (4,672);
insert into StudentInterestGroups (InterestGroupID, StudentEntityID)
values (3,672);
insert into StudentInterestGroups (InterestGroupID, StudentEntityID)
values (6,672);
insert into StudentInterestGroups (InterestGroupID, StudentEntityID)
values (2,672);
insert into StudentInterestGroups (InterestGroupID, StudentEntityID)
values (5,672);
insert into userEntity (UserName, EmailAddress, EntityType)
values ('MaeOttO990', 'MaeOttO990@broadway.edu', 'STUD');
insert into student (StudentEntityID, FirstName, LastName, MiddleInitial, StreetAddress, Country,City, State,ZipCode, StudentGradeLevel, StudentGPA, StudentACTScore, StudentSATScore, StudentEthnicity, StudentGender, IncomeLevel, DaysAbsent, HoursOfWorkPlaceExp, StudentAthleteFlag, StudentGraduationTrack, StudentEmploymentFlag, StudentImage,SchoolEntityID)
values (673, 'Mae', 'Ott', 'O', '22536 Gomez Tunnel', 'USA','Patricktown','VA','20041','Junior', 3.57, 31, 1593,'African American','Female','Higher Income',3,25, 'Y', 'Y', 'N', 'img/student.jpg', 16);
insert into StudentInterestGroups (InterestGroupID, StudentEntityID)
values (2,673);
insert into StudentInterestGroups (InterestGroupID, StudentEntityID)
values (8,673);
insert into StudentInterestGroups (InterestGroupID, StudentEntityID)
values (12,673);
insert into StudentInterestGroups (InterestGroupID, StudentEntityID)
values (7,673);
insert into StudentInterestGroups (InterestGroupID, StudentEntityID)
values (10,673);
insert into userEntity (UserName, EmailAddress, EntityType)
values ('StevenBarkerU10', 'StevenBarkerU10@harrisonburg.edu', 'STUD');
insert into student (StudentEntityID, FirstName, LastName, MiddleInitial, StreetAddress, Country,City, State,ZipCode, StudentGradeLevel, StudentGPA, StudentACTScore, StudentSATScore, StudentEthnicity, StudentGender, IncomeLevel, DaysAbsent, HoursOfWorkPlaceExp, StudentAthleteFlag, StudentGraduationTrack, StudentEmploymentFlag, StudentImage,SchoolEntityID)
values (674, 'Steven', 'Barker', 'U', '3667 Julia Divide', 'USA','Richardstad','VA','20040','Sophomore', 3.43, 0, 0,'Pacific Islander','Male','Middle Income',1,25, 'Y', 'Y', 'N', 'img/student.jpg', 17);
insert into StudentInterestGroups (InterestGroupID, StudentEntityID)
values (7,674);
insert into StudentInterestGroups (InterestGroupID, StudentEntityID)
values (1,674);
insert into StudentInterestGroups (InterestGroupID, StudentEntityID)
values (9,674);
insert into StudentInterestGroups (InterestGroupID, StudentEntityID)
values (2,674);
insert into StudentInterestGroups (InterestGroupID, StudentEntityID)
values (11,674);
insert into StudentInterestGroups (InterestGroupID, StudentEntityID)
values (12,674);
insert into StudentInterestGroups (InterestGroupID, StudentEntityID)
values (8,674);
insert into StudentInterestGroups (InterestGroupID, StudentEntityID)
values (10,674);
insert into userEntity (UserName, EmailAddress, EntityType)
values ('RyanRiveraR800', 'RyanRiveraR800@spotswood.edu', 'STUD');
insert into student (StudentEntityID, FirstName, LastName, MiddleInitial, StreetAddress, Country,City, State,ZipCode, StudentGradeLevel, StudentGPA, StudentACTScore, StudentSATScore, StudentEthnicity, StudentGender, IncomeLevel, DaysAbsent, HoursOfWorkPlaceExp, StudentAthleteFlag, StudentGraduationTrack, StudentEmploymentFlag, StudentImage,SchoolEntityID)
values (675, 'Ryan', 'Rivera', 'R', '776 Johnson Key Apt. 212', 'USA','Courtneyshire','VA','20040','Junior', 3.97, 32, 1357,'African American','Male','Middle Income',4,31, 'Y', 'Y', 'Y', 'img/student.jpg', 14);
insert into StudentInterestGroups (InterestGroupID, StudentEntityID)
values (9,675);
insert into userEntity (UserName, EmailAddress, EntityType)
values ('RicardoHarleyI654', 'RicardoHarleyI654@rockingham.k12.va.us', 'STUD');
insert into student (StudentEntityID, FirstName, LastName, MiddleInitial, StreetAddress, Country,City, State,ZipCode, StudentGradeLevel, StudentGPA, StudentACTScore, StudentSATScore, StudentEthnicity, StudentGender, IncomeLevel, DaysAbsent, HoursOfWorkPlaceExp, StudentAthleteFlag, StudentGraduationTrack, StudentEmploymentFlag, StudentImage,SchoolEntityID)
values (676, 'Ricardo', 'Harley', 'I', '90810 Samantha Loop Suite 032', 'USA','North Brookeland','VA','20041','Freshmen', 1.42, 0, 0,'Caucasian','Male','Higher Income',13,0, 'Y', 'N', 'N', 'img/student.jpg', 13);
insert into StudentInterestGroups (InterestGroupID, StudentEntityID)
values (6,676);
insert into StudentInterestGroups (InterestGroupID, StudentEntityID)
values (9,676);
insert into userEntity (UserName, EmailAddress, EntityType)
values ('DorotheaWilsonX524', 'DorotheaWilsonX524@harrisonburg.edu', 'STUD');
insert into student (StudentEntityID, FirstName, LastName, MiddleInitial, StreetAddress, Country,City, State,ZipCode, StudentGradeLevel, StudentGPA, StudentACTScore, StudentSATScore, StudentEthnicity, StudentGender, IncomeLevel, DaysAbsent, HoursOfWorkPlaceExp, StudentAthleteFlag, StudentGraduationTrack, StudentEmploymentFlag, StudentImage,SchoolEntityID)
values (677, 'Dorothea', 'Wilson', 'X', '9457 Matthews Shoals', 'USA','Lake Bethany','VA','20041','Junior', 1.56, 23, 1241,'Caucasian','Female','Middle Income',12,16, 'Y', 'N', 'N', 'img/student.jpg', 17);
insert into StudentInterestGroups (InterestGroupID, StudentEntityID)
values (8,677);
insert into StudentInterestGroups (InterestGroupID, StudentEntityID)
values (10,677);
insert into StudentInterestGroups (InterestGroupID, StudentEntityID)
values (1,677);
insert into StudentInterestGroups (InterestGroupID, StudentEntityID)
values (7,677);
insert into StudentInterestGroups (InterestGroupID, StudentEntityID)
values (3,677);
insert into StudentInterestGroups (InterestGroupID, StudentEntityID)
values (5,677);
insert into StudentInterestGroups (InterestGroupID, StudentEntityID)
values (4,677);
insert into userEntity (UserName, EmailAddress, EntityType)
values ('CarlElwoodG416', 'CarlElwoodG416@harrisonburg.edu', 'STUD');
insert into student (StudentEntityID, FirstName, LastName, MiddleInitial, StreetAddress, Country,City, State,ZipCode, StudentGradeLevel, StudentGPA, StudentACTScore, StudentSATScore, StudentEthnicity, StudentGender, IncomeLevel, DaysAbsent, HoursOfWorkPlaceExp, StudentAthleteFlag, StudentGraduationTrack, StudentEmploymentFlag, StudentImage,SchoolEntityID)
values (678, 'Carl', 'Elwood', 'G', '15151 Vargas Stravenue Apt. 893', 'USA','Lake Kristen','VA','20041','Junior', 2.06, 30, 1193,'Caucasian','Other','Middle Income',8,28, 'Y', 'Y', 'N', 'img/student.jpg', 17);
insert into StudentInterestGroups (InterestGroupID, StudentEntityID)
values (2,678);
insert into userEntity (UserName, EmailAddress, EntityType)
values ('DebraProvencalR186', 'DebraProvencalR186@harrisonburg.edu', 'STUD');
insert into student (StudentEntityID, FirstName, LastName, MiddleInitial, StreetAddress, Country,City, State,ZipCode, StudentGradeLevel, StudentGPA, StudentACTScore, StudentSATScore, StudentEthnicity, StudentGender, IncomeLevel, DaysAbsent, HoursOfWorkPlaceExp, StudentAthleteFlag, StudentGraduationTrack, StudentEmploymentFlag, StudentImage,SchoolEntityID)
values (679, 'Debra', 'Provencal', 'R', '6997 Kevin Fords', 'USA','North Michelle','VA','20040','Sophomore', 3.3, 0, 0,'African American','Female','Higher Income',4,18, 'Y', 'Y', 'N', 'img/student.jpg', 17);
insert into StudentInterestGroups (InterestGroupID, StudentEntityID)
values (10,679);
insert into userEntity (UserName, EmailAddress, EntityType)
values ('DorthyBaroneX32', 'DorthyBaroneX32@rockingham.k12.va.us', 'STUD');
insert into student (StudentEntityID, FirstName, LastName, MiddleInitial, StreetAddress, Country,City, State,ZipCode, StudentGradeLevel, StudentGPA, StudentACTScore, StudentSATScore, StudentEthnicity, StudentGender, IncomeLevel, DaysAbsent, HoursOfWorkPlaceExp, StudentAthleteFlag, StudentGraduationTrack, StudentEmploymentFlag, StudentImage,SchoolEntityID)
values (680, 'Dorthy', 'Barone', 'X', '50351 Newman Manor', 'USA','New Thomas','VA','20040','Junior', 1.26, 11, 729,'Caucasian','Female','Middle Income',14,19, 'N', 'N', 'N', 'img/student.jpg', 13);
insert into StudentInterestGroups (InterestGroupID, StudentEntityID)
values (7,680);
insert into StudentInterestGroups (InterestGroupID, StudentEntityID)
values (1,680);
insert into StudentInterestGroups (InterestGroupID, StudentEntityID)
values (8,680);
insert into StudentInterestGroups (InterestGroupID, StudentEntityID)
values (3,680);
insert into userEntity (UserName, EmailAddress, EntityType)
values ('GregoryPattersonT918', 'GregoryPattersonT918@rockingham.k12.va.us', 'STUD');
insert into student (StudentEntityID, FirstName, LastName, MiddleInitial, StreetAddress, Country,City, State,ZipCode, StudentGradeLevel, StudentGPA, StudentACTScore, StudentSATScore, StudentEthnicity, StudentGender, IncomeLevel, DaysAbsent, HoursOfWorkPlaceExp, StudentAthleteFlag, StudentGraduationTrack, StudentEmploymentFlag, StudentImage,SchoolEntityID)
values (681, 'Gregory', 'Patterson', 'T', '86380 Anderson Loop', 'USA','Port Zachary','VA','20040','Senior', 1.21, 13, 747,'African American','Male','Higher Income',14,16, 'Y', 'N', 'Y', 'img/student.jpg', 13);
insert into StudentInterestGroups (InterestGroupID, StudentEntityID)
values (6,681);
insert into StudentInterestGroups (InterestGroupID, StudentEntityID)
values (4,681);
insert into StudentInterestGroups (InterestGroupID, StudentEntityID)
values (1,681);
insert into StudentInterestGroups (InterestGroupID, StudentEntityID)
values (12,681);
insert into userEntity (UserName, EmailAddress, EntityType)
values ('RamonGullattF155', 'RamonGullattF155@Louisa.edu', 'STUD');
insert into student (StudentEntityID, FirstName, LastName, MiddleInitial, StreetAddress, Country,City, State,ZipCode, StudentGradeLevel, StudentGPA, StudentACTScore, StudentSATScore, StudentEthnicity, StudentGender, IncomeLevel, DaysAbsent, HoursOfWorkPlaceExp, StudentAthleteFlag, StudentGraduationTrack, StudentEmploymentFlag, StudentImage,SchoolEntityID)
values (682, 'Ramon', 'Gullatt', 'F', '0274 Matthew Isle', 'USA','New Andreaside','VA','20041','Freshmen', 1.12, 0, 0,'Caucasian','Male','Lower Income',15,2, 'N', 'N', 'Y', 'img/student.jpg', 12);
insert into StudentInterestGroups (InterestGroupID, StudentEntityID)
values (12,682);
insert into StudentInterestGroups (InterestGroupID, StudentEntityID)
values (1,682);
insert into StudentInterestGroups (InterestGroupID, StudentEntityID)
values (8,682);
insert into StudentInterestGroups (InterestGroupID, StudentEntityID)
values (7,682);
insert into StudentInterestGroups (InterestGroupID, StudentEntityID)
values (4,682);
insert into StudentInterestGroups (InterestGroupID, StudentEntityID)
values (6,682);
insert into userEntity (UserName, EmailAddress, EntityType)
values ('JoanneSmithL980', 'JoanneSmithL980@broadway.edu', 'STUD');
insert into student (StudentEntityID, FirstName, LastName, MiddleInitial, StreetAddress, Country,City, State,ZipCode, StudentGradeLevel, StudentGPA, StudentACTScore, StudentSATScore, StudentEthnicity, StudentGender, IncomeLevel, DaysAbsent, HoursOfWorkPlaceExp, StudentAthleteFlag, StudentGraduationTrack, StudentEmploymentFlag, StudentImage,SchoolEntityID)
values (683, 'Joanne', 'Smith', 'L', '881 Gregory Throughway Apt. 185', 'USA','West Katie','VA','20040','Senior', 3.78, 27, 1452,'Hispanic','Female','Middle Income',3,35, 'Y', 'Y', 'N', 'img/student.jpg', 16);
insert into StudentInterestGroups (InterestGroupID, StudentEntityID)
values (3,683);
insert into StudentInterestGroups (InterestGroupID, StudentEntityID)
values (8,683);
insert into StudentInterestGroups (InterestGroupID, StudentEntityID)
values (9,683);
insert into StudentInterestGroups (InterestGroupID, StudentEntityID)
values (2,683);
insert into userEntity (UserName, EmailAddress, EntityType)
values ('WilliamWittyO984', 'WilliamWittyO984@harrisonburg.edu', 'STUD');
insert into student (StudentEntityID, FirstName, LastName, MiddleInitial, StreetAddress, Country,City, State,ZipCode, StudentGradeLevel, StudentGPA, StudentACTScore, StudentSATScore, StudentEthnicity, StudentGender, IncomeLevel, DaysAbsent, HoursOfWorkPlaceExp, StudentAthleteFlag, StudentGraduationTrack, StudentEmploymentFlag, StudentImage,SchoolEntityID)
values (684, 'William', 'Witty', 'O', '58569 Emily Mill', 'USA','Greenebury','VA','20040','Freshmen', 1.18, 0, 0,'Caucasian','Male','Middle Income',13,5, 'N', 'N', 'N', 'img/student.jpg', 17);
insert into StudentInterestGroups (InterestGroupID, StudentEntityID)
values (7,684);
insert into StudentInterestGroups (InterestGroupID, StudentEntityID)
values (4,684);
insert into StudentInterestGroups (InterestGroupID, StudentEntityID)
values (8,684);
insert into StudentInterestGroups (InterestGroupID, StudentEntityID)
values (10,684);
insert into StudentInterestGroups (InterestGroupID, StudentEntityID)
values (9,684);
insert into StudentInterestGroups (InterestGroupID, StudentEntityID)
values (1,684);
insert into StudentInterestGroups (InterestGroupID, StudentEntityID)
values (6,684);
insert into userEntity (UserName, EmailAddress, EntityType)
values ('BrianZehnerI138', 'BrianZehnerI138@rockingham.k12.va.us', 'STUD');
insert into student (StudentEntityID, FirstName, LastName, MiddleInitial, StreetAddress, Country,City, State,ZipCode, StudentGradeLevel, StudentGPA, StudentACTScore, StudentSATScore, StudentEthnicity, StudentGender, IncomeLevel, DaysAbsent, HoursOfWorkPlaceExp, StudentAthleteFlag, StudentGraduationTrack, StudentEmploymentFlag, StudentImage,SchoolEntityID)
values (685, 'Brian', 'Zehner', 'I', '5427 Richard Village', 'USA','Lake Elizabeth','VA','20040','Freshmen', 3.52, 0, 0,'Caucasian','Male','Higher Income',4,17, 'Y', 'Y', 'Y', 'img/student.jpg', 13);
insert into StudentInterestGroups (InterestGroupID, StudentEntityID)
values (8,685);
insert into StudentInterestGroups (InterestGroupID, StudentEntityID)
values (2,685);
insert into StudentInterestGroups (InterestGroupID, StudentEntityID)
values (12,685);
insert into StudentInterestGroups (InterestGroupID, StudentEntityID)
values (9,685);
insert into userEntity (UserName, EmailAddress, EntityType)
values ('PhyllisBoudreauxU916', 'PhyllisBoudreauxU916@harrisonburg.edu', 'STUD');
insert into student (StudentEntityID, FirstName, LastName, MiddleInitial, StreetAddress, Country,City, State,ZipCode, StudentGradeLevel, StudentGPA, StudentACTScore, StudentSATScore, StudentEthnicity, StudentGender, IncomeLevel, DaysAbsent, HoursOfWorkPlaceExp, StudentAthleteFlag, StudentGraduationTrack, StudentEmploymentFlag, StudentImage,SchoolEntityID)
values (686, 'Phyllis', 'Boudreaux', 'U', '3054 Myers Causeway Suite 843', 'USA','Clinetown','VA','20041','Freshmen', 2.69, 0, 0,'Caucasian','Female','Middle Income',0,20, 'Y', 'Y', 'N', 'img/student.jpg', 17);
insert into StudentInterestGroups (InterestGroupID, StudentEntityID)
values (5,686);
insert into StudentInterestGroups (InterestGroupID, StudentEntityID)
values (9,686);
insert into StudentInterestGroups (InterestGroupID, StudentEntityID)
values (7,686);
insert into StudentInterestGroups (InterestGroupID, StudentEntityID)
values (4,686);
insert into userEntity (UserName, EmailAddress, EntityType)
values ('JacobPorterC353', 'JacobPorterC353@Louisa.edu', 'STUD');
insert into student (StudentEntityID, FirstName, LastName, MiddleInitial, StreetAddress, Country,City, State,ZipCode, StudentGradeLevel, StudentGPA, StudentACTScore, StudentSATScore, StudentEthnicity, StudentGender, IncomeLevel, DaysAbsent, HoursOfWorkPlaceExp, StudentAthleteFlag, StudentGraduationTrack, StudentEmploymentFlag, StudentImage,SchoolEntityID)
values (687, 'Jacob', 'Porter', 'C', '29687 Jamie Glen', 'USA','Lopezville','VA','20040','Senior', 1.66, 21, 1250,'Hispanic','Other','Middle Income',12,25, 'Y', 'N', 'Y', 'img/student.jpg', 12);
insert into StudentInterestGroups (InterestGroupID, StudentEntityID)
values (8,687);
insert into userEntity (UserName, EmailAddress, EntityType)
values ('VirginiaRueT11', 'VirginiaRueT11@turnerAshby.edu', 'STUD');
insert into student (StudentEntityID, FirstName, LastName, MiddleInitial, StreetAddress, Country,City, State,ZipCode, StudentGradeLevel, StudentGPA, StudentACTScore, StudentSATScore, StudentEthnicity, StudentGender, IncomeLevel, DaysAbsent, HoursOfWorkPlaceExp, StudentAthleteFlag, StudentGraduationTrack, StudentEmploymentFlag, StudentImage,SchoolEntityID)
values (688, 'Virginia', 'Rue', 'T', '89434 Nicole Mountains Suite 281', 'USA','Danielstad','VA','20040','Sophomore', 1.05, 0, 0,'Caucasian','Other','Higher Income',13,4, 'Y', 'N', 'Y', 'img/student.jpg', 15);
insert into StudentInterestGroups (InterestGroupID, StudentEntityID)
values (4,688);
insert into StudentInterestGroups (InterestGroupID, StudentEntityID)
values (8,688);
insert into StudentInterestGroups (InterestGroupID, StudentEntityID)
values (9,688);
insert into StudentInterestGroups (InterestGroupID, StudentEntityID)
values (7,688);
insert into userEntity (UserName, EmailAddress, EntityType)
values ('KatieMirelesT173', 'KatieMirelesT173@Louisa.edu', 'STUD');
insert into student (StudentEntityID, FirstName, LastName, MiddleInitial, StreetAddress, Country,City, State,ZipCode, StudentGradeLevel, StudentGPA, StudentACTScore, StudentSATScore, StudentEthnicity, StudentGender, IncomeLevel, DaysAbsent, HoursOfWorkPlaceExp, StudentAthleteFlag, StudentGraduationTrack, StudentEmploymentFlag, StudentImage,SchoolEntityID)
values (689, 'Katie', 'Mireles', 'T', '207 Philip Center', 'USA','Port Mandy','VA','20041','Junior', 1.26, 15, 867,'Caucasian','Other','Lower Income',14,17, 'N', 'N', 'Y', 'img/student.jpg', 12);
insert into StudentInterestGroups (InterestGroupID, StudentEntityID)
values (6,689);
insert into StudentInterestGroups (InterestGroupID, StudentEntityID)
values (11,689);
insert into StudentInterestGroups (InterestGroupID, StudentEntityID)
values (3,689);
insert into StudentInterestGroups (InterestGroupID, StudentEntityID)
values (10,689);
insert into StudentInterestGroups (InterestGroupID, StudentEntityID)
values (4,689);
insert into StudentInterestGroups (InterestGroupID, StudentEntityID)
values (5,689);
insert into userEntity (UserName, EmailAddress, EntityType)
values ('JohnRohnQ5', 'JohnRohnQ5@harrisonburg.edu', 'STUD');
insert into student (StudentEntityID, FirstName, LastName, MiddleInitial, StreetAddress, Country,City, State,ZipCode, StudentGradeLevel, StudentGPA, StudentACTScore, StudentSATScore, StudentEthnicity, StudentGender, IncomeLevel, DaysAbsent, HoursOfWorkPlaceExp, StudentAthleteFlag, StudentGraduationTrack, StudentEmploymentFlag, StudentImage,SchoolEntityID)
values (690, 'John', 'Rohn', 'Q', '0236 Douglas Ridge', 'USA','Port Jonathanland','VA','20040','Sophomore', 2.27, 0, 0,'Asian','Male','Middle Income',13,19, 'Y', 'Y', 'N', 'img/student.jpg', 17);
insert into StudentInterestGroups (InterestGroupID, StudentEntityID)
values (8,690);
insert into StudentInterestGroups (InterestGroupID, StudentEntityID)
values (4,690);
insert into StudentInterestGroups (InterestGroupID, StudentEntityID)
values (2,690);
insert into StudentInterestGroups (InterestGroupID, StudentEntityID)
values (3,690);
insert into StudentInterestGroups (InterestGroupID, StudentEntityID)
values (9,690);
insert into StudentInterestGroups (InterestGroupID, StudentEntityID)
values (6,690);
insert into userEntity (UserName, EmailAddress, EntityType)
values ('MiriamCampbellR581', 'MiriamCampbellR581@broadway.edu', 'STUD');
insert into student (StudentEntityID, FirstName, LastName, MiddleInitial, StreetAddress, Country,City, State,ZipCode, StudentGradeLevel, StudentGPA, StudentACTScore, StudentSATScore, StudentEthnicity, StudentGender, IncomeLevel, DaysAbsent, HoursOfWorkPlaceExp, StudentAthleteFlag, StudentGraduationTrack, StudentEmploymentFlag, StudentImage,SchoolEntityID)
values (691, 'Miriam', 'Campbell', 'R', '019 Leon Islands Apt. 398', 'USA','Rebeccaberg','VA','20041','Senior', 2.54, 27, 1498,'Hispanic','Female','Lower Income',5,34, 'N', 'Y', 'N', 'img/student.jpg', 16);
insert into StudentInterestGroups (InterestGroupID, StudentEntityID)
values (9,691);
insert into StudentInterestGroups (InterestGroupID, StudentEntityID)
values (1,691);
insert into userEntity (UserName, EmailAddress, EntityType)
values ('VictoriaFormicaN532', 'VictoriaFormicaN532@turnerAshby.edu', 'STUD');
insert into student (StudentEntityID, FirstName, LastName, MiddleInitial, StreetAddress, Country,City, State,ZipCode, StudentGradeLevel, StudentGPA, StudentACTScore, StudentSATScore, StudentEthnicity, StudentGender, IncomeLevel, DaysAbsent, HoursOfWorkPlaceExp, StudentAthleteFlag, StudentGraduationTrack, StudentEmploymentFlag, StudentImage,SchoolEntityID)
values (692, 'Victoria', 'Formica', 'N', '92300 Moore Ridge', 'USA','Ramseyburgh','VA','20040','Sophomore', 3.97, 0, 0,'Hispanic','Other','Middle Income',5,25, 'Y', 'Y', 'N', 'img/student.jpg', 15);
insert into StudentInterestGroups (InterestGroupID, StudentEntityID)
values (9,692);
insert into StudentInterestGroups (InterestGroupID, StudentEntityID)
values (1,692);
insert into StudentInterestGroups (InterestGroupID, StudentEntityID)
values (6,692);
insert into StudentInterestGroups (InterestGroupID, StudentEntityID)
values (3,692);
insert into StudentInterestGroups (InterestGroupID, StudentEntityID)
values (5,692);
insert into StudentInterestGroups (InterestGroupID, StudentEntityID)
values (7,692);
insert into StudentInterestGroups (InterestGroupID, StudentEntityID)
values (4,692);
insert into userEntity (UserName, EmailAddress, EntityType)
values ('LionelTatumO637', 'LionelTatumO637@broadway.edu', 'STUD');
insert into student (StudentEntityID, FirstName, LastName, MiddleInitial, StreetAddress, Country,City, State,ZipCode, StudentGradeLevel, StudentGPA, StudentACTScore, StudentSATScore, StudentEthnicity, StudentGender, IncomeLevel, DaysAbsent, HoursOfWorkPlaceExp, StudentAthleteFlag, StudentGraduationTrack, StudentEmploymentFlag, StudentImage,SchoolEntityID)
values (693, 'Lionel', 'Tatum', 'O', '1007 Jessica Burg', 'USA','Kathleenton','VA','20041','Sophomore', 3.7, 0, 0,'Caucasian','Male','Middle Income',4,24, 'N', 'Y', 'N', 'img/student.jpg', 16);
insert into StudentInterestGroups (InterestGroupID, StudentEntityID)
values (10,693);
insert into StudentInterestGroups (InterestGroupID, StudentEntityID)
values (12,693);
insert into StudentInterestGroups (InterestGroupID, StudentEntityID)
values (11,693);
insert into StudentInterestGroups (InterestGroupID, StudentEntityID)
values (1,693);
insert into StudentInterestGroups (InterestGroupID, StudentEntityID)
values (9,693);
insert into StudentInterestGroups (InterestGroupID, StudentEntityID)
values (7,693);
insert into userEntity (UserName, EmailAddress, EntityType)
values ('MarthaKokoskaS800', 'MarthaKokoskaS800@broadway.edu', 'STUD');
insert into student (StudentEntityID, FirstName, LastName, MiddleInitial, StreetAddress, Country,City, State,ZipCode, StudentGradeLevel, StudentGPA, StudentACTScore, StudentSATScore, StudentEthnicity, StudentGender, IncomeLevel, DaysAbsent, HoursOfWorkPlaceExp, StudentAthleteFlag, StudentGraduationTrack, StudentEmploymentFlag, StudentImage,SchoolEntityID)
values (694, 'Martha', 'Kokoska', 'S', '55712 Rebecca Fall', 'USA','Davismouth','VA','20041','Freshmen', 3.89, 0, 0,'Caucasian','Female','Higher Income',3,18, 'N', 'Y', 'N', 'img/student.jpg', 16);
insert into StudentInterestGroups (InterestGroupID, StudentEntityID)
values (3,694);
insert into StudentInterestGroups (InterestGroupID, StudentEntityID)
values (7,694);
insert into StudentInterestGroups (InterestGroupID, StudentEntityID)
values (1,694);
insert into StudentInterestGroups (InterestGroupID, StudentEntityID)
values (8,694);
insert into StudentInterestGroups (InterestGroupID, StudentEntityID)
values (11,694);
insert into StudentInterestGroups (InterestGroupID, StudentEntityID)
values (10,694);
insert into StudentInterestGroups (InterestGroupID, StudentEntityID)
values (4,694);
insert into userEntity (UserName, EmailAddress, EntityType)
values ('AngeloGardnerE602', 'AngeloGardnerE602@turnerAshby.edu', 'STUD');
insert into student (StudentEntityID, FirstName, LastName, MiddleInitial, StreetAddress, Country,City, State,ZipCode, StudentGradeLevel, StudentGPA, StudentACTScore, StudentSATScore, StudentEthnicity, StudentGender, IncomeLevel, DaysAbsent, HoursOfWorkPlaceExp, StudentAthleteFlag, StudentGraduationTrack, StudentEmploymentFlag, StudentImage,SchoolEntityID)
values (695, 'Angelo', 'Gardner', 'E', '51158 Brown Village Apt. 017', 'USA','Rebeccafurt','VA','20040','Freshmen', 1.76, 0, 0,'Caucasian','Male','Middle Income',8,10, 'Y', 'N', 'N', 'img/student.jpg', 15);
insert into StudentInterestGroups (InterestGroupID, StudentEntityID)
values (9,695);
insert into StudentInterestGroups (InterestGroupID, StudentEntityID)
values (5,695);
insert into StudentInterestGroups (InterestGroupID, StudentEntityID)
values (11,695);
insert into StudentInterestGroups (InterestGroupID, StudentEntityID)
values (12,695);
insert into StudentInterestGroups (InterestGroupID, StudentEntityID)
values (6,695);
insert into userEntity (UserName, EmailAddress, EntityType)
values ('ShereeBellamyW974', 'ShereeBellamyW974@harrisonburg.edu', 'STUD');
insert into student (StudentEntityID, FirstName, LastName, MiddleInitial, StreetAddress, Country,City, State,ZipCode, StudentGradeLevel, StudentGPA, StudentACTScore, StudentSATScore, StudentEthnicity, StudentGender, IncomeLevel, DaysAbsent, HoursOfWorkPlaceExp, StudentAthleteFlag, StudentGraduationTrack, StudentEmploymentFlag, StudentImage,SchoolEntityID)
values (696, 'Sheree', 'Bellamy', 'W', '02716 Martinez Stream Apt. 957', 'USA','North Jaredhaven','VA','20040','Senior', 2.24, 22, 1055,'Caucasian','Female','Higher Income',8,27, 'Y', 'Y', 'Y', 'img/student.jpg', 17);
insert into StudentInterestGroups (InterestGroupID, StudentEntityID)
values (10,696);
insert into StudentInterestGroups (InterestGroupID, StudentEntityID)
values (12,696);
insert into StudentInterestGroups (InterestGroupID, StudentEntityID)
values (4,696);
insert into StudentInterestGroups (InterestGroupID, StudentEntityID)
values (9,696);
insert into StudentInterestGroups (InterestGroupID, StudentEntityID)
values (3,696);
insert into userEntity (UserName, EmailAddress, EntityType)
values ('AnthonyPooleG969', 'AnthonyPooleG969@turnerAshby.edu', 'STUD');
insert into student (StudentEntityID, FirstName, LastName, MiddleInitial, StreetAddress, Country,City, State,ZipCode, StudentGradeLevel, StudentGPA, StudentACTScore, StudentSATScore, StudentEthnicity, StudentGender, IncomeLevel, DaysAbsent, HoursOfWorkPlaceExp, StudentAthleteFlag, StudentGraduationTrack, StudentEmploymentFlag, StudentImage,SchoolEntityID)
values (697, 'Anthony', 'Poole', 'G', '632 Shannon Ramp Apt. 596', 'USA','West Meganville','VA','20041','Senior', 3.87, 29, 1307,'Caucasian','Male','Middle Income',4,37, 'Y', 'Y', 'N', 'img/student.jpg', 15);
insert into StudentInterestGroups (InterestGroupID, StudentEntityID)
values (5,697);
insert into StudentInterestGroups (InterestGroupID, StudentEntityID)
values (9,697);
insert into StudentInterestGroups (InterestGroupID, StudentEntityID)
values (6,697);
insert into userEntity (UserName, EmailAddress, EntityType)
values ('JamesIsraelsI399', 'JamesIsraelsI399@harrisonburg.edu', 'STUD');
insert into student (StudentEntityID, FirstName, LastName, MiddleInitial, StreetAddress, Country,City, State,ZipCode, StudentGradeLevel, StudentGPA, StudentACTScore, StudentSATScore, StudentEthnicity, StudentGender, IncomeLevel, DaysAbsent, HoursOfWorkPlaceExp, StudentAthleteFlag, StudentGraduationTrack, StudentEmploymentFlag, StudentImage,SchoolEntityID)
values (698, 'James', 'Israels', 'I', '77606 Samantha Trafficway', 'USA','South Kimberly','VA','20040','Senior', 2.62, 28, 1179,'Caucasian','Male','Middle Income',0,39, 'N', 'Y', 'Y', 'img/student.jpg', 17);
insert into StudentInterestGroups (InterestGroupID, StudentEntityID)
values (5,698);
insert into StudentInterestGroups (InterestGroupID, StudentEntityID)
values (12,698);
insert into userEntity (UserName, EmailAddress, EntityType)
values ('FrancesGalvinZ615', 'FrancesGalvinZ615@turnerAshby.edu', 'STUD');
insert into student (StudentEntityID, FirstName, LastName, MiddleInitial, StreetAddress, Country,City, State,ZipCode, StudentGradeLevel, StudentGPA, StudentACTScore, StudentSATScore, StudentEthnicity, StudentGender, IncomeLevel, DaysAbsent, HoursOfWorkPlaceExp, StudentAthleteFlag, StudentGraduationTrack, StudentEmploymentFlag, StudentImage,SchoolEntityID)
values (699, 'Frances', 'Galvin', 'Z', '44640 Fox Stravenue', 'USA','Port Brandonchester','VA','20040','Freshmen', 1.28, 0, 0,'Not selected or Other','Female','Middle Income',15,0, 'N', 'N', 'Y', 'img/student.jpg', 15);
insert into StudentInterestGroups (InterestGroupID, StudentEntityID)
values (1,699);
insert into StudentInterestGroups (InterestGroupID, StudentEntityID)
values (5,699);
insert into StudentInterestGroups (InterestGroupID, StudentEntityID)
values (12,699);
insert into StudentInterestGroups (InterestGroupID, StudentEntityID)
values (11,699);
insert into userEntity (UserName, EmailAddress, EntityType)
values ('LottieMcmullenO366', 'LottieMcmullenO366@turnerAshby.edu', 'STUD');
insert into student (StudentEntityID, FirstName, LastName, MiddleInitial, StreetAddress, Country,City, State,ZipCode, StudentGradeLevel, StudentGPA, StudentACTScore, StudentSATScore, StudentEthnicity, StudentGender, IncomeLevel, DaysAbsent, HoursOfWorkPlaceExp, StudentAthleteFlag, StudentGraduationTrack, StudentEmploymentFlag, StudentImage,SchoolEntityID)
values (700, 'Lottie', 'Mcmullen', 'O', '857 King Freeway Apt. 555', 'USA','New Mauriceburgh','VA','20041','Senior', 3.74, 29, 1530,'Caucasian','Female','Higher Income',3,44, 'N', 'Y', 'Y', 'img/student.jpg', 15);
insert into StudentInterestGroups (InterestGroupID, StudentEntityID)
values (4,700);
insert into userEntity (UserName, EmailAddress, EntityType)
values ('PennyClarksonU875', 'PennyClarksonU875@broadway.edu', 'STUD');
insert into student (StudentEntityID, FirstName, LastName, MiddleInitial, StreetAddress, Country,City, State,ZipCode, StudentGradeLevel, StudentGPA, StudentACTScore, StudentSATScore, StudentEthnicity, StudentGender, IncomeLevel, DaysAbsent, HoursOfWorkPlaceExp, StudentAthleteFlag, StudentGraduationTrack, StudentEmploymentFlag, StudentImage,SchoolEntityID)
values (701, 'Penny', 'Clarkson', 'U', '27516 Desiree Port Suite 529', 'USA','Kellyfort','VA','20040','Senior', 2.18, 20, 1317,'Caucasian','Female','Lower Income',6,34, 'Y', 'Y', 'Y', 'img/student.jpg', 16);
insert into StudentInterestGroups (InterestGroupID, StudentEntityID)
values (8,701);
insert into StudentInterestGroups (InterestGroupID, StudentEntityID)
values (10,701);
insert into StudentInterestGroups (InterestGroupID, StudentEntityID)
values (3,701);
insert into StudentInterestGroups (InterestGroupID, StudentEntityID)
values (6,701);
insert into userEntity (UserName, EmailAddress, EntityType)
values ('AnnetteKyserT139', 'AnnetteKyserT139@broadway.edu', 'STUD');
insert into student (StudentEntityID, FirstName, LastName, MiddleInitial, StreetAddress, Country,City, State,ZipCode, StudentGradeLevel, StudentGPA, StudentACTScore, StudentSATScore, StudentEthnicity, StudentGender, IncomeLevel, DaysAbsent, HoursOfWorkPlaceExp, StudentAthleteFlag, StudentGraduationTrack, StudentEmploymentFlag, StudentImage,SchoolEntityID)
values (702, 'Annette', 'Kyser', 'T', '09394 Gates Greens', 'USA','East Jade','VA','20040','Sophomore', 2.36, 0, 0,'Caucasian','Female','Lower Income',5,17, 'N', 'Y', 'N', 'img/student.jpg', 16);
insert into StudentInterestGroups (InterestGroupID, StudentEntityID)
values (3,702);
insert into StudentInterestGroups (InterestGroupID, StudentEntityID)
values (12,702);
insert into StudentInterestGroups (InterestGroupID, StudentEntityID)
values (6,702);
insert into StudentInterestGroups (InterestGroupID, StudentEntityID)
values (1,702);
insert into userEntity (UserName, EmailAddress, EntityType)
values ('CharlesWoznyO476', 'CharlesWoznyO476@turnerAshby.edu', 'STUD');
insert into student (StudentEntityID, FirstName, LastName, MiddleInitial, StreetAddress, Country,City, State,ZipCode, StudentGradeLevel, StudentGPA, StudentACTScore, StudentSATScore, StudentEthnicity, StudentGender, IncomeLevel, DaysAbsent, HoursOfWorkPlaceExp, StudentAthleteFlag, StudentGraduationTrack, StudentEmploymentFlag, StudentImage,SchoolEntityID)
values (703, 'Charles', 'Wozny', 'O', '2129 Allison Glen Suite 677', 'USA','East Laura','VA','20040','Junior', 2.74, 32, 915,'Caucasian','Other','Lower Income',0,25, 'N', 'Y', 'N', 'img/student.jpg', 15);
insert into StudentInterestGroups (InterestGroupID, StudentEntityID)
values (11,703);
insert into StudentInterestGroups (InterestGroupID, StudentEntityID)
values (9,703);
insert into StudentInterestGroups (InterestGroupID, StudentEntityID)
values (5,703);
insert into StudentInterestGroups (InterestGroupID, StudentEntityID)
values (8,703);
insert into userEntity (UserName, EmailAddress, EntityType)
values ('JuanDanielsL80', 'JuanDanielsL80@turnerAshby.edu', 'STUD');
insert into student (StudentEntityID, FirstName, LastName, MiddleInitial, StreetAddress, Country,City, State,ZipCode, StudentGradeLevel, StudentGPA, StudentACTScore, StudentSATScore, StudentEthnicity, StudentGender, IncomeLevel, DaysAbsent, HoursOfWorkPlaceExp, StudentAthleteFlag, StudentGraduationTrack, StudentEmploymentFlag, StudentImage,SchoolEntityID)
values (704, 'Juan', 'Daniels', 'L', '7306 Rivers Ridge', 'USA','East Amanda','VA','20040','Junior', 2.07, 15, 1142,'African American','Other','Higher Income',15,30, 'N', 'Y', 'N', 'img/student.jpg', 15);
insert into StudentInterestGroups (InterestGroupID, StudentEntityID)
values (5,704);
insert into StudentInterestGroups (InterestGroupID, StudentEntityID)
values (4,704);
insert into StudentInterestGroups (InterestGroupID, StudentEntityID)
values (12,704);
insert into StudentInterestGroups (InterestGroupID, StudentEntityID)
values (10,704);
insert into StudentInterestGroups (InterestGroupID, StudentEntityID)
values (6,704);
insert into userEntity (UserName, EmailAddress, EntityType)
values ('BrianBrownS388', 'BrianBrownS388@harrisonburg.edu', 'STUD');
insert into student (StudentEntityID, FirstName, LastName, MiddleInitial, StreetAddress, Country,City, State,ZipCode, StudentGradeLevel, StudentGPA, StudentACTScore, StudentSATScore, StudentEthnicity, StudentGender, IncomeLevel, DaysAbsent, HoursOfWorkPlaceExp, StudentAthleteFlag, StudentGraduationTrack, StudentEmploymentFlag, StudentImage,SchoolEntityID)
values (705, 'Brian', 'Brown', 'S', '1754 Munoz Summit', 'USA','South Danielstad','VA','20041','Freshmen', 3.92, 0, 0,'African American','Male','Middle Income',4,17, 'Y', 'Y', 'N', 'img/student.jpg', 17);
insert into StudentInterestGroups (InterestGroupID, StudentEntityID)
values (11,705);
insert into StudentInterestGroups (InterestGroupID, StudentEntityID)
values (1,705);
insert into StudentInterestGroups (InterestGroupID, StudentEntityID)
values (4,705);
insert into StudentInterestGroups (InterestGroupID, StudentEntityID)
values (12,705);
insert into StudentInterestGroups (InterestGroupID, StudentEntityID)
values (5,705);
insert into StudentInterestGroups (InterestGroupID, StudentEntityID)
values (8,705);
insert into StudentInterestGroups (InterestGroupID, StudentEntityID)
values (2,705);
insert into userEntity (UserName, EmailAddress, EntityType)
values ('ChristopherNgS14', 'ChristopherNgS14@spotswood.edu', 'STUD');
insert into student (StudentEntityID, FirstName, LastName, MiddleInitial, StreetAddress, Country,City, State,ZipCode, StudentGradeLevel, StudentGPA, StudentACTScore, StudentSATScore, StudentEthnicity, StudentGender, IncomeLevel, DaysAbsent, HoursOfWorkPlaceExp, StudentAthleteFlag, StudentGraduationTrack, StudentEmploymentFlag, StudentImage,SchoolEntityID)
values (706, 'Christopher', 'Ng', 'S', '174 Howard Mission Apt. 018', 'USA','Grantshire','VA','20040','Freshmen', 1.46, 0, 0,'Not selected or Other','Other','Middle Income',14,5, 'N', 'N', 'Y', 'img/student.jpg', 14);
insert into StudentInterestGroups (InterestGroupID, StudentEntityID)
values (9,706);
insert into StudentInterestGroups (InterestGroupID, StudentEntityID)
values (8,706);
insert into userEntity (UserName, EmailAddress, EntityType)
values ('TerryWrightC802', 'TerryWrightC802@turnerAshby.edu', 'STUD');
insert into student (StudentEntityID, FirstName, LastName, MiddleInitial, StreetAddress, Country,City, State,ZipCode, StudentGradeLevel, StudentGPA, StudentACTScore, StudentSATScore, StudentEthnicity, StudentGender, IncomeLevel, DaysAbsent, HoursOfWorkPlaceExp, StudentAthleteFlag, StudentGraduationTrack, StudentEmploymentFlag, StudentImage,SchoolEntityID)
values (707, 'Terry', 'Wright', 'C', '12322 Chad Well', 'USA','Grossport','VA','20040','Freshmen', 3.84, 0, 0,'African American','Male','Higher Income',3,20, 'N', 'Y', 'N', 'img/student.jpg', 15);
insert into StudentInterestGroups (InterestGroupID, StudentEntityID)
values (4,707);
insert into StudentInterestGroups (InterestGroupID, StudentEntityID)
values (8,707);
insert into StudentInterestGroups (InterestGroupID, StudentEntityID)
values (2,707);
insert into StudentInterestGroups (InterestGroupID, StudentEntityID)
values (10,707);
insert into StudentInterestGroups (InterestGroupID, StudentEntityID)
values (11,707);
insert into StudentInterestGroups (InterestGroupID, StudentEntityID)
values (5,707);
insert into StudentInterestGroups (InterestGroupID, StudentEntityID)
values (1,707);
insert into StudentInterestGroups (InterestGroupID, StudentEntityID)
values (6,707);
insert into userEntity (UserName, EmailAddress, EntityType)
values ('DoloresRedfordB610', 'DoloresRedfordB610@turnerAshby.edu', 'STUD');
insert into student (StudentEntityID, FirstName, LastName, MiddleInitial, StreetAddress, Country,City, State,ZipCode, StudentGradeLevel, StudentGPA, StudentACTScore, StudentSATScore, StudentEthnicity, StudentGender, IncomeLevel, DaysAbsent, HoursOfWorkPlaceExp, StudentAthleteFlag, StudentGraduationTrack, StudentEmploymentFlag, StudentImage,SchoolEntityID)
values (708, 'Dolores', 'Redford', 'B', '985 William Ports Suite 897', 'USA','Gonzalezhaven','VA','20041','Senior', 3.12, 29, 1138,'Caucasian','Other','Higher Income',3,37, 'Y', 'Y', 'N', 'img/student.jpg', 15);
insert into StudentInterestGroups (InterestGroupID, StudentEntityID)
values (5,708);
insert into StudentInterestGroups (InterestGroupID, StudentEntityID)
values (7,708);
insert into userEntity (UserName, EmailAddress, EntityType)
values ('LoriCallisteE436', 'LoriCallisteE436@turnerAshby.edu', 'STUD');
insert into student (StudentEntityID, FirstName, LastName, MiddleInitial, StreetAddress, Country,City, State,ZipCode, StudentGradeLevel, StudentGPA, StudentACTScore, StudentSATScore, StudentEthnicity, StudentGender, IncomeLevel, DaysAbsent, HoursOfWorkPlaceExp, StudentAthleteFlag, StudentGraduationTrack, StudentEmploymentFlag, StudentImage,SchoolEntityID)
values (709, 'Lori', 'Calliste', 'E', '89096 Noah Extension Apt. 625', 'USA','Wardview','VA','20040','Sophomore', 1.16, 0, 0,'Caucasian','Female','Lower Income',13,2, 'N', 'N', 'N', 'img/student.jpg', 15);
insert into StudentInterestGroups (InterestGroupID, StudentEntityID)
values (4,709);
insert into StudentInterestGroups (InterestGroupID, StudentEntityID)
values (10,709);
insert into StudentInterestGroups (InterestGroupID, StudentEntityID)
values (9,709);
insert into userEntity (UserName, EmailAddress, EntityType)
values ('CraigGeigerM730', 'CraigGeigerM730@turnerAshby.edu', 'STUD');
insert into student (StudentEntityID, FirstName, LastName, MiddleInitial, StreetAddress, Country,City, State,ZipCode, StudentGradeLevel, StudentGPA, StudentACTScore, StudentSATScore, StudentEthnicity, StudentGender, IncomeLevel, DaysAbsent, HoursOfWorkPlaceExp, StudentAthleteFlag, StudentGraduationTrack, StudentEmploymentFlag, StudentImage,SchoolEntityID)
values (710, 'Craig', 'Geiger', 'M', '02385 Archer Mall Suite 591', 'USA','Edgarfurt','VA','20040','Sophomore', 1.63, 0, 0,'Caucasian','Other','Middle Income',11,8, 'Y', 'N', 'Y', 'img/student.jpg', 15);
insert into StudentInterestGroups (InterestGroupID, StudentEntityID)
values (5,710);
insert into StudentInterestGroups (InterestGroupID, StudentEntityID)
values (1,710);
insert into StudentInterestGroups (InterestGroupID, StudentEntityID)
values (10,710);
insert into StudentInterestGroups (InterestGroupID, StudentEntityID)
values (2,710);
insert into userEntity (UserName, EmailAddress, EntityType)
values ('ChrisKlokeF450', 'ChrisKlokeF450@harrisonburg.edu', 'STUD');
insert into student (StudentEntityID, FirstName, LastName, MiddleInitial, StreetAddress, Country,City, State,ZipCode, StudentGradeLevel, StudentGPA, StudentACTScore, StudentSATScore, StudentEthnicity, StudentGender, IncomeLevel, DaysAbsent, HoursOfWorkPlaceExp, StudentAthleteFlag, StudentGraduationTrack, StudentEmploymentFlag, StudentImage,SchoolEntityID)
values (711, 'Chris', 'Kloke', 'F', '892 Lambert Spur', 'USA','Gaineston','VA','20040','Senior', 2.83, 22, 1517,'Hispanic','Male','Middle Income',3,45, 'Y', 'Y', 'N', 'img/student.jpg', 17);
insert into StudentInterestGroups (InterestGroupID, StudentEntityID)
values (6,711);
insert into StudentInterestGroups (InterestGroupID, StudentEntityID)
values (5,711);
insert into StudentInterestGroups (InterestGroupID, StudentEntityID)
values (7,711);
insert into StudentInterestGroups (InterestGroupID, StudentEntityID)
values (12,711);
insert into userEntity (UserName, EmailAddress, EntityType)
values ('IdaRautenstrauchS996', 'IdaRautenstrauchS996@harrisonburg.edu', 'STUD');
insert into student (StudentEntityID, FirstName, LastName, MiddleInitial, StreetAddress, Country,City, State,ZipCode, StudentGradeLevel, StudentGPA, StudentACTScore, StudentSATScore, StudentEthnicity, StudentGender, IncomeLevel, DaysAbsent, HoursOfWorkPlaceExp, StudentAthleteFlag, StudentGraduationTrack, StudentEmploymentFlag, StudentImage,SchoolEntityID)
values (712, 'Ida', 'Rautenstrauch', 'S', '82059 Schmidt Loop', 'USA','Mccoyton','VA','20040','Freshmen', 1.99, 0, 0,'Not selected or Other','Female','Lower Income',10,5, 'Y', 'N', 'N', 'img/student.jpg', 17);
insert into StudentInterestGroups (InterestGroupID, StudentEntityID)
values (8,712);
insert into userEntity (UserName, EmailAddress, EntityType)
values ('CedricMinardiU153', 'CedricMinardiU153@rockingham.k12.va.us', 'STUD');
insert into student (StudentEntityID, FirstName, LastName, MiddleInitial, StreetAddress, Country,City, State,ZipCode, StudentGradeLevel, StudentGPA, StudentACTScore, StudentSATScore, StudentEthnicity, StudentGender, IncomeLevel, DaysAbsent, HoursOfWorkPlaceExp, StudentAthleteFlag, StudentGraduationTrack, StudentEmploymentFlag, StudentImage,SchoolEntityID)
values (713, 'Cedric', 'Minardi', 'U', '68151 Santiago Trace Apt. 751', 'USA','West Jacob','VA','20041','Junior', 3.68, 34, 1449,'Caucasian','Male','Middle Income',1,33, 'Y', 'Y', 'N', 'img/student.jpg', 13);
insert into StudentInterestGroups (InterestGroupID, StudentEntityID)
values (8,713);
insert into StudentInterestGroups (InterestGroupID, StudentEntityID)
values (11,713);
insert into StudentInterestGroups (InterestGroupID, StudentEntityID)
values (5,713);
insert into StudentInterestGroups (InterestGroupID, StudentEntityID)
values (4,713);
insert into StudentInterestGroups (InterestGroupID, StudentEntityID)
values (10,713);
insert into StudentInterestGroups (InterestGroupID, StudentEntityID)
values (3,713);
insert into StudentInterestGroups (InterestGroupID, StudentEntityID)
values (1,713);
insert into userEntity (UserName, EmailAddress, EntityType)
values ('DarrelGillumQ757', 'DarrelGillumQ757@rockingham.k12.va.us', 'STUD');
insert into student (StudentEntityID, FirstName, LastName, MiddleInitial, StreetAddress, Country,City, State,ZipCode, StudentGradeLevel, StudentGPA, StudentACTScore, StudentSATScore, StudentEthnicity, StudentGender, IncomeLevel, DaysAbsent, HoursOfWorkPlaceExp, StudentAthleteFlag, StudentGraduationTrack, StudentEmploymentFlag, StudentImage,SchoolEntityID)
values (714, 'Darrel', 'Gillum', 'Q', '539 Mitchell Ridge Suite 392', 'USA','Port Christinemouth','VA','20040','Senior', 1.74, 17, 1046,'Caucasian','Male','Lower Income',15,35, 'Y', 'N', 'N', 'img/student.jpg', 13);
insert into StudentInterestGroups (InterestGroupID, StudentEntityID)
values (3,714);
insert into StudentInterestGroups (InterestGroupID, StudentEntityID)
values (4,714);
insert into StudentInterestGroups (InterestGroupID, StudentEntityID)
values (5,714);
insert into StudentInterestGroups (InterestGroupID, StudentEntityID)
values (11,714);
insert into StudentInterestGroups (InterestGroupID, StudentEntityID)
values (6,714);
insert into StudentInterestGroups (InterestGroupID, StudentEntityID)
values (12,714);
insert into userEntity (UserName, EmailAddress, EntityType)
values ('VictorBarnhartX42', 'VictorBarnhartX42@harrisonburg.edu', 'STUD');
insert into student (StudentEntityID, FirstName, LastName, MiddleInitial, StreetAddress, Country,City, State,ZipCode, StudentGradeLevel, StudentGPA, StudentACTScore, StudentSATScore, StudentEthnicity, StudentGender, IncomeLevel, DaysAbsent, HoursOfWorkPlaceExp, StudentAthleteFlag, StudentGraduationTrack, StudentEmploymentFlag, StudentImage,SchoolEntityID)
values (715, 'Victor', 'Barnhart', 'X', '8343 Monica Point', 'USA','Christinamouth','VA','20041','Senior', 1.67, 23, 1208,'Caucasian','Other','Middle Income',11,35, 'N', 'N', 'N', 'img/student.jpg', 17);
insert into StudentInterestGroups (InterestGroupID, StudentEntityID)
values (2,715);
insert into StudentInterestGroups (InterestGroupID, StudentEntityID)
values (1,715);
insert into StudentInterestGroups (InterestGroupID, StudentEntityID)
values (10,715);
insert into StudentInterestGroups (InterestGroupID, StudentEntityID)
values (12,715);
insert into StudentInterestGroups (InterestGroupID, StudentEntityID)
values (11,715);
insert into userEntity (UserName, EmailAddress, EntityType)
values ('JamesWellerV485', 'JamesWellerV485@harrisonburg.edu', 'STUD');
insert into student (StudentEntityID, FirstName, LastName, MiddleInitial, StreetAddress, Country,City, State,ZipCode, StudentGradeLevel, StudentGPA, StudentACTScore, StudentSATScore, StudentEthnicity, StudentGender, IncomeLevel, DaysAbsent, HoursOfWorkPlaceExp, StudentAthleteFlag, StudentGraduationTrack, StudentEmploymentFlag, StudentImage,SchoolEntityID)
values (716, 'James', 'Weller', 'V', '15256 John Wall Suite 204', 'USA','Gutierrezside','VA','20040','Junior', 2.86, 30, 1102,'Caucasian','Male','Lower Income',5,25, 'N', 'Y', 'N', 'img/student.jpg', 17);
insert into StudentInterestGroups (InterestGroupID, StudentEntityID)
values (9,716);
insert into StudentInterestGroups (InterestGroupID, StudentEntityID)
values (10,716);
insert into StudentInterestGroups (InterestGroupID, StudentEntityID)
values (4,716);
insert into StudentInterestGroups (InterestGroupID, StudentEntityID)
values (11,716);
insert into userEntity (UserName, EmailAddress, EntityType)
values ('MaryjaneGossettY817', 'MaryjaneGossettY817@broadway.edu', 'STUD');
insert into student (StudentEntityID, FirstName, LastName, MiddleInitial, StreetAddress, Country,City, State,ZipCode, StudentGradeLevel, StudentGPA, StudentACTScore, StudentSATScore, StudentEthnicity, StudentGender, IncomeLevel, DaysAbsent, HoursOfWorkPlaceExp, StudentAthleteFlag, StudentGraduationTrack, StudentEmploymentFlag, StudentImage,SchoolEntityID)
values (717, 'Maryjane', 'Gossett', 'Y', '871 Moore Plaza', 'USA','West Katelynberg','VA','20041','Senior', 3.9, 26, 1536,'Caucasian','Female','Middle Income',0,37, 'Y', 'Y', 'Y', 'img/student.jpg', 16);
insert into StudentInterestGroups (InterestGroupID, StudentEntityID)
values (6,717);
insert into StudentInterestGroups (InterestGroupID, StudentEntityID)
values (12,717);
insert into StudentInterestGroups (InterestGroupID, StudentEntityID)
values (3,717);
insert into StudentInterestGroups (InterestGroupID, StudentEntityID)
values (7,717);
insert into StudentInterestGroups (InterestGroupID, StudentEntityID)
values (1,717);
insert into StudentInterestGroups (InterestGroupID, StudentEntityID)
values (4,717);
insert into userEntity (UserName, EmailAddress, EntityType)
values ('PeterFendersonD200', 'PeterFendersonD200@harrisonburg.edu', 'STUD');
insert into student (StudentEntityID, FirstName, LastName, MiddleInitial, StreetAddress, Country,City, State,ZipCode, StudentGradeLevel, StudentGPA, StudentACTScore, StudentSATScore, StudentEthnicity, StudentGender, IncomeLevel, DaysAbsent, HoursOfWorkPlaceExp, StudentAthleteFlag, StudentGraduationTrack, StudentEmploymentFlag, StudentImage,SchoolEntityID)
values (718, 'Peter', 'Fenderson', 'D', '283 Thomas Coves', 'USA','Lake Cynthiashire','VA','20040','Freshmen', 1.97, 0, 0,'Asian','Male','Middle Income',10,1, 'Y', 'N', 'Y', 'img/student.jpg', 17);
insert into StudentInterestGroups (InterestGroupID, StudentEntityID)
values (11,718);
insert into StudentInterestGroups (InterestGroupID, StudentEntityID)
values (7,718);
insert into userEntity (UserName, EmailAddress, EntityType)
values ('MattieHernandezJ872', 'MattieHernandezJ872@turnerAshby.edu', 'STUD');
insert into student (StudentEntityID, FirstName, LastName, MiddleInitial, StreetAddress, Country,City, State,ZipCode, StudentGradeLevel, StudentGPA, StudentACTScore, StudentSATScore, StudentEthnicity, StudentGender, IncomeLevel, DaysAbsent, HoursOfWorkPlaceExp, StudentAthleteFlag, StudentGraduationTrack, StudentEmploymentFlag, StudentImage,SchoolEntityID)
values (719, 'Mattie', 'Hernandez', 'J', '479 Bailey Crossing', 'USA','Port Trevorburgh','VA','20040','Junior', 1.45, 16, 1178,'Caucasian','Female','Middle Income',14,13, 'N', 'N', 'N', 'img/student.jpg', 15);
insert into StudentInterestGroups (InterestGroupID, StudentEntityID)
values (5,719);
insert into StudentInterestGroups (InterestGroupID, StudentEntityID)
values (9,719);
insert into StudentInterestGroups (InterestGroupID, StudentEntityID)
values (7,719);
insert into StudentInterestGroups (InterestGroupID, StudentEntityID)
values (12,719);
insert into StudentInterestGroups (InterestGroupID, StudentEntityID)
values (11,719);
insert into userEntity (UserName, EmailAddress, EntityType)
values ('JohnnyDruryE440', 'JohnnyDruryE440@spotswood.edu', 'STUD');
insert into student (StudentEntityID, FirstName, LastName, MiddleInitial, StreetAddress, Country,City, State,ZipCode, StudentGradeLevel, StudentGPA, StudentACTScore, StudentSATScore, StudentEthnicity, StudentGender, IncomeLevel, DaysAbsent, HoursOfWorkPlaceExp, StudentAthleteFlag, StudentGraduationTrack, StudentEmploymentFlag, StudentImage,SchoolEntityID)
values (720, 'Johnny', 'Drury', 'E', '939 Kari Extension Apt. 292', 'USA','Hicksland','VA','20040','Junior', 1.07, 12, 880,'Caucasian','Male','Lower Income',13,14, 'Y', 'N', 'N', 'img/student.jpg', 14);
insert into StudentInterestGroups (InterestGroupID, StudentEntityID)
values (2,720);
insert into StudentInterestGroups (InterestGroupID, StudentEntityID)
values (8,720);
insert into userEntity (UserName, EmailAddress, EntityType)
values ('ConnieHendricksonR908', 'ConnieHendricksonR908@broadway.edu', 'STUD');
insert into student (StudentEntityID, FirstName, LastName, MiddleInitial, StreetAddress, Country,City, State,ZipCode, StudentGradeLevel, StudentGPA, StudentACTScore, StudentSATScore, StudentEthnicity, StudentGender, IncomeLevel, DaysAbsent, HoursOfWorkPlaceExp, StudentAthleteFlag, StudentGraduationTrack, StudentEmploymentFlag, StudentImage,SchoolEntityID)
values (721, 'Connie', 'Hendrickson', 'R', '8990 Gilbert Rapids', 'USA','Andersonfort','VA','20040','Junior', 2.14, 15, 1312,'Caucasian','Female','Lower Income',14,28, 'Y', 'Y', 'Y', 'img/student.jpg', 16);
insert into StudentInterestGroups (InterestGroupID, StudentEntityID)
values (2,721);
insert into StudentInterestGroups (InterestGroupID, StudentEntityID)
values (9,721);
insert into StudentInterestGroups (InterestGroupID, StudentEntityID)
values (4,721);
insert into StudentInterestGroups (InterestGroupID, StudentEntityID)
values (8,721);
insert into StudentInterestGroups (InterestGroupID, StudentEntityID)
values (12,721);
insert into userEntity (UserName, EmailAddress, EntityType)
values ('LisaHarrisonW358', 'LisaHarrisonW358@Louisa.edu', 'STUD');
insert into student (StudentEntityID, FirstName, LastName, MiddleInitial, StreetAddress, Country,City, State,ZipCode, StudentGradeLevel, StudentGPA, StudentACTScore, StudentSATScore, StudentEthnicity, StudentGender, IncomeLevel, DaysAbsent, HoursOfWorkPlaceExp, StudentAthleteFlag, StudentGraduationTrack, StudentEmploymentFlag, StudentImage,SchoolEntityID)
values (722, 'Lisa', 'Harrison', 'W', '03661 Julie Crest Apt. 425', 'USA','East Ronaldview','VA','20041','Freshmen', 3.55, 0, 0,'Hispanic','Female','Higher Income',2,17, 'Y', 'Y', 'Y', 'img/student.jpg', 12);
insert into StudentInterestGroups (InterestGroupID, StudentEntityID)
values (2,722);
insert into StudentInterestGroups (InterestGroupID, StudentEntityID)
values (10,722);
insert into StudentInterestGroups (InterestGroupID, StudentEntityID)
values (7,722);
insert into StudentInterestGroups (InterestGroupID, StudentEntityID)
values (12,722);
insert into userEntity (UserName, EmailAddress, EntityType)
values ('RickGonzalezE348', 'RickGonzalezE348@broadway.edu', 'STUD');
insert into student (StudentEntityID, FirstName, LastName, MiddleInitial, StreetAddress, Country,City, State,ZipCode, StudentGradeLevel, StudentGPA, StudentACTScore, StudentSATScore, StudentEthnicity, StudentGender, IncomeLevel, DaysAbsent, HoursOfWorkPlaceExp, StudentAthleteFlag, StudentGraduationTrack, StudentEmploymentFlag, StudentImage,SchoolEntityID)
values (723, 'Rick', 'Gonzalez', 'E', '673 Walker Spring Suite 459', 'USA','Ritterton','VA','20040','Freshmen', 1.76, 0, 0,'Caucasian','Male','Lower Income',13,3, 'Y', 'N', 'N', 'img/student.jpg', 16);
insert into StudentInterestGroups (InterestGroupID, StudentEntityID)
values (11,723);
insert into StudentInterestGroups (InterestGroupID, StudentEntityID)
values (4,723);
insert into StudentInterestGroups (InterestGroupID, StudentEntityID)
values (9,723);
insert into userEntity (UserName, EmailAddress, EntityType)
values ('ErnestinaTerryX775', 'ErnestinaTerryX775@spotswood.edu', 'STUD');
insert into student (StudentEntityID, FirstName, LastName, MiddleInitial, StreetAddress, Country,City, State,ZipCode, StudentGradeLevel, StudentGPA, StudentACTScore, StudentSATScore, StudentEthnicity, StudentGender, IncomeLevel, DaysAbsent, HoursOfWorkPlaceExp, StudentAthleteFlag, StudentGraduationTrack, StudentEmploymentFlag, StudentImage,SchoolEntityID)
values (724, 'Ernestina', 'Terry', 'X', '4093 Jordan Inlet Apt. 160', 'USA','Phillipland','VA','20040','Junior', 1.37, 14, 956,'African American','Female','Middle Income',14,19, 'N', 'N', 'N', 'img/student.jpg', 14);
insert into StudentInterestGroups (InterestGroupID, StudentEntityID)
values (9,724);
insert into StudentInterestGroups (InterestGroupID, StudentEntityID)
values (6,724);
insert into StudentInterestGroups (InterestGroupID, StudentEntityID)
values (8,724);
insert into StudentInterestGroups (InterestGroupID, StudentEntityID)
values (7,724);
insert into StudentInterestGroups (InterestGroupID, StudentEntityID)
values (1,724);
insert into StudentInterestGroups (InterestGroupID, StudentEntityID)
values (3,724);
insert into StudentInterestGroups (InterestGroupID, StudentEntityID)
values (11,724);
insert into userEntity (UserName, EmailAddress, EntityType)
values ('JoanHardisonO432', 'JoanHardisonO432@spotswood.edu', 'STUD');
insert into student (StudentEntityID, FirstName, LastName, MiddleInitial, StreetAddress, Country,City, State,ZipCode, StudentGradeLevel, StudentGPA, StudentACTScore, StudentSATScore, StudentEthnicity, StudentGender, IncomeLevel, DaysAbsent, HoursOfWorkPlaceExp, StudentAthleteFlag, StudentGraduationTrack, StudentEmploymentFlag, StudentImage,SchoolEntityID)
values (725, 'Joan', 'Hardison', 'O', '82048 Hector Turnpike Apt. 252', 'USA','East Samantha','VA','20040','Sophomore', 3.45, 0, 0,'Caucasian','Female','Middle Income',5,24, 'N', 'Y', 'N', 'img/student.jpg', 14);
insert into StudentInterestGroups (InterestGroupID, StudentEntityID)
values (5,725);
insert into StudentInterestGroups (InterestGroupID, StudentEntityID)
values (1,725);
insert into StudentInterestGroups (InterestGroupID, StudentEntityID)
values (6,725);
insert into userEntity (UserName, EmailAddress, EntityType)
values ('WildaDowningE505', 'WildaDowningE505@turnerAshby.edu', 'STUD');
insert into student (StudentEntityID, FirstName, LastName, MiddleInitial, StreetAddress, Country,City, State,ZipCode, StudentGradeLevel, StudentGPA, StudentACTScore, StudentSATScore, StudentEthnicity, StudentGender, IncomeLevel, DaysAbsent, HoursOfWorkPlaceExp, StudentAthleteFlag, StudentGraduationTrack, StudentEmploymentFlag, StudentImage,SchoolEntityID)
values (726, 'Wilda', 'Downing', 'E', '7988 James Club Suite 122', 'USA','North Brettside','VA','20041','Junior', 2.74, 34, 1503,'Caucasian','Female','Lower Income',0,28, 'N', 'Y', 'N', 'img/student.jpg', 15);
insert into StudentInterestGroups (InterestGroupID, StudentEntityID)
values (2,726);
insert into StudentInterestGroups (InterestGroupID, StudentEntityID)
values (8,726);
insert into StudentInterestGroups (InterestGroupID, StudentEntityID)
values (4,726);
insert into StudentInterestGroups (InterestGroupID, StudentEntityID)
values (12,726);
insert into StudentInterestGroups (InterestGroupID, StudentEntityID)
values (10,726);
insert into StudentInterestGroups (InterestGroupID, StudentEntityID)
values (11,726);
insert into userEntity (UserName, EmailAddress, EntityType)
values ('HeatherWellsQ529', 'HeatherWellsQ529@broadway.edu', 'STUD');
insert into student (StudentEntityID, FirstName, LastName, MiddleInitial, StreetAddress, Country,City, State,ZipCode, StudentGradeLevel, StudentGPA, StudentACTScore, StudentSATScore, StudentEthnicity, StudentGender, IncomeLevel, DaysAbsent, HoursOfWorkPlaceExp, StudentAthleteFlag, StudentGraduationTrack, StudentEmploymentFlag, StudentImage,SchoolEntityID)
values (727, 'Heather', 'Wells', 'Q', '4024 Traci Wall Suite 758', 'USA','West Williammouth','VA','20040','Junior', 1.75, 25, 1152,'Caucasian','Female','Middle Income',8,17, 'N', 'N', 'N', 'img/student.jpg', 16);
insert into StudentInterestGroups (InterestGroupID, StudentEntityID)
values (11,727);
insert into StudentInterestGroups (InterestGroupID, StudentEntityID)
values (8,727);
insert into StudentInterestGroups (InterestGroupID, StudentEntityID)
values (1,727);
insert into StudentInterestGroups (InterestGroupID, StudentEntityID)
values (2,727);
insert into userEntity (UserName, EmailAddress, EntityType)
values ('DavidScalesV137', 'DavidScalesV137@broadway.edu', 'STUD');
insert into student (StudentEntityID, FirstName, LastName, MiddleInitial, StreetAddress, Country,City, State,ZipCode, StudentGradeLevel, StudentGPA, StudentACTScore, StudentSATScore, StudentEthnicity, StudentGender, IncomeLevel, DaysAbsent, HoursOfWorkPlaceExp, StudentAthleteFlag, StudentGraduationTrack, StudentEmploymentFlag, StudentImage,SchoolEntityID)
values (728, 'David', 'Scales', 'V', '578 Schwartz Squares', 'USA','Taraborough','VA','20040','Senior', 2.96, 33, 1032,'Caucasian','Male','Middle Income',5,35, 'Y', 'Y', 'N', 'img/student.jpg', 16);
insert into StudentInterestGroups (InterestGroupID, StudentEntityID)
values (10,728);
insert into StudentInterestGroups (InterestGroupID, StudentEntityID)
values (3,728);
insert into userEntity (UserName, EmailAddress, EntityType)
values ('MorrisCliftonM515', 'MorrisCliftonM515@rockingham.k12.va.us', 'STUD');
insert into student (StudentEntityID, FirstName, LastName, MiddleInitial, StreetAddress, Country,City, State,ZipCode, StudentGradeLevel, StudentGPA, StudentACTScore, StudentSATScore, StudentEthnicity, StudentGender, IncomeLevel, DaysAbsent, HoursOfWorkPlaceExp, StudentAthleteFlag, StudentGraduationTrack, StudentEmploymentFlag, StudentImage,SchoolEntityID)
values (729, 'Morris', 'Clifton', 'M', '4665 Sanchez Heights', 'USA','Port Patricia','VA','20040','Senior', 1.74, 20, 1159,'Caucasian','Male','Middle Income',12,27, 'Y', 'N', 'Y', 'img/student.jpg', 13);
insert into StudentInterestGroups (InterestGroupID, StudentEntityID)
values (5,729);
insert into StudentInterestGroups (InterestGroupID, StudentEntityID)
values (4,729);
insert into StudentInterestGroups (InterestGroupID, StudentEntityID)
values (8,729);
insert into StudentInterestGroups (InterestGroupID, StudentEntityID)
values (1,729);
insert into StudentInterestGroups (InterestGroupID, StudentEntityID)
values (12,729);
insert into StudentInterestGroups (InterestGroupID, StudentEntityID)
values (7,729);
insert into StudentInterestGroups (InterestGroupID, StudentEntityID)
values (9,729);
insert into userEntity (UserName, EmailAddress, EntityType)
values ('JaimeMullinsR948', 'JaimeMullinsR948@harrisonburg.edu', 'STUD');
insert into student (StudentEntityID, FirstName, LastName, MiddleInitial, StreetAddress, Country,City, State,ZipCode, StudentGradeLevel, StudentGPA, StudentACTScore, StudentSATScore, StudentEthnicity, StudentGender, IncomeLevel, DaysAbsent, HoursOfWorkPlaceExp, StudentAthleteFlag, StudentGraduationTrack, StudentEmploymentFlag, StudentImage,SchoolEntityID)
values (730, 'Jaime', 'Mullins', 'R', '39854 Taylor Meadows Suite 730', 'USA','Harmonshire','VA','20041','Sophomore', 3.35, 0, 0,'Caucasian','Male','Middle Income',1,21, 'N', 'Y', 'Y', 'img/student.jpg', 17);
insert into StudentInterestGroups (InterestGroupID, StudentEntityID)
values (8,730);
insert into StudentInterestGroups (InterestGroupID, StudentEntityID)
values (4,730);
insert into StudentInterestGroups (InterestGroupID, StudentEntityID)
values (10,730);
insert into userEntity (UserName, EmailAddress, EntityType)
values ('JessicaJacksonT473', 'JessicaJacksonT473@broadway.edu', 'STUD');
insert into student (StudentEntityID, FirstName, LastName, MiddleInitial, StreetAddress, Country,City, State,ZipCode, StudentGradeLevel, StudentGPA, StudentACTScore, StudentSATScore, StudentEthnicity, StudentGender, IncomeLevel, DaysAbsent, HoursOfWorkPlaceExp, StudentAthleteFlag, StudentGraduationTrack, StudentEmploymentFlag, StudentImage,SchoolEntityID)
values (731, 'Jessica', 'Jackson', 'T', '246 Fowler Creek', 'USA','South Justin','VA','20040','Freshmen', 1.9, 0, 0,'Asian','Female','Lower Income',12,9, 'N', 'N', 'N', 'img/student.jpg', 16);
insert into StudentInterestGroups (InterestGroupID, StudentEntityID)
values (11,731);
insert into StudentInterestGroups (InterestGroupID, StudentEntityID)
values (9,731);
insert into StudentInterestGroups (InterestGroupID, StudentEntityID)
values (12,731);
insert into StudentInterestGroups (InterestGroupID, StudentEntityID)
values (1,731);
insert into StudentInterestGroups (InterestGroupID, StudentEntityID)
values (5,731);
insert into StudentInterestGroups (InterestGroupID, StudentEntityID)
values (10,731);
insert into StudentInterestGroups (InterestGroupID, StudentEntityID)
values (2,731);
insert into StudentInterestGroups (InterestGroupID, StudentEntityID)
values (4,731);
insert into userEntity (UserName, EmailAddress, EntityType)
values ('WilsonBaderN27', 'WilsonBaderN27@Louisa.edu', 'STUD');
insert into student (StudentEntityID, FirstName, LastName, MiddleInitial, StreetAddress, Country,City, State,ZipCode, StudentGradeLevel, StudentGPA, StudentACTScore, StudentSATScore, StudentEthnicity, StudentGender, IncomeLevel, DaysAbsent, HoursOfWorkPlaceExp, StudentAthleteFlag, StudentGraduationTrack, StudentEmploymentFlag, StudentImage,SchoolEntityID)
values (732, 'Wilson', 'Bader', 'N', '4184 Dickson Station Apt. 108', 'USA','Donaldshire','VA','20040','Senior', 1.64, 24, 803,'Caucasian','Male','Lower Income',15,26, 'N', 'N', 'Y', 'img/student.jpg', 12);
insert into StudentInterestGroups (InterestGroupID, StudentEntityID)
values (1,732);
insert into StudentInterestGroups (InterestGroupID, StudentEntityID)
values (4,732);
insert into StudentInterestGroups (InterestGroupID, StudentEntityID)
values (11,732);
insert into StudentInterestGroups (InterestGroupID, StudentEntityID)
values (2,732);
insert into StudentInterestGroups (InterestGroupID, StudentEntityID)
values (8,732);
insert into userEntity (UserName, EmailAddress, EntityType)
values ('BettyRogersL723', 'BettyRogersL723@turnerAshby.edu', 'STUD');
insert into student (StudentEntityID, FirstName, LastName, MiddleInitial, StreetAddress, Country,City, State,ZipCode, StudentGradeLevel, StudentGPA, StudentACTScore, StudentSATScore, StudentEthnicity, StudentGender, IncomeLevel, DaysAbsent, HoursOfWorkPlaceExp, StudentAthleteFlag, StudentGraduationTrack, StudentEmploymentFlag, StudentImage,SchoolEntityID)
values (733, 'Betty', 'Rogers', 'L', '55238 Flynn Drive', 'USA','Jennifertown','VA','20040','Junior', 1.02, 10, 1205,'Asian','Female','Lower Income',13,14, 'N', 'N', 'N', 'img/student.jpg', 15);
insert into StudentInterestGroups (InterestGroupID, StudentEntityID)
values (1,733);
insert into userEntity (UserName, EmailAddress, EntityType)
values ('RavenLeeW478', 'RavenLeeW478@harrisonburg.edu', 'STUD');
insert into student (StudentEntityID, FirstName, LastName, MiddleInitial, StreetAddress, Country,City, State,ZipCode, StudentGradeLevel, StudentGPA, StudentACTScore, StudentSATScore, StudentEthnicity, StudentGender, IncomeLevel, DaysAbsent, HoursOfWorkPlaceExp, StudentAthleteFlag, StudentGraduationTrack, StudentEmploymentFlag, StudentImage,SchoolEntityID)
values (734, 'Raven', 'Lee', 'W', '03957 Amy Mill Suite 733', 'USA','East Misty','VA','20040','Junior', 3.49, 32, 1422,'Caucasian','Female','Middle Income',3,28, 'Y', 'Y', 'N', 'img/student.jpg', 17);
insert into StudentInterestGroups (InterestGroupID, StudentEntityID)
values (9,734);
insert into userEntity (UserName, EmailAddress, EntityType)
values ('KevinTaylorC130', 'KevinTaylorC130@turnerAshby.edu', 'STUD');
insert into student (StudentEntityID, FirstName, LastName, MiddleInitial, StreetAddress, Country,City, State,ZipCode, StudentGradeLevel, StudentGPA, StudentACTScore, StudentSATScore, StudentEthnicity, StudentGender, IncomeLevel, DaysAbsent, HoursOfWorkPlaceExp, StudentAthleteFlag, StudentGraduationTrack, StudentEmploymentFlag, StudentImage,SchoolEntityID)
values (735, 'Kevin', 'Taylor', 'C', '3871 Jennifer Forges Apt. 212', 'USA','Rachelberg','VA','20040','Freshmen', 1.5, 0, 0,'Asian','Male','Lower Income',8,9, 'Y', 'N', 'N', 'img/student.jpg', 15);
insert into StudentInterestGroups (InterestGroupID, StudentEntityID)
values (4,735);
insert into StudentInterestGroups (InterestGroupID, StudentEntityID)
values (2,735);
insert into StudentInterestGroups (InterestGroupID, StudentEntityID)
values (6,735);
insert into userEntity (UserName, EmailAddress, EntityType)
values ('ChadGrahamE894', 'ChadGrahamE894@rockingham.k12.va.us', 'STUD');
insert into student (StudentEntityID, FirstName, LastName, MiddleInitial, StreetAddress, Country,City, State,ZipCode, StudentGradeLevel, StudentGPA, StudentACTScore, StudentSATScore, StudentEthnicity, StudentGender, IncomeLevel, DaysAbsent, HoursOfWorkPlaceExp, StudentAthleteFlag, StudentGraduationTrack, StudentEmploymentFlag, StudentImage,SchoolEntityID)
values (736, 'Chad', 'Graham', 'E', '565 Mahoney Circle', 'USA','Martinezfurt','VA','20040','Freshmen', 2.82, 0, 0,'Caucasian','Other','Middle Income',5,10, 'Y', 'Y', 'Y', 'img/student.jpg', 13);
insert into StudentInterestGroups (InterestGroupID, StudentEntityID)
values (8,736);
insert into StudentInterestGroups (InterestGroupID, StudentEntityID)
values (10,736);
insert into StudentInterestGroups (InterestGroupID, StudentEntityID)
values (7,736);
insert into StudentInterestGroups (InterestGroupID, StudentEntityID)
values (4,736);
insert into StudentInterestGroups (InterestGroupID, StudentEntityID)
values (6,736);
insert into StudentInterestGroups (InterestGroupID, StudentEntityID)
values (9,736);
insert into StudentInterestGroups (InterestGroupID, StudentEntityID)
values (5,736);
insert into StudentInterestGroups (InterestGroupID, StudentEntityID)
values (3,736);
insert into userEntity (UserName, EmailAddress, EntityType)
values ('JamesCochranH319', 'JamesCochranH319@spotswood.edu', 'STUD');
insert into student (StudentEntityID, FirstName, LastName, MiddleInitial, StreetAddress, Country,City, State,ZipCode, StudentGradeLevel, StudentGPA, StudentACTScore, StudentSATScore, StudentEthnicity, StudentGender, IncomeLevel, DaysAbsent, HoursOfWorkPlaceExp, StudentAthleteFlag, StudentGraduationTrack, StudentEmploymentFlag, StudentImage,SchoolEntityID)
values (737, 'James', 'Cochran', 'H', '399 Travis Vista Apt. 498', 'USA','Lake Jeffrey','VA','20040','Sophomore', 1.01, 0, 0,'Caucasian','Male','Lower Income',13,7, 'Y', 'N', 'N', 'img/student.jpg', 14);
insert into StudentInterestGroups (InterestGroupID, StudentEntityID)
values (2,737);
insert into StudentInterestGroups (InterestGroupID, StudentEntityID)
values (7,737);
insert into StudentInterestGroups (InterestGroupID, StudentEntityID)
values (3,737);
insert into StudentInterestGroups (InterestGroupID, StudentEntityID)
values (1,737);
insert into StudentInterestGroups (InterestGroupID, StudentEntityID)
values (6,737);
insert into StudentInterestGroups (InterestGroupID, StudentEntityID)
values (11,737);
insert into userEntity (UserName, EmailAddress, EntityType)
values ('JamesWatsonL752', 'JamesWatsonL752@Louisa.edu', 'STUD');
insert into student (StudentEntityID, FirstName, LastName, MiddleInitial, StreetAddress, Country,City, State,ZipCode, StudentGradeLevel, StudentGPA, StudentACTScore, StudentSATScore, StudentEthnicity, StudentGender, IncomeLevel, DaysAbsent, HoursOfWorkPlaceExp, StudentAthleteFlag, StudentGraduationTrack, StudentEmploymentFlag, StudentImage,SchoolEntityID)
values (738, 'James', 'Watson', 'L', '91626 Victoria Corner Apt. 891', 'USA','South David','VA','20040','Sophomore', 2.12, 0, 0,'Caucasian','Male','Lower Income',8,20, 'Y', 'Y', 'Y', 'img/student.jpg', 12);
insert into StudentInterestGroups (InterestGroupID, StudentEntityID)
values (1,738);
insert into StudentInterestGroups (InterestGroupID, StudentEntityID)
values (4,738);
insert into StudentInterestGroups (InterestGroupID, StudentEntityID)
values (5,738);
insert into StudentInterestGroups (InterestGroupID, StudentEntityID)
values (9,738);
insert into StudentInterestGroups (InterestGroupID, StudentEntityID)
values (2,738);
insert into StudentInterestGroups (InterestGroupID, StudentEntityID)
values (8,738);
insert into StudentInterestGroups (InterestGroupID, StudentEntityID)
values (11,738);
insert into userEntity (UserName, EmailAddress, EntityType)
values ('AlbertoDominickW95', 'AlbertoDominickW95@spotswood.edu', 'STUD');
insert into student (StudentEntityID, FirstName, LastName, MiddleInitial, StreetAddress, Country,City, State,ZipCode, StudentGradeLevel, StudentGPA, StudentACTScore, StudentSATScore, StudentEthnicity, StudentGender, IncomeLevel, DaysAbsent, HoursOfWorkPlaceExp, StudentAthleteFlag, StudentGraduationTrack, StudentEmploymentFlag, StudentImage,SchoolEntityID)
values (739, 'Alberto', 'Dominick', 'W', '6356 Emily Knoll', 'USA','South Edwardton','VA','20040','Senior', 1.08, 17, 602,'Caucasian','Male','Middle Income',13,30, 'Y', 'N', 'Y', 'img/student.jpg', 14);
insert into StudentInterestGroups (InterestGroupID, StudentEntityID)
values (5,739);
insert into StudentInterestGroups (InterestGroupID, StudentEntityID)
values (11,739);
insert into StudentInterestGroups (InterestGroupID, StudentEntityID)
values (1,739);
insert into StudentInterestGroups (InterestGroupID, StudentEntityID)
values (12,739);
insert into StudentInterestGroups (InterestGroupID, StudentEntityID)
values (8,739);
insert into StudentInterestGroups (InterestGroupID, StudentEntityID)
values (4,739);
insert into StudentInterestGroups (InterestGroupID, StudentEntityID)
values (3,739);
insert into StudentInterestGroups (InterestGroupID, StudentEntityID)
values (6,739);
insert into userEntity (UserName, EmailAddress, EntityType)
values ('CecilKentR694', 'CecilKentR694@rockingham.k12.va.us', 'STUD');
insert into student (StudentEntityID, FirstName, LastName, MiddleInitial, StreetAddress, Country,City, State,ZipCode, StudentGradeLevel, StudentGPA, StudentACTScore, StudentSATScore, StudentEthnicity, StudentGender, IncomeLevel, DaysAbsent, HoursOfWorkPlaceExp, StudentAthleteFlag, StudentGraduationTrack, StudentEmploymentFlag, StudentImage,SchoolEntityID)
values (740, 'Cecil', 'Kent', 'R', '80675 Rebecca Divide', 'USA','Petersonport','VA','20041','Senior', 3.56, 31, 1548,'Caucasian','Male','Lower Income',0,35, 'N', 'Y', 'Y', 'img/student.jpg', 13);
insert into StudentInterestGroups (InterestGroupID, StudentEntityID)
values (6,740);
insert into StudentInterestGroups (InterestGroupID, StudentEntityID)
values (12,740);
insert into StudentInterestGroups (InterestGroupID, StudentEntityID)
values (7,740);
insert into userEntity (UserName, EmailAddress, EntityType)
values ('GeorgeOharaZ853', 'GeorgeOharaZ853@Louisa.edu', 'STUD');
insert into student (StudentEntityID, FirstName, LastName, MiddleInitial, StreetAddress, Country,City, State,ZipCode, StudentGradeLevel, StudentGPA, StudentACTScore, StudentSATScore, StudentEthnicity, StudentGender, IncomeLevel, DaysAbsent, HoursOfWorkPlaceExp, StudentAthleteFlag, StudentGraduationTrack, StudentEmploymentFlag, StudentImage,SchoolEntityID)
values (741, 'George', 'Ohara', 'Z', '0088 Morgan Summit', 'USA','Louisshire','VA','20041','Freshmen', 2.46, 0, 0,'Hispanic','Male','Middle Income',3,11, 'Y', 'Y', 'N', 'img/student.jpg', 12);
insert into StudentInterestGroups (InterestGroupID, StudentEntityID)
values (6,741);
insert into StudentInterestGroups (InterestGroupID, StudentEntityID)
values (12,741);
insert into StudentInterestGroups (InterestGroupID, StudentEntityID)
values (3,741);
insert into StudentInterestGroups (InterestGroupID, StudentEntityID)
values (9,741);
insert into userEntity (UserName, EmailAddress, EntityType)
values ('StevenLeeO427', 'StevenLeeO427@broadway.edu', 'STUD');
insert into student (StudentEntityID, FirstName, LastName, MiddleInitial, StreetAddress, Country,City, State,ZipCode, StudentGradeLevel, StudentGPA, StudentACTScore, StudentSATScore, StudentEthnicity, StudentGender, IncomeLevel, DaysAbsent, HoursOfWorkPlaceExp, StudentAthleteFlag, StudentGraduationTrack, StudentEmploymentFlag, StudentImage,SchoolEntityID)
values (742, 'Steven', 'Lee', 'O', '5307 Wright Stream Suite 848', 'USA','Webbstad','VA','20041','Freshmen', 2.92, 0, 0,'Caucasian','Male','Lower Income',6,11, 'N', 'Y', 'Y', 'img/student.jpg', 16);
insert into StudentInterestGroups (InterestGroupID, StudentEntityID)
values (2,742);
insert into userEntity (UserName, EmailAddress, EntityType)
values ('VivianBakerX157', 'VivianBakerX157@harrisonburg.edu', 'STUD');
insert into student (StudentEntityID, FirstName, LastName, MiddleInitial, StreetAddress, Country,City, State,ZipCode, StudentGradeLevel, StudentGPA, StudentACTScore, StudentSATScore, StudentEthnicity, StudentGender, IncomeLevel, DaysAbsent, HoursOfWorkPlaceExp, StudentAthleteFlag, StudentGraduationTrack, StudentEmploymentFlag, StudentImage,SchoolEntityID)
values (743, 'Vivian', 'Baker', 'X', '2571 Patricia Manors Suite 434', 'USA','Romerochester','VA','20040','Freshmen', 2.83, 0, 0,'Caucasian','Other','Lower Income',2,11, 'Y', 'Y', 'Y', 'img/student.jpg', 17);
insert into StudentInterestGroups (InterestGroupID, StudentEntityID)
values (4,743);
insert into StudentInterestGroups (InterestGroupID, StudentEntityID)
values (7,743);
insert into StudentInterestGroups (InterestGroupID, StudentEntityID)
values (10,743);
insert into userEntity (UserName, EmailAddress, EntityType)
values ('SusanMalloryM277', 'SusanMalloryM277@rockingham.k12.va.us', 'STUD');
insert into student (StudentEntityID, FirstName, LastName, MiddleInitial, StreetAddress, Country,City, State,ZipCode, StudentGradeLevel, StudentGPA, StudentACTScore, StudentSATScore, StudentEthnicity, StudentGender, IncomeLevel, DaysAbsent, HoursOfWorkPlaceExp, StudentAthleteFlag, StudentGraduationTrack, StudentEmploymentFlag, StudentImage,SchoolEntityID)
values (744, 'Susan', 'Mallory', 'M', '928 Sarah Via Suite 745', 'USA','East Jasontown','VA','20040','Freshmen', 2.98, 0, 0,'African American','Female','Middle Income',2,20, 'N', 'Y', 'Y', 'img/student.jpg', 13);
insert into StudentInterestGroups (InterestGroupID, StudentEntityID)
values (7,744);
insert into StudentInterestGroups (InterestGroupID, StudentEntityID)
values (4,744);
insert into userEntity (UserName, EmailAddress, EntityType)
values ('LilaGallowayO378', 'LilaGallowayO378@Louisa.edu', 'STUD');
insert into student (StudentEntityID, FirstName, LastName, MiddleInitial, StreetAddress, Country,City, State,ZipCode, StudentGradeLevel, StudentGPA, StudentACTScore, StudentSATScore, StudentEthnicity, StudentGender, IncomeLevel, DaysAbsent, HoursOfWorkPlaceExp, StudentAthleteFlag, StudentGraduationTrack, StudentEmploymentFlag, StudentImage,SchoolEntityID)
values (745, 'Lila', 'Galloway', 'O', '26389 Yesenia Gateway', 'USA','North Melissaburgh','VA','20041','Senior', 3.81, 27, 1556,'Hispanic','Female','Middle Income',3,36, 'Y', 'Y', 'Y', 'img/student.jpg', 12);
insert into StudentInterestGroups (InterestGroupID, StudentEntityID)
values (1,745);
insert into StudentInterestGroups (InterestGroupID, StudentEntityID)
values (12,745);
insert into StudentInterestGroups (InterestGroupID, StudentEntityID)
values (8,745);
insert into StudentInterestGroups (InterestGroupID, StudentEntityID)
values (10,745);
insert into StudentInterestGroups (InterestGroupID, StudentEntityID)
values (4,745);
insert into StudentInterestGroups (InterestGroupID, StudentEntityID)
values (7,745);
insert into StudentInterestGroups (InterestGroupID, StudentEntityID)
values (5,745);
insert into StudentInterestGroups (InterestGroupID, StudentEntityID)
values (6,745);
insert into userEntity (UserName, EmailAddress, EntityType)
values ('RoderickClevengerZ239', 'RoderickClevengerZ239@broadway.edu', 'STUD');
insert into student (StudentEntityID, FirstName, LastName, MiddleInitial, StreetAddress, Country,City, State,ZipCode, StudentGradeLevel, StudentGPA, StudentACTScore, StudentSATScore, StudentEthnicity, StudentGender, IncomeLevel, DaysAbsent, HoursOfWorkPlaceExp, StudentAthleteFlag, StudentGraduationTrack, StudentEmploymentFlag, StudentImage,SchoolEntityID)
values (746, 'Roderick', 'Clevenger', 'Z', '86877 Velasquez Hills', 'USA','Ellisstad','VA','20040','Senior', 3.43, 29, 1213,'Caucasian','Male','Higher Income',5,34, 'N', 'Y', 'N', 'img/student.jpg', 16);
insert into StudentInterestGroups (InterestGroupID, StudentEntityID)
values (5,746);
insert into StudentInterestGroups (InterestGroupID, StudentEntityID)
values (10,746);
insert into StudentInterestGroups (InterestGroupID, StudentEntityID)
values (11,746);
insert into StudentInterestGroups (InterestGroupID, StudentEntityID)
values (8,746);
insert into StudentInterestGroups (InterestGroupID, StudentEntityID)
values (9,746);
insert into userEntity (UserName, EmailAddress, EntityType)
values ('PhillipLooneyI534', 'PhillipLooneyI534@rockingham.k12.va.us', 'STUD');
insert into student (StudentEntityID, FirstName, LastName, MiddleInitial, StreetAddress, Country,City, State,ZipCode, StudentGradeLevel, StudentGPA, StudentACTScore, StudentSATScore, StudentEthnicity, StudentGender, IncomeLevel, DaysAbsent, HoursOfWorkPlaceExp, StudentAthleteFlag, StudentGraduationTrack, StudentEmploymentFlag, StudentImage,SchoolEntityID)
values (747, 'Phillip', 'Looney', 'I', '138 Bishop Oval', 'USA','North Sabrinaborough','VA','20040','Freshmen', 1.19, 0, 0,'Not selected or Other','Male','Lower Income',15,0, 'Y', 'N', 'N', 'img/student.jpg', 13);
insert into StudentInterestGroups (InterestGroupID, StudentEntityID)
values (10,747);
insert into StudentInterestGroups (InterestGroupID, StudentEntityID)
values (6,747);
insert into StudentInterestGroups (InterestGroupID, StudentEntityID)
values (3,747);
insert into userEntity (UserName, EmailAddress, EntityType)
values ('ChrisRodriguezB864', 'ChrisRodriguezB864@broadway.edu', 'STUD');
insert into student (StudentEntityID, FirstName, LastName, MiddleInitial, StreetAddress, Country,City, State,ZipCode, StudentGradeLevel, StudentGPA, StudentACTScore, StudentSATScore, StudentEthnicity, StudentGender, IncomeLevel, DaysAbsent, HoursOfWorkPlaceExp, StudentAthleteFlag, StudentGraduationTrack, StudentEmploymentFlag, StudentImage,SchoolEntityID)
values (748, 'Chris', 'Rodriguez', 'B', '44152 Christina Path', 'USA','Gonzalezstad','VA','20040','Freshmen', 3.5, 0, 0,'Caucasian','Male','Middle Income',5,20, 'Y', 'Y', 'Y', 'img/student.jpg', 16);
insert into StudentInterestGroups (InterestGroupID, StudentEntityID)
values (11,748);
insert into userEntity (UserName, EmailAddress, EntityType)
values ('DavidBishopI75', 'DavidBishopI75@harrisonburg.edu', 'STUD');
insert into student (StudentEntityID, FirstName, LastName, MiddleInitial, StreetAddress, Country,City, State,ZipCode, StudentGradeLevel, StudentGPA, StudentACTScore, StudentSATScore, StudentEthnicity, StudentGender, IncomeLevel, DaysAbsent, HoursOfWorkPlaceExp, StudentAthleteFlag, StudentGraduationTrack, StudentEmploymentFlag, StudentImage,SchoolEntityID)
values (749, 'David', 'Bishop', 'I', '2228 Li Falls', 'USA','East Amandaberg','VA','20041','Freshmen', 2.8, 0, 0,'Caucasian','Male','Middle Income',5,15, 'Y', 'Y', 'Y', 'img/student.jpg', 17);
insert into StudentInterestGroups (InterestGroupID, StudentEntityID)
values (10,749);
insert into StudentInterestGroups (InterestGroupID, StudentEntityID)
values (9,749);
insert into StudentInterestGroups (InterestGroupID, StudentEntityID)
values (4,749);
insert into StudentInterestGroups (InterestGroupID, StudentEntityID)
values (5,749);
insert into userEntity (UserName, EmailAddress, EntityType)
values ('NancyMartinezJ818', 'NancyMartinezJ818@Louisa.edu', 'STUD');
insert into student (StudentEntityID, FirstName, LastName, MiddleInitial, StreetAddress, Country,City, State,ZipCode, StudentGradeLevel, StudentGPA, StudentACTScore, StudentSATScore, StudentEthnicity, StudentGender, IncomeLevel, DaysAbsent, HoursOfWorkPlaceExp, StudentAthleteFlag, StudentGraduationTrack, StudentEmploymentFlag, StudentImage,SchoolEntityID)
values (750, 'Nancy', 'Martinez', 'J', '54107 Whitney Forks Apt. 208', 'USA','Fernandezville','VA','20041','Senior', 1.04, 12, 629,'Caucasian','Female','Higher Income',14,15, 'Y', 'N', 'N', 'img/student.jpg', 12);
insert into StudentInterestGroups (InterestGroupID, StudentEntityID)
values (5,750);
insert into StudentInterestGroups (InterestGroupID, StudentEntityID)
values (11,750);
insert into userEntity (UserName, EmailAddress, EntityType)
values ('DavidBrevardF804', 'DavidBrevardF804@spotswood.edu', 'STUD');
insert into student (StudentEntityID, FirstName, LastName, MiddleInitial, StreetAddress, Country,City, State,ZipCode, StudentGradeLevel, StudentGPA, StudentACTScore, StudentSATScore, StudentEthnicity, StudentGender, IncomeLevel, DaysAbsent, HoursOfWorkPlaceExp, StudentAthleteFlag, StudentGraduationTrack, StudentEmploymentFlag, StudentImage,SchoolEntityID)
values (751, 'David', 'Brevard', 'F', '518 Jasmine Square Suite 606', 'USA','South Brittanyburgh','VA','20041','Senior', 1.09, 20, 744,'Caucasian','Male','Higher Income',15,21, 'Y', 'N', 'Y', 'img/student.jpg', 14);
insert into StudentInterestGroups (InterestGroupID, StudentEntityID)
values (9,751);
insert into StudentInterestGroups (InterestGroupID, StudentEntityID)
values (4,751);
insert into StudentInterestGroups (InterestGroupID, StudentEntityID)
values (3,751);
insert into StudentInterestGroups (InterestGroupID, StudentEntityID)
values (7,751);
insert into StudentInterestGroups (InterestGroupID, StudentEntityID)
values (2,751);
insert into StudentInterestGroups (InterestGroupID, StudentEntityID)
values (8,751);
insert into userEntity (UserName, EmailAddress, EntityType)
values ('EdwardNickleR506', 'EdwardNickleR506@turnerAshby.edu', 'STUD');
insert into student (StudentEntityID, FirstName, LastName, MiddleInitial, StreetAddress, Country,City, State,ZipCode, StudentGradeLevel, StudentGPA, StudentACTScore, StudentSATScore, StudentEthnicity, StudentGender, IncomeLevel, DaysAbsent, HoursOfWorkPlaceExp, StudentAthleteFlag, StudentGraduationTrack, StudentEmploymentFlag, StudentImage,SchoolEntityID)
values (752, 'Edward', 'Nickle', 'R', '084 Scott Lake', 'USA','Zacharymouth','VA','20040','Freshmen', 3.01, 0, 0,'Caucasian','Male','Lower Income',0,19, 'N', 'Y', 'Y', 'img/student.jpg', 15);
insert into StudentInterestGroups (InterestGroupID, StudentEntityID)
values (4,752);
insert into StudentInterestGroups (InterestGroupID, StudentEntityID)
values (9,752);
insert into StudentInterestGroups (InterestGroupID, StudentEntityID)
values (2,752);
insert into StudentInterestGroups (InterestGroupID, StudentEntityID)
values (12,752);
insert into StudentInterestGroups (InterestGroupID, StudentEntityID)
values (1,752);
insert into StudentInterestGroups (InterestGroupID, StudentEntityID)
values (7,752);
insert into userEntity (UserName, EmailAddress, EntityType)
values ('LisaPowellU211', 'LisaPowellU211@harrisonburg.edu', 'STUD');
insert into student (StudentEntityID, FirstName, LastName, MiddleInitial, StreetAddress, Country,City, State,ZipCode, StudentGradeLevel, StudentGPA, StudentACTScore, StudentSATScore, StudentEthnicity, StudentGender, IncomeLevel, DaysAbsent, HoursOfWorkPlaceExp, StudentAthleteFlag, StudentGraduationTrack, StudentEmploymentFlag, StudentImage,SchoolEntityID)
values (753, 'Lisa', 'Powell', 'U', '4201 John Valley Suite 919', 'USA','Kristinfort','VA','20041','Junior', 2.83, 25, 1391,'Caucasian','Other','Middle Income',0,30, 'Y', 'Y', 'N', 'img/student.jpg', 17);
insert into StudentInterestGroups (InterestGroupID, StudentEntityID)
values (12,753);
insert into StudentInterestGroups (InterestGroupID, StudentEntityID)
values (10,753);
insert into StudentInterestGroups (InterestGroupID, StudentEntityID)
values (8,753);
insert into StudentInterestGroups (InterestGroupID, StudentEntityID)
values (2,753);
insert into userEntity (UserName, EmailAddress, EntityType)
values ('JamesStaelensV490', 'JamesStaelensV490@broadway.edu', 'STUD');
insert into student (StudentEntityID, FirstName, LastName, MiddleInitial, StreetAddress, Country,City, State,ZipCode, StudentGradeLevel, StudentGPA, StudentACTScore, StudentSATScore, StudentEthnicity, StudentGender, IncomeLevel, DaysAbsent, HoursOfWorkPlaceExp, StudentAthleteFlag, StudentGraduationTrack, StudentEmploymentFlag, StudentImage,SchoolEntityID)
values (754, 'James', 'Staelens', 'V', '8921 Kirby Junction Suite 477', 'USA','West Jefferyfort','VA','20040','Freshmen', 3.38, 0, 0,'Not selected or Other','Male','Lower Income',0,20, 'N', 'Y', 'Y', 'img/student.jpg', 16);
insert into StudentInterestGroups (InterestGroupID, StudentEntityID)
values (4,754);
insert into StudentInterestGroups (InterestGroupID, StudentEntityID)
values (5,754);
insert into StudentInterestGroups (InterestGroupID, StudentEntityID)
values (6,754);
insert into StudentInterestGroups (InterestGroupID, StudentEntityID)
values (7,754);
insert into StudentInterestGroups (InterestGroupID, StudentEntityID)
values (3,754);
insert into userEntity (UserName, EmailAddress, EntityType)
values ('RolandoAyersQ794', 'RolandoAyersQ794@spotswood.edu', 'STUD');
insert into student (StudentEntityID, FirstName, LastName, MiddleInitial, StreetAddress, Country,City, State,ZipCode, StudentGradeLevel, StudentGPA, StudentACTScore, StudentSATScore, StudentEthnicity, StudentGender, IncomeLevel, DaysAbsent, HoursOfWorkPlaceExp, StudentAthleteFlag, StudentGraduationTrack, StudentEmploymentFlag, StudentImage,SchoolEntityID)
values (755, 'Rolando', 'Ayers', 'Q', '78560 Douglas Ford', 'USA','East Samanthaville','VA','20041','Junior', 1.65, 22, 824,'Caucasian','Male','Lower Income',9,20, 'Y', 'N', 'N', 'img/student.jpg', 14);
insert into StudentInterestGroups (InterestGroupID, StudentEntityID)
values (6,755);
insert into StudentInterestGroups (InterestGroupID, StudentEntityID)
values (11,755);
insert into StudentInterestGroups (InterestGroupID, StudentEntityID)
values (9,755);
insert into StudentInterestGroups (InterestGroupID, StudentEntityID)
values (7,755);
insert into StudentInterestGroups (InterestGroupID, StudentEntityID)
values (4,755);
insert into StudentInterestGroups (InterestGroupID, StudentEntityID)
values (10,755);
insert into StudentInterestGroups (InterestGroupID, StudentEntityID)
values (3,755);
insert into userEntity (UserName, EmailAddress, EntityType)
values ('GarySimmonsK598', 'GarySimmonsK598@harrisonburg.edu', 'STUD');
insert into student (StudentEntityID, FirstName, LastName, MiddleInitial, StreetAddress, Country,City, State,ZipCode, StudentGradeLevel, StudentGPA, StudentACTScore, StudentSATScore, StudentEthnicity, StudentGender, IncomeLevel, DaysAbsent, HoursOfWorkPlaceExp, StudentAthleteFlag, StudentGraduationTrack, StudentEmploymentFlag, StudentImage,SchoolEntityID)
values (756, 'Gary', 'Simmons', 'K', '142 Haley Valleys Suite 171', 'USA','New Michaelberg','VA','20040','Freshmen', 1.0, 0, 0,'Caucasian','Male','Lower Income',14,5, 'N', 'N', 'Y', 'img/student.jpg', 17);
insert into StudentInterestGroups (InterestGroupID, StudentEntityID)
values (6,756);
insert into StudentInterestGroups (InterestGroupID, StudentEntityID)
values (3,756);
insert into StudentInterestGroups (InterestGroupID, StudentEntityID)
values (12,756);
insert into StudentInterestGroups (InterestGroupID, StudentEntityID)
values (2,756);
insert into StudentInterestGroups (InterestGroupID, StudentEntityID)
values (10,756);
insert into StudentInterestGroups (InterestGroupID, StudentEntityID)
values (7,756);
insert into StudentInterestGroups (InterestGroupID, StudentEntityID)
values (1,756);
insert into userEntity (UserName, EmailAddress, EntityType)
values ('JakeGomezK288', 'JakeGomezK288@rockingham.k12.va.us', 'STUD');
insert into student (StudentEntityID, FirstName, LastName, MiddleInitial, StreetAddress, Country,City, State,ZipCode, StudentGradeLevel, StudentGPA, StudentACTScore, StudentSATScore, StudentEthnicity, StudentGender, IncomeLevel, DaysAbsent, HoursOfWorkPlaceExp, StudentAthleteFlag, StudentGraduationTrack, StudentEmploymentFlag, StudentImage,SchoolEntityID)
values (757, 'Jake', 'Gomez', 'K', '862 Miller Garden', 'USA','Michaelchester','VA','20041','Senior', 1.38, 11, 1158,'Caucasian','Male','Lower Income',15,19, 'N', 'N', 'N', 'img/student.jpg', 13);
insert into StudentInterestGroups (InterestGroupID, StudentEntityID)
values (6,757);
insert into StudentInterestGroups (InterestGroupID, StudentEntityID)
values (3,757);
insert into StudentInterestGroups (InterestGroupID, StudentEntityID)
values (5,757);
insert into StudentInterestGroups (InterestGroupID, StudentEntityID)
values (10,757);
insert into userEntity (UserName, EmailAddress, EntityType)
values ('RossJamesP419', 'RossJamesP419@harrisonburg.edu', 'STUD');
insert into student (StudentEntityID, FirstName, LastName, MiddleInitial, StreetAddress, Country,City, State,ZipCode, StudentGradeLevel, StudentGPA, StudentACTScore, StudentSATScore, StudentEthnicity, StudentGender, IncomeLevel, DaysAbsent, HoursOfWorkPlaceExp, StudentAthleteFlag, StudentGraduationTrack, StudentEmploymentFlag, StudentImage,SchoolEntityID)
values (758, 'Ross', 'James', 'P', '0230 Bowman Key', 'USA','Riosbury','VA','20041','Sophomore', 1.86, 0, 0,'Caucasian','Male','Middle Income',13,10, 'Y', 'N', 'Y', 'img/student.jpg', 17);
insert into StudentInterestGroups (InterestGroupID, StudentEntityID)
values (10,758);
insert into StudentInterestGroups (InterestGroupID, StudentEntityID)
values (11,758);
insert into StudentInterestGroups (InterestGroupID, StudentEntityID)
values (12,758);
insert into StudentInterestGroups (InterestGroupID, StudentEntityID)
values (6,758);
insert into StudentInterestGroups (InterestGroupID, StudentEntityID)
values (9,758);
insert into StudentInterestGroups (InterestGroupID, StudentEntityID)
values (8,758);
insert into StudentInterestGroups (InterestGroupID, StudentEntityID)
values (3,758);
insert into StudentInterestGroups (InterestGroupID, StudentEntityID)
values (2,758);
insert into userEntity (UserName, EmailAddress, EntityType)
values ('EthelHarveyV373', 'EthelHarveyV373@spotswood.edu', 'STUD');
insert into student (StudentEntityID, FirstName, LastName, MiddleInitial, StreetAddress, Country,City, State,ZipCode, StudentGradeLevel, StudentGPA, StudentACTScore, StudentSATScore, StudentEthnicity, StudentGender, IncomeLevel, DaysAbsent, HoursOfWorkPlaceExp, StudentAthleteFlag, StudentGraduationTrack, StudentEmploymentFlag, StudentImage,SchoolEntityID)
values (759, 'Ethel', 'Harvey', 'V', '784 Calderon Knoll Suite 511', 'USA','West Amychester','VA','20041','Sophomore', 1.9, 0, 0,'Caucasian','Female','Middle Income',12,10, 'N', 'N', 'Y', 'img/student.jpg', 14);
insert into StudentInterestGroups (InterestGroupID, StudentEntityID)
values (9,759);
insert into userEntity (UserName, EmailAddress, EntityType)
values ('JonathanRubioC937', 'JonathanRubioC937@rockingham.k12.va.us', 'STUD');
insert into student (StudentEntityID, FirstName, LastName, MiddleInitial, StreetAddress, Country,City, State,ZipCode, StudentGradeLevel, StudentGPA, StudentACTScore, StudentSATScore, StudentEthnicity, StudentGender, IncomeLevel, DaysAbsent, HoursOfWorkPlaceExp, StudentAthleteFlag, StudentGraduationTrack, StudentEmploymentFlag, StudentImage,SchoolEntityID)
values (760, 'Jonathan', 'Rubio', 'C', '829 Laura Crest Apt. 055', 'USA','Stewartbury','VA','20040','Senior', 3.4, 23, 1276,'Caucasian','Male','Middle Income',3,44, 'N', 'Y', 'N', 'img/student.jpg', 13);
insert into StudentInterestGroups (InterestGroupID, StudentEntityID)
values (10,760);
insert into userEntity (UserName, EmailAddress, EntityType)
values ('RobertMacielH414', 'RobertMacielH414@rockingham.k12.va.us', 'STUD');
insert into student (StudentEntityID, FirstName, LastName, MiddleInitial, StreetAddress, Country,City, State,ZipCode, StudentGradeLevel, StudentGPA, StudentACTScore, StudentSATScore, StudentEthnicity, StudentGender, IncomeLevel, DaysAbsent, HoursOfWorkPlaceExp, StudentAthleteFlag, StudentGraduationTrack, StudentEmploymentFlag, StudentImage,SchoolEntityID)
values (761, 'Robert', 'Maciel', 'H', '077 Austin Throughway', 'USA','Lake Rachel','VA','20040','Freshmen', 3.43, 0, 0,'Caucasian','Other','Higher Income',5,18, 'Y', 'Y', 'N', 'img/student.jpg', 13);
insert into StudentInterestGroups (InterestGroupID, StudentEntityID)
values (12,761);
insert into StudentInterestGroups (InterestGroupID, StudentEntityID)
values (1,761);
insert into StudentInterestGroups (InterestGroupID, StudentEntityID)
values (8,761);
insert into StudentInterestGroups (InterestGroupID, StudentEntityID)
values (5,761);
insert into StudentInterestGroups (InterestGroupID, StudentEntityID)
values (7,761);
insert into StudentInterestGroups (InterestGroupID, StudentEntityID)
values (10,761);
insert into userEntity (UserName, EmailAddress, EntityType)
values ('VivianLeslieX370', 'VivianLeslieX370@rockingham.k12.va.us', 'STUD');
insert into student (StudentEntityID, FirstName, LastName, MiddleInitial, StreetAddress, Country,City, State,ZipCode, StudentGradeLevel, StudentGPA, StudentACTScore, StudentSATScore, StudentEthnicity, StudentGender, IncomeLevel, DaysAbsent, HoursOfWorkPlaceExp, StudentAthleteFlag, StudentGraduationTrack, StudentEmploymentFlag, StudentImage,SchoolEntityID)
values (762, 'Vivian', 'Leslie', 'X', '274 Christopher Lane Apt. 388', 'USA','Riceport','VA','20040','Freshmen', 1.23, 0, 0,'Caucasian','Female','Middle Income',13,0, 'Y', 'N', 'Y', 'img/student.jpg', 13);
insert into StudentInterestGroups (InterestGroupID, StudentEntityID)
values (11,762);
insert into StudentInterestGroups (InterestGroupID, StudentEntityID)
values (12,762);
insert into userEntity (UserName, EmailAddress, EntityType)
values ('DeanJohnsonO962', 'DeanJohnsonO962@broadway.edu', 'STUD');
insert into student (StudentEntityID, FirstName, LastName, MiddleInitial, StreetAddress, Country,City, State,ZipCode, StudentGradeLevel, StudentGPA, StudentACTScore, StudentSATScore, StudentEthnicity, StudentGender, IncomeLevel, DaysAbsent, HoursOfWorkPlaceExp, StudentAthleteFlag, StudentGraduationTrack, StudentEmploymentFlag, StudentImage,SchoolEntityID)
values (763, 'Dean', 'Johnson', 'O', '56766 Shane Estate', 'USA','Meganberg','VA','20041','Junior', 2.36, 18, 1169,'Asian','Male','Lower Income',7,29, 'Y', 'Y', 'Y', 'img/student.jpg', 16);
insert into StudentInterestGroups (InterestGroupID, StudentEntityID)
values (5,763);
insert into StudentInterestGroups (InterestGroupID, StudentEntityID)
values (9,763);
insert into userEntity (UserName, EmailAddress, EntityType)
values ('LisaMcgillG167', 'LisaMcgillG167@rockingham.k12.va.us', 'STUD');
insert into student (StudentEntityID, FirstName, LastName, MiddleInitial, StreetAddress, Country,City, State,ZipCode, StudentGradeLevel, StudentGPA, StudentACTScore, StudentSATScore, StudentEthnicity, StudentGender, IncomeLevel, DaysAbsent, HoursOfWorkPlaceExp, StudentAthleteFlag, StudentGraduationTrack, StudentEmploymentFlag, StudentImage,SchoolEntityID)
values (764, 'Lisa', 'Mcgill', 'G', '3306 Christine Prairie Apt. 867', 'USA','Earlmouth','VA','20040','Senior', 1.03, 19, 1099,'Caucasian','Female','Middle Income',15,19, 'N', 'N', 'N', 'img/student.jpg', 13);
insert into StudentInterestGroups (InterestGroupID, StudentEntityID)
values (12,764);
insert into StudentInterestGroups (InterestGroupID, StudentEntityID)
values (9,764);
insert into StudentInterestGroups (InterestGroupID, StudentEntityID)
values (6,764);
insert into StudentInterestGroups (InterestGroupID, StudentEntityID)
values (7,764);
insert into StudentInterestGroups (InterestGroupID, StudentEntityID)
values (3,764);
insert into StudentInterestGroups (InterestGroupID, StudentEntityID)
values (8,764);
insert into userEntity (UserName, EmailAddress, EntityType)
values ('JamesMaskerY118', 'JamesMaskerY118@broadway.edu', 'STUD');
insert into student (StudentEntityID, FirstName, LastName, MiddleInitial, StreetAddress, Country,City, State,ZipCode, StudentGradeLevel, StudentGPA, StudentACTScore, StudentSATScore, StudentEthnicity, StudentGender, IncomeLevel, DaysAbsent, HoursOfWorkPlaceExp, StudentAthleteFlag, StudentGraduationTrack, StudentEmploymentFlag, StudentImage,SchoolEntityID)
values (765, 'James', 'Masker', 'Y', '6148 Chapman Circle Suite 991', 'USA','South Crystalmouth','VA','20040','Junior', 1.86, 23, 980,'Hispanic','Male','Middle Income',13,25, 'N', 'N', 'N', 'img/student.jpg', 16);
insert into StudentInterestGroups (InterestGroupID, StudentEntityID)
values (9,765);
insert into StudentInterestGroups (InterestGroupID, StudentEntityID)
values (2,765);
insert into StudentInterestGroups (InterestGroupID, StudentEntityID)
values (5,765);
insert into StudentInterestGroups (InterestGroupID, StudentEntityID)
values (7,765);
insert into StudentInterestGroups (InterestGroupID, StudentEntityID)
values (4,765);
insert into StudentInterestGroups (InterestGroupID, StudentEntityID)
values (6,765);
insert into StudentInterestGroups (InterestGroupID, StudentEntityID)
values (8,765);
insert into userEntity (UserName, EmailAddress, EntityType)
values ('BillyeDriverY581', 'BillyeDriverY581@rockingham.k12.va.us', 'STUD');
insert into student (StudentEntityID, FirstName, LastName, MiddleInitial, StreetAddress, Country,City, State,ZipCode, StudentGradeLevel, StudentGPA, StudentACTScore, StudentSATScore, StudentEthnicity, StudentGender, IncomeLevel, DaysAbsent, HoursOfWorkPlaceExp, StudentAthleteFlag, StudentGraduationTrack, StudentEmploymentFlag, StudentImage,SchoolEntityID)
values (766, 'Billye', 'Driver', 'Y', '6681 Edwards Stravenue Apt. 327', 'USA','Pettyport','VA','20040','Freshmen', 2.37, 0, 0,'Caucasian','Female','Higher Income',11,7, 'Y', 'Y', 'Y', 'img/student.jpg', 13);
insert into StudentInterestGroups (InterestGroupID, StudentEntityID)
values (10,766);
insert into StudentInterestGroups (InterestGroupID, StudentEntityID)
values (7,766);
insert into StudentInterestGroups (InterestGroupID, StudentEntityID)
values (8,766);
insert into StudentInterestGroups (InterestGroupID, StudentEntityID)
values (4,766);
insert into StudentInterestGroups (InterestGroupID, StudentEntityID)
values (9,766);
insert into StudentInterestGroups (InterestGroupID, StudentEntityID)
values (2,766);
insert into userEntity (UserName, EmailAddress, EntityType)
values ('BrendaRutledgeM698', 'BrendaRutledgeM698@rockingham.k12.va.us', 'STUD');
insert into student (StudentEntityID, FirstName, LastName, MiddleInitial, StreetAddress, Country,City, State,ZipCode, StudentGradeLevel, StudentGPA, StudentACTScore, StudentSATScore, StudentEthnicity, StudentGender, IncomeLevel, DaysAbsent, HoursOfWorkPlaceExp, StudentAthleteFlag, StudentGraduationTrack, StudentEmploymentFlag, StudentImage,SchoolEntityID)
values (767, 'Brenda', 'Rutledge', 'M', '42953 Cabrera Stravenue Suite 631', 'USA','Bennettstad','VA','20040','Senior', 2.14, 30, 846,'Not selected or Other','Female','Middle Income',13,29, 'Y', 'Y', 'N', 'img/student.jpg', 13);
insert into StudentInterestGroups (InterestGroupID, StudentEntityID)
values (6,767);
insert into StudentInterestGroups (InterestGroupID, StudentEntityID)
values (4,767);
insert into StudentInterestGroups (InterestGroupID, StudentEntityID)
values (3,767);
insert into StudentInterestGroups (InterestGroupID, StudentEntityID)
values (9,767);
insert into StudentInterestGroups (InterestGroupID, StudentEntityID)
values (8,767);
insert into StudentInterestGroups (InterestGroupID, StudentEntityID)
values (5,767);
insert into StudentInterestGroups (InterestGroupID, StudentEntityID)
values (1,767);
insert into userEntity (UserName, EmailAddress, EntityType)
values ('KennethLoftonR767', 'KennethLoftonR767@rockingham.k12.va.us', 'STUD');
insert into student (StudentEntityID, FirstName, LastName, MiddleInitial, StreetAddress, Country,City, State,ZipCode, StudentGradeLevel, StudentGPA, StudentACTScore, StudentSATScore, StudentEthnicity, StudentGender, IncomeLevel, DaysAbsent, HoursOfWorkPlaceExp, StudentAthleteFlag, StudentGraduationTrack, StudentEmploymentFlag, StudentImage,SchoolEntityID)
values (768, 'Kenneth', 'Lofton', 'R', '21144 Thompson Stravenue', 'USA','East Marisa','VA','20041','Senior', 2.59, 32, 1050,'Hispanic','Male','Middle Income',7,43, 'Y', 'Y', 'N', 'img/student.jpg', 13);
insert into StudentInterestGroups (InterestGroupID, StudentEntityID)
values (11,768);
insert into StudentInterestGroups (InterestGroupID, StudentEntityID)
values (8,768);
insert into StudentInterestGroups (InterestGroupID, StudentEntityID)
values (7,768);
insert into StudentInterestGroups (InterestGroupID, StudentEntityID)
values (12,768);
insert into userEntity (UserName, EmailAddress, EntityType)
values ('KennethScottO212', 'KennethScottO212@broadway.edu', 'STUD');
insert into student (StudentEntityID, FirstName, LastName, MiddleInitial, StreetAddress, Country,City, State,ZipCode, StudentGradeLevel, StudentGPA, StudentACTScore, StudentSATScore, StudentEthnicity, StudentGender, IncomeLevel, DaysAbsent, HoursOfWorkPlaceExp, StudentAthleteFlag, StudentGraduationTrack, StudentEmploymentFlag, StudentImage,SchoolEntityID)
values (769, 'Kenneth', 'Scott', 'O', '19656 Phillip Crossing Apt. 204', 'USA','Lake Johnview','VA','20041','Sophomore', 2.1, 0, 0,'Caucasian','Male','Lower Income',7,20, 'N', 'Y', 'N', 'img/student.jpg', 16);
insert into StudentInterestGroups (InterestGroupID, StudentEntityID)
values (1,769);
insert into StudentInterestGroups (InterestGroupID, StudentEntityID)
values (6,769);
insert into StudentInterestGroups (InterestGroupID, StudentEntityID)
values (10,769);
insert into StudentInterestGroups (InterestGroupID, StudentEntityID)
values (8,769);
insert into StudentInterestGroups (InterestGroupID, StudentEntityID)
values (3,769);
insert into userEntity (UserName, EmailAddress, EntityType)
values ('SarahComptonH518', 'SarahComptonH518@broadway.edu', 'STUD');
insert into student (StudentEntityID, FirstName, LastName, MiddleInitial, StreetAddress, Country,City, State,ZipCode, StudentGradeLevel, StudentGPA, StudentACTScore, StudentSATScore, StudentEthnicity, StudentGender, IncomeLevel, DaysAbsent, HoursOfWorkPlaceExp, StudentAthleteFlag, StudentGraduationTrack, StudentEmploymentFlag, StudentImage,SchoolEntityID)
values (770, 'Sarah', 'Compton', 'H', '917 Andrew Falls', 'USA','Mccoyview','VA','20041','Freshmen', 1.9, 0, 0,'Caucasian','Female','Lower Income',15,9, 'Y', 'N', 'N', 'img/student.jpg', 16);
insert into StudentInterestGroups (InterestGroupID, StudentEntityID)
values (2,770);
insert into StudentInterestGroups (InterestGroupID, StudentEntityID)
values (12,770);
insert into StudentInterestGroups (InterestGroupID, StudentEntityID)
values (11,770);
insert into StudentInterestGroups (InterestGroupID, StudentEntityID)
values (7,770);
insert into StudentInterestGroups (InterestGroupID, StudentEntityID)
values (8,770);
insert into userEntity (UserName, EmailAddress, EntityType)
values ('JeffryFoleyC845', 'JeffryFoleyC845@harrisonburg.edu', 'STUD');
insert into student (StudentEntityID, FirstName, LastName, MiddleInitial, StreetAddress, Country,City, State,ZipCode, StudentGradeLevel, StudentGPA, StudentACTScore, StudentSATScore, StudentEthnicity, StudentGender, IncomeLevel, DaysAbsent, HoursOfWorkPlaceExp, StudentAthleteFlag, StudentGraduationTrack, StudentEmploymentFlag, StudentImage,SchoolEntityID)
values (771, 'Jeffry', 'Foley', 'C', '8498 Jeremy Vista', 'USA','Dustinton','VA','20040','Sophomore', 2.83, 0, 0,'Caucasian','Male','Lower Income',7,20, 'N', 'Y', 'Y', 'img/student.jpg', 17);
insert into StudentInterestGroups (InterestGroupID, StudentEntityID)
values (12,771);
insert into StudentInterestGroups (InterestGroupID, StudentEntityID)
values (2,771);
insert into StudentInterestGroups (InterestGroupID, StudentEntityID)
values (6,771);
insert into userEntity (UserName, EmailAddress, EntityType)
values ('EthelGoodwinO320', 'EthelGoodwinO320@turnerAshby.edu', 'STUD');
insert into student (StudentEntityID, FirstName, LastName, MiddleInitial, StreetAddress, Country,City, State,ZipCode, StudentGradeLevel, StudentGPA, StudentACTScore, StudentSATScore, StudentEthnicity, StudentGender, IncomeLevel, DaysAbsent, HoursOfWorkPlaceExp, StudentAthleteFlag, StudentGraduationTrack, StudentEmploymentFlag, StudentImage,SchoolEntityID)
values (772, 'Ethel', 'Goodwin', 'O', '063 Karen Lane', 'USA','Lake Kimberly','VA','20040','Freshmen', 1.82, 0, 0,'Caucasian','Female','Middle Income',8,4, 'N', 'N', 'N', 'img/student.jpg', 15);
insert into StudentInterestGroups (InterestGroupID, StudentEntityID)
values (11,772);
insert into StudentInterestGroups (InterestGroupID, StudentEntityID)
values (2,772);
insert into StudentInterestGroups (InterestGroupID, StudentEntityID)
values (3,772);
insert into StudentInterestGroups (InterestGroupID, StudentEntityID)
values (7,772);
insert into userEntity (UserName, EmailAddress, EntityType)
values ('DomingoMucherP126', 'DomingoMucherP126@broadway.edu', 'STUD');
insert into student (StudentEntityID, FirstName, LastName, MiddleInitial, StreetAddress, Country,City, State,ZipCode, StudentGradeLevel, StudentGPA, StudentACTScore, StudentSATScore, StudentEthnicity, StudentGender, IncomeLevel, DaysAbsent, HoursOfWorkPlaceExp, StudentAthleteFlag, StudentGraduationTrack, StudentEmploymentFlag, StudentImage,SchoolEntityID)
values (773, 'Domingo', 'Mucher', 'P', '5822 Curtis Ranch', 'USA','Lake Sheilafort','VA','20040','Freshmen', 1.04, 0, 0,'Caucasian','Male','Middle Income',13,0, 'Y', 'N', 'N', 'img/student.jpg', 16);
insert into StudentInterestGroups (InterestGroupID, StudentEntityID)
values (5,773);
insert into StudentInterestGroups (InterestGroupID, StudentEntityID)
values (12,773);
insert into userEntity (UserName, EmailAddress, EntityType)
values ('DinahHaleA743', 'DinahHaleA743@turnerAshby.edu', 'STUD');
insert into student (StudentEntityID, FirstName, LastName, MiddleInitial, StreetAddress, Country,City, State,ZipCode, StudentGradeLevel, StudentGPA, StudentACTScore, StudentSATScore, StudentEthnicity, StudentGender, IncomeLevel, DaysAbsent, HoursOfWorkPlaceExp, StudentAthleteFlag, StudentGraduationTrack, StudentEmploymentFlag, StudentImage,SchoolEntityID)
values (774, 'Dinah', 'Hale', 'A', '832 Williams Island', 'USA','Gonzalezport','VA','20040','Junior', 1.04, 12, 1232,'Caucasian','Female','Lower Income',14,14, 'N', 'N', 'Y', 'img/student.jpg', 15);
insert into StudentInterestGroups (InterestGroupID, StudentEntityID)
values (10,774);
insert into StudentInterestGroups (InterestGroupID, StudentEntityID)
values (8,774);
insert into StudentInterestGroups (InterestGroupID, StudentEntityID)
values (3,774);
insert into StudentInterestGroups (InterestGroupID, StudentEntityID)
values (1,774);
insert into StudentInterestGroups (InterestGroupID, StudentEntityID)
values (2,774);
insert into userEntity (UserName, EmailAddress, EntityType)
values ('SharonWalkerK850', 'SharonWalkerK850@spotswood.edu', 'STUD');
insert into student (StudentEntityID, FirstName, LastName, MiddleInitial, StreetAddress, Country,City, State,ZipCode, StudentGradeLevel, StudentGPA, StudentACTScore, StudentSATScore, StudentEthnicity, StudentGender, IncomeLevel, DaysAbsent, HoursOfWorkPlaceExp, StudentAthleteFlag, StudentGraduationTrack, StudentEmploymentFlag, StudentImage,SchoolEntityID)
values (775, 'Sharon', 'Walker', 'K', '164 Sullivan Wells Suite 816', 'USA','Linport','VA','20041','Junior', 1.24, 20, 647,'African American','Female','Middle Income',14,17, 'Y', 'N', 'N', 'img/student.jpg', 14);
insert into StudentInterestGroups (InterestGroupID, StudentEntityID)
values (10,775);
insert into StudentInterestGroups (InterestGroupID, StudentEntityID)
values (3,775);
insert into StudentInterestGroups (InterestGroupID, StudentEntityID)
values (11,775);
insert into StudentInterestGroups (InterestGroupID, StudentEntityID)
values (9,775);
insert into StudentInterestGroups (InterestGroupID, StudentEntityID)
values (5,775);
insert into userEntity (UserName, EmailAddress, EntityType)
values ('YolandaFurrG979', 'YolandaFurrG979@harrisonburg.edu', 'STUD');
insert into student (StudentEntityID, FirstName, LastName, MiddleInitial, StreetAddress, Country,City, State,ZipCode, StudentGradeLevel, StudentGPA, StudentACTScore, StudentSATScore, StudentEthnicity, StudentGender, IncomeLevel, DaysAbsent, HoursOfWorkPlaceExp, StudentAthleteFlag, StudentGraduationTrack, StudentEmploymentFlag, StudentImage,SchoolEntityID)
values (776, 'Yolanda', 'Furr', 'G', '406 Snyder Forges Apt. 516', 'USA','West Denise','VA','20041','Sophomore', 2.23, 0, 0,'Caucasian','Female','Middle Income',14,16, 'N', 'Y', 'N', 'img/student.jpg', 17);
insert into StudentInterestGroups (InterestGroupID, StudentEntityID)
values (6,776);
insert into userEntity (UserName, EmailAddress, EntityType)
values ('TaraKellyC615', 'TaraKellyC615@spotswood.edu', 'STUD');
insert into student (StudentEntityID, FirstName, LastName, MiddleInitial, StreetAddress, Country,City, State,ZipCode, StudentGradeLevel, StudentGPA, StudentACTScore, StudentSATScore, StudentEthnicity, StudentGender, IncomeLevel, DaysAbsent, HoursOfWorkPlaceExp, StudentAthleteFlag, StudentGraduationTrack, StudentEmploymentFlag, StudentImage,SchoolEntityID)
values (777, 'Tara', 'Kelly', 'C', '076 Christine Trail', 'USA','Cameronfurt','VA','20041','Senior', 3.96, 34, 1338,'African American','Female','Lower Income',0,42, 'Y', 'Y', 'N', 'img/student.jpg', 14);
insert into StudentInterestGroups (InterestGroupID, StudentEntityID)
values (8,777);
insert into StudentInterestGroups (InterestGroupID, StudentEntityID)
values (2,777);
insert into StudentInterestGroups (InterestGroupID, StudentEntityID)
values (9,777);
insert into StudentInterestGroups (InterestGroupID, StudentEntityID)
values (11,777);
insert into userEntity (UserName, EmailAddress, EntityType)
values ('JessicaSpencerQ835', 'JessicaSpencerQ835@turnerAshby.edu', 'STUD');
insert into student (StudentEntityID, FirstName, LastName, MiddleInitial, StreetAddress, Country,City, State,ZipCode, StudentGradeLevel, StudentGPA, StudentACTScore, StudentSATScore, StudentEthnicity, StudentGender, IncomeLevel, DaysAbsent, HoursOfWorkPlaceExp, StudentAthleteFlag, StudentGraduationTrack, StudentEmploymentFlag, StudentImage,SchoolEntityID)
values (778, 'Jessica', 'Spencer', 'Q', '7109 Conner Oval Apt. 908', 'USA','Mendezport','VA','20040','Junior', 3.97, 32, 1254,'Hispanic','Female','Middle Income',2,25, 'N', 'Y', 'N', 'img/student.jpg', 15);
insert into StudentInterestGroups (InterestGroupID, StudentEntityID)
values (9,778);
insert into StudentInterestGroups (InterestGroupID, StudentEntityID)
values (10,778);
insert into StudentInterestGroups (InterestGroupID, StudentEntityID)
values (12,778);
insert into StudentInterestGroups (InterestGroupID, StudentEntityID)
values (4,778);
insert into StudentInterestGroups (InterestGroupID, StudentEntityID)
values (5,778);
insert into userEntity (UserName, EmailAddress, EntityType)
values ('RichardBowmanX248', 'RichardBowmanX248@turnerAshby.edu', 'STUD');
insert into student (StudentEntityID, FirstName, LastName, MiddleInitial, StreetAddress, Country,City, State,ZipCode, StudentGradeLevel, StudentGPA, StudentACTScore, StudentSATScore, StudentEthnicity, StudentGender, IncomeLevel, DaysAbsent, HoursOfWorkPlaceExp, StudentAthleteFlag, StudentGraduationTrack, StudentEmploymentFlag, StudentImage,SchoolEntityID)
values (779, 'Richard', 'Bowman', 'X', '608 Derek Gardens', 'USA','Mooreport','VA','20040','Senior', 1.65, 25, 744,'Caucasian','Male','Lower Income',11,34, 'Y', 'N', 'Y', 'img/student.jpg', 15);
insert into StudentInterestGroups (InterestGroupID, StudentEntityID)
values (10,779);
insert into StudentInterestGroups (InterestGroupID, StudentEntityID)
values (1,779);
insert into StudentInterestGroups (InterestGroupID, StudentEntityID)
values (9,779);
insert into StudentInterestGroups (InterestGroupID, StudentEntityID)
values (6,779);
insert into StudentInterestGroups (InterestGroupID, StudentEntityID)
values (8,779);
insert into StudentInterestGroups (InterestGroupID, StudentEntityID)
values (4,779);
insert into StudentInterestGroups (InterestGroupID, StudentEntityID)
values (12,779);
insert into StudentInterestGroups (InterestGroupID, StudentEntityID)
values (7,779);
insert into userEntity (UserName, EmailAddress, EntityType)
values ('KennyCarpenterF502', 'KennyCarpenterF502@rockingham.k12.va.us', 'STUD');
insert into student (StudentEntityID, FirstName, LastName, MiddleInitial, StreetAddress, Country,City, State,ZipCode, StudentGradeLevel, StudentGPA, StudentACTScore, StudentSATScore, StudentEthnicity, StudentGender, IncomeLevel, DaysAbsent, HoursOfWorkPlaceExp, StudentAthleteFlag, StudentGraduationTrack, StudentEmploymentFlag, StudentImage,SchoolEntityID)
values (780, 'Kenny', 'Carpenter', 'F', '757 James Islands Suite 620', 'USA','East George','VA','20041','Senior', 3.1, 32, 1242,'Asian','Male','Higher Income',2,44, 'N', 'Y', 'N', 'img/student.jpg', 13);
insert into StudentInterestGroups (InterestGroupID, StudentEntityID)
values (10,780);
insert into StudentInterestGroups (InterestGroupID, StudentEntityID)
values (1,780);
insert into StudentInterestGroups (InterestGroupID, StudentEntityID)
values (8,780);
insert into StudentInterestGroups (InterestGroupID, StudentEntityID)
values (6,780);
insert into StudentInterestGroups (InterestGroupID, StudentEntityID)
values (12,780);
insert into userEntity (UserName, EmailAddress, EntityType)
values ('RussellLeeL286', 'RussellLeeL286@turnerAshby.edu', 'STUD');
insert into student (StudentEntityID, FirstName, LastName, MiddleInitial, StreetAddress, Country,City, State,ZipCode, StudentGradeLevel, StudentGPA, StudentACTScore, StudentSATScore, StudentEthnicity, StudentGender, IncomeLevel, DaysAbsent, HoursOfWorkPlaceExp, StudentAthleteFlag, StudentGraduationTrack, StudentEmploymentFlag, StudentImage,SchoolEntityID)
values (781, 'Russell', 'Lee', 'L', '122 Robinson Springs', 'USA','Davidville','VA','20040','Sophomore', 3.5, 0, 0,'Caucasian','Male','Middle Income',2,20, 'Y', 'Y', 'N', 'img/student.jpg', 15);
insert into StudentInterestGroups (InterestGroupID, StudentEntityID)
values (7,781);
insert into StudentInterestGroups (InterestGroupID, StudentEntityID)
values (1,781);
insert into StudentInterestGroups (InterestGroupID, StudentEntityID)
values (6,781);
insert into StudentInterestGroups (InterestGroupID, StudentEntityID)
values (10,781);
insert into StudentInterestGroups (InterestGroupID, StudentEntityID)
values (9,781);
insert into StudentInterestGroups (InterestGroupID, StudentEntityID)
values (5,781);
insert into StudentInterestGroups (InterestGroupID, StudentEntityID)
values (8,781);
insert into userEntity (UserName, EmailAddress, EntityType)
values ('JohnHollingsworthR821', 'JohnHollingsworthR821@rockingham.k12.va.us', 'STUD');
insert into student (StudentEntityID, FirstName, LastName, MiddleInitial, StreetAddress, Country,City, State,ZipCode, StudentGradeLevel, StudentGPA, StudentACTScore, StudentSATScore, StudentEthnicity, StudentGender, IncomeLevel, DaysAbsent, HoursOfWorkPlaceExp, StudentAthleteFlag, StudentGraduationTrack, StudentEmploymentFlag, StudentImage,SchoolEntityID)
values (782, 'John', 'Hollingsworth', 'R', '718 Montoya Knoll Apt. 521', 'USA','Phillipsfurt','VA','20041','Freshmen', 2.84, 0, 0,'Caucasian','Male','Lower Income',1,10, 'Y', 'Y', 'N', 'img/student.jpg', 13);
insert into StudentInterestGroups (InterestGroupID, StudentEntityID)
values (12,782);
insert into StudentInterestGroups (InterestGroupID, StudentEntityID)
values (5,782);
insert into StudentInterestGroups (InterestGroupID, StudentEntityID)
values (10,782);
insert into StudentInterestGroups (InterestGroupID, StudentEntityID)
values (4,782);
insert into userEntity (UserName, EmailAddress, EntityType)
values ('MildredBurkeU42', 'MildredBurkeU42@turnerAshby.edu', 'STUD');
insert into student (StudentEntityID, FirstName, LastName, MiddleInitial, StreetAddress, Country,City, State,ZipCode, StudentGradeLevel, StudentGPA, StudentACTScore, StudentSATScore, StudentEthnicity, StudentGender, IncomeLevel, DaysAbsent, HoursOfWorkPlaceExp, StudentAthleteFlag, StudentGraduationTrack, StudentEmploymentFlag, StudentImage,SchoolEntityID)
values (783, 'Mildred', 'Burke', 'U', '7281 Payne Ports', 'USA','Port Jessicaville','VA','20040','Senior', 2.06, 15, 947,'Caucasian','Female','Higher Income',13,38, 'N', 'Y', 'N', 'img/student.jpg', 15);
insert into StudentInterestGroups (InterestGroupID, StudentEntityID)
values (10,783);
insert into StudentInterestGroups (InterestGroupID, StudentEntityID)
values (7,783);
insert into StudentInterestGroups (InterestGroupID, StudentEntityID)
values (1,783);
insert into StudentInterestGroups (InterestGroupID, StudentEntityID)
values (2,783);
insert into StudentInterestGroups (InterestGroupID, StudentEntityID)
values (8,783);
insert into userEntity (UserName, EmailAddress, EntityType)
values ('ChristopherDretzkaT189', 'ChristopherDretzkaT189@rockingham.k12.va.us', 'STUD');
insert into student (StudentEntityID, FirstName, LastName, MiddleInitial, StreetAddress, Country,City, State,ZipCode, StudentGradeLevel, StudentGPA, StudentACTScore, StudentSATScore, StudentEthnicity, StudentGender, IncomeLevel, DaysAbsent, HoursOfWorkPlaceExp, StudentAthleteFlag, StudentGraduationTrack, StudentEmploymentFlag, StudentImage,SchoolEntityID)
values (784, 'Christopher', 'Dretzka', 'T', '99253 Kathleen Light', 'USA','New Kristy','VA','20041','Sophomore', 3.8, 0, 0,'Caucasian','Other','Middle Income',4,24, 'Y', 'Y', 'Y', 'img/student.jpg', 13);
insert into StudentInterestGroups (InterestGroupID, StudentEntityID)
values (11,784);
insert into StudentInterestGroups (InterestGroupID, StudentEntityID)
values (7,784);
insert into StudentInterestGroups (InterestGroupID, StudentEntityID)
values (5,784);
insert into StudentInterestGroups (InterestGroupID, StudentEntityID)
values (6,784);
insert into userEntity (UserName, EmailAddress, EntityType)
values ('JohnJimenesI178', 'JohnJimenesI178@turnerAshby.edu', 'STUD');
insert into student (StudentEntityID, FirstName, LastName, MiddleInitial, StreetAddress, Country,City, State,ZipCode, StudentGradeLevel, StudentGPA, StudentACTScore, StudentSATScore, StudentEthnicity, StudentGender, IncomeLevel, DaysAbsent, HoursOfWorkPlaceExp, StudentAthleteFlag, StudentGraduationTrack, StudentEmploymentFlag, StudentImage,SchoolEntityID)
values (785, 'John', 'Jimenes', 'I', '3539 Thomas Village Suite 787', 'USA','South Arthur','VA','20041','Senior', 3.54, 26, 1377,'Caucasian','Male','Middle Income',3,39, 'N', 'Y', 'Y', 'img/student.jpg', 15);
insert into StudentInterestGroups (InterestGroupID, StudentEntityID)
values (9,785);
insert into StudentInterestGroups (InterestGroupID, StudentEntityID)
values (5,785);
insert into userEntity (UserName, EmailAddress, EntityType)
values ('MaryParkerN546', 'MaryParkerN546@rockingham.k12.va.us', 'STUD');
insert into student (StudentEntityID, FirstName, LastName, MiddleInitial, StreetAddress, Country,City, State,ZipCode, StudentGradeLevel, StudentGPA, StudentACTScore, StudentSATScore, StudentEthnicity, StudentGender, IncomeLevel, DaysAbsent, HoursOfWorkPlaceExp, StudentAthleteFlag, StudentGraduationTrack, StudentEmploymentFlag, StudentImage,SchoolEntityID)
values (786, 'Mary', 'Parker', 'N', '06828 Bradley Corner Suite 858', 'USA','North Nicholaschester','VA','20041','Freshmen', 1.77, 0, 0,'Caucasian','Female','Middle Income',15,9, 'Y', 'N', 'N', 'img/student.jpg', 13);
insert into StudentInterestGroups (InterestGroupID, StudentEntityID)
values (2,786);
insert into StudentInterestGroups (InterestGroupID, StudentEntityID)
values (1,786);
insert into StudentInterestGroups (InterestGroupID, StudentEntityID)
values (12,786);
insert into StudentInterestGroups (InterestGroupID, StudentEntityID)
values (6,786);
insert into StudentInterestGroups (InterestGroupID, StudentEntityID)
values (11,786);
insert into StudentInterestGroups (InterestGroupID, StudentEntityID)
values (9,786);
insert into StudentInterestGroups (InterestGroupID, StudentEntityID)
values (3,786);
insert into userEntity (UserName, EmailAddress, EntityType)
values ('GiovannaWadeC971', 'GiovannaWadeC971@harrisonburg.edu', 'STUD');
insert into student (StudentEntityID, FirstName, LastName, MiddleInitial, StreetAddress, Country,City, State,ZipCode, StudentGradeLevel, StudentGPA, StudentACTScore, StudentSATScore, StudentEthnicity, StudentGender, IncomeLevel, DaysAbsent, HoursOfWorkPlaceExp, StudentAthleteFlag, StudentGraduationTrack, StudentEmploymentFlag, StudentImage,SchoolEntityID)
values (787, 'Giovanna', 'Wade', 'C', '409 Ryan Viaduct', 'USA','Madisonton','VA','20040','Sophomore', 3.38, 0, 0,'Hispanic','Female','Middle Income',5,18, 'N', 'Y', 'Y', 'img/student.jpg', 17);
insert into StudentInterestGroups (InterestGroupID, StudentEntityID)
values (11,787);
insert into StudentInterestGroups (InterestGroupID, StudentEntityID)
values (10,787);
insert into StudentInterestGroups (InterestGroupID, StudentEntityID)
values (4,787);
insert into userEntity (UserName, EmailAddress, EntityType)
values ('LeroyBaileyX688', 'LeroyBaileyX688@rockingham.k12.va.us', 'STUD');
insert into student (StudentEntityID, FirstName, LastName, MiddleInitial, StreetAddress, Country,City, State,ZipCode, StudentGradeLevel, StudentGPA, StudentACTScore, StudentSATScore, StudentEthnicity, StudentGender, IncomeLevel, DaysAbsent, HoursOfWorkPlaceExp, StudentAthleteFlag, StudentGraduationTrack, StudentEmploymentFlag, StudentImage,SchoolEntityID)
values (788, 'Leroy', 'Bailey', 'X', '51281 Sharon Plains Apt. 673', 'USA','Donaldton','VA','20041','Senior', 2.88, 30, 1107,'Pacific Islander','Male','Lower Income',0,35, 'Y', 'Y', 'Y', 'img/student.jpg', 13);
insert into StudentInterestGroups (InterestGroupID, StudentEntityID)
values (1,788);
insert into userEntity (UserName, EmailAddress, EntityType)
values ('DavidJamiesonI582', 'DavidJamiesonI582@turnerAshby.edu', 'STUD');
insert into student (StudentEntityID, FirstName, LastName, MiddleInitial, StreetAddress, Country,City, State,ZipCode, StudentGradeLevel, StudentGPA, StudentACTScore, StudentSATScore, StudentEthnicity, StudentGender, IncomeLevel, DaysAbsent, HoursOfWorkPlaceExp, StudentAthleteFlag, StudentGraduationTrack, StudentEmploymentFlag, StudentImage,SchoolEntityID)
values (789, 'David', 'Jamieson', 'I', '447 Fischer Village Suite 122', 'USA','East Christyberg','VA','20040','Junior', 1.24, 20, 831,'Caucasian','Other','Higher Income',15,17, 'Y', 'N', 'Y', 'img/student.jpg', 15);
insert into StudentInterestGroups (InterestGroupID, StudentEntityID)
values (11,789);
insert into StudentInterestGroups (InterestGroupID, StudentEntityID)
values (12,789);
insert into StudentInterestGroups (InterestGroupID, StudentEntityID)
values (10,789);
insert into StudentInterestGroups (InterestGroupID, StudentEntityID)
values (6,789);
insert into userEntity (UserName, EmailAddress, EntityType)
values ('IolaCollinsH404', 'IolaCollinsH404@broadway.edu', 'STUD');
insert into student (StudentEntityID, FirstName, LastName, MiddleInitial, StreetAddress, Country,City, State,ZipCode, StudentGradeLevel, StudentGPA, StudentACTScore, StudentSATScore, StudentEthnicity, StudentGender, IncomeLevel, DaysAbsent, HoursOfWorkPlaceExp, StudentAthleteFlag, StudentGraduationTrack, StudentEmploymentFlag, StudentImage,SchoolEntityID)
values (790, 'Iola', 'Collins', 'H', '196 Wilson Port Apt. 417', 'USA','Port John','VA','20041','Senior', 1.96, 17, 924,'Caucasian','Female','Lower Income',11,31, 'Y', 'N', 'N', 'img/student.jpg', 16);
insert into StudentInterestGroups (InterestGroupID, StudentEntityID)
values (12,790);
insert into StudentInterestGroups (InterestGroupID, StudentEntityID)
values (1,790);
insert into StudentInterestGroups (InterestGroupID, StudentEntityID)
values (11,790);
insert into StudentInterestGroups (InterestGroupID, StudentEntityID)
values (7,790);
insert into StudentInterestGroups (InterestGroupID, StudentEntityID)
values (2,790);
insert into StudentInterestGroups (InterestGroupID, StudentEntityID)
values (9,790);
insert into StudentInterestGroups (InterestGroupID, StudentEntityID)
values (8,790);
insert into userEntity (UserName, EmailAddress, EntityType)
values ('JermaineAshleyB198', 'JermaineAshleyB198@harrisonburg.edu', 'STUD');
insert into student (StudentEntityID, FirstName, LastName, MiddleInitial, StreetAddress, Country,City, State,ZipCode, StudentGradeLevel, StudentGPA, StudentACTScore, StudentSATScore, StudentEthnicity, StudentGender, IncomeLevel, DaysAbsent, HoursOfWorkPlaceExp, StudentAthleteFlag, StudentGraduationTrack, StudentEmploymentFlag, StudentImage,SchoolEntityID)
values (791, 'Jermaine', 'Ashley', 'B', '474 Adam Light Apt. 929', 'USA','North Matthew','VA','20041','Senior', 3.01, 23, 1259,'Caucasian','Male','Middle Income',3,44, 'N', 'Y', 'N', 'img/student.jpg', 17);
insert into StudentInterestGroups (InterestGroupID, StudentEntityID)
values (3,791);
insert into StudentInterestGroups (InterestGroupID, StudentEntityID)
values (8,791);
insert into StudentInterestGroups (InterestGroupID, StudentEntityID)
values (5,791);
insert into userEntity (UserName, EmailAddress, EntityType)
values ('JeannetteRichterC248', 'JeannetteRichterC248@Louisa.edu', 'STUD');
insert into student (StudentEntityID, FirstName, LastName, MiddleInitial, StreetAddress, Country,City, State,ZipCode, StudentGradeLevel, StudentGPA, StudentACTScore, StudentSATScore, StudentEthnicity, StudentGender, IncomeLevel, DaysAbsent, HoursOfWorkPlaceExp, StudentAthleteFlag, StudentGraduationTrack, StudentEmploymentFlag, StudentImage,SchoolEntityID)
values (792, 'Jeannette', 'Richter', 'C', '68221 Thomas Drive', 'USA','Sandersfurt','VA','20040','Junior', 2.57, 32, 1040,'Caucasian','Female','Middle Income',4,23, 'Y', 'Y', 'N', 'img/student.jpg', 12);
insert into StudentInterestGroups (InterestGroupID, StudentEntityID)
values (11,792);
insert into StudentInterestGroups (InterestGroupID, StudentEntityID)
values (1,792);
insert into StudentInterestGroups (InterestGroupID, StudentEntityID)
values (7,792);
insert into StudentInterestGroups (InterestGroupID, StudentEntityID)
values (2,792);
insert into StudentInterestGroups (InterestGroupID, StudentEntityID)
values (10,792);
insert into StudentInterestGroups (InterestGroupID, StudentEntityID)
values (6,792);
insert into StudentInterestGroups (InterestGroupID, StudentEntityID)
values (12,792);
insert into userEntity (UserName, EmailAddress, EntityType)
values ('AndreaGalyeanK948', 'AndreaGalyeanK948@broadway.edu', 'STUD');
insert into student (StudentEntityID, FirstName, LastName, MiddleInitial, StreetAddress, Country,City, State,ZipCode, StudentGradeLevel, StudentGPA, StudentACTScore, StudentSATScore, StudentEthnicity, StudentGender, IncomeLevel, DaysAbsent, HoursOfWorkPlaceExp, StudentAthleteFlag, StudentGraduationTrack, StudentEmploymentFlag, StudentImage,SchoolEntityID)
values (793, 'Andrea', 'Galyean', 'K', '81014 Deanna Land Suite 189', 'USA','North Zachary','VA','20041','Senior', 3.22, 30, 1352,'Caucasian','Female','Middle Income',0,41, 'Y', 'Y', 'N', 'img/student.jpg', 16);
insert into StudentInterestGroups (InterestGroupID, StudentEntityID)
values (10,793);
insert into StudentInterestGroups (InterestGroupID, StudentEntityID)
values (5,793);
insert into userEntity (UserName, EmailAddress, EntityType)
values ('VirginiaAlexanderW747', 'VirginiaAlexanderW747@turnerAshby.edu', 'STUD');
insert into student (StudentEntityID, FirstName, LastName, MiddleInitial, StreetAddress, Country,City, State,ZipCode, StudentGradeLevel, StudentGPA, StudentACTScore, StudentSATScore, StudentEthnicity, StudentGender, IncomeLevel, DaysAbsent, HoursOfWorkPlaceExp, StudentAthleteFlag, StudentGraduationTrack, StudentEmploymentFlag, StudentImage,SchoolEntityID)
values (794, 'Virginia', 'Alexander', 'W', '222 Frances Wells', 'USA','Gibsonburgh','VA','20040','Sophomore', 3.5, 0, 0,'African American','Female','Lower Income',0,20, 'N', 'Y', 'N', 'img/student.jpg', 15);
insert into StudentInterestGroups (InterestGroupID, StudentEntityID)
values (9,794);
insert into StudentInterestGroups (InterestGroupID, StudentEntityID)
values (1,794);
insert into StudentInterestGroups (InterestGroupID, StudentEntityID)
values (12,794);
insert into StudentInterestGroups (InterestGroupID, StudentEntityID)
values (11,794);
insert into StudentInterestGroups (InterestGroupID, StudentEntityID)
values (3,794);
insert into StudentInterestGroups (InterestGroupID, StudentEntityID)
values (2,794);
insert into userEntity (UserName, EmailAddress, EntityType)
values ('JamesSandovalT47', 'JamesSandovalT47@harrisonburg.edu', 'STUD');
insert into student (StudentEntityID, FirstName, LastName, MiddleInitial, StreetAddress, Country,City, State,ZipCode, StudentGradeLevel, StudentGPA, StudentACTScore, StudentSATScore, StudentEthnicity, StudentGender, IncomeLevel, DaysAbsent, HoursOfWorkPlaceExp, StudentAthleteFlag, StudentGraduationTrack, StudentEmploymentFlag, StudentImage,SchoolEntityID)
values (795, 'James', 'Sandoval', 'T', '461 Smith Expressway Apt. 808', 'USA','Carlbury','VA','20040','Senior', 1.88, 17, 940,'African American','Male','Lower Income',15,20, 'Y', 'N', 'N', 'img/student.jpg', 17);
insert into StudentInterestGroups (InterestGroupID, StudentEntityID)
values (10,795);
insert into StudentInterestGroups (InterestGroupID, StudentEntityID)
values (11,795);
insert into StudentInterestGroups (InterestGroupID, StudentEntityID)
values (7,795);
insert into StudentInterestGroups (InterestGroupID, StudentEntityID)
values (1,795);
insert into StudentInterestGroups (InterestGroupID, StudentEntityID)
values (9,795);
insert into userEntity (UserName, EmailAddress, EntityType)
values ('ScottPerezN323', 'ScottPerezN323@Louisa.edu', 'STUD');
insert into student (StudentEntityID, FirstName, LastName, MiddleInitial, StreetAddress, Country,City, State,ZipCode, StudentGradeLevel, StudentGPA, StudentACTScore, StudentSATScore, StudentEthnicity, StudentGender, IncomeLevel, DaysAbsent, HoursOfWorkPlaceExp, StudentAthleteFlag, StudentGraduationTrack, StudentEmploymentFlag, StudentImage,SchoolEntityID)
values (796, 'Scott', 'Perez', 'N', '30017 Monica Plaza', 'USA','Kellytown','VA','20041','Sophomore', 1.59, 0, 0,'Caucasian','Male','Lower Income',15,9, 'N', 'N', 'Y', 'img/student.jpg', 12);
insert into StudentInterestGroups (InterestGroupID, StudentEntityID)
values (6,796);
insert into StudentInterestGroups (InterestGroupID, StudentEntityID)
values (11,796);
insert into StudentInterestGroups (InterestGroupID, StudentEntityID)
values (2,796);
insert into StudentInterestGroups (InterestGroupID, StudentEntityID)
values (10,796);
insert into userEntity (UserName, EmailAddress, EntityType)
values ('DanaGoldsteinM685', 'DanaGoldsteinM685@turnerAshby.edu', 'STUD');
insert into student (StudentEntityID, FirstName, LastName, MiddleInitial, StreetAddress, Country,City, State,ZipCode, StudentGradeLevel, StudentGPA, StudentACTScore, StudentSATScore, StudentEthnicity, StudentGender, IncomeLevel, DaysAbsent, HoursOfWorkPlaceExp, StudentAthleteFlag, StudentGraduationTrack, StudentEmploymentFlag, StudentImage,SchoolEntityID)
values (797, 'Dana', 'Goldstein', 'M', '94361 Henderson Crossing', 'USA','Maryborough','VA','20041','Senior', 2.1, 21, 982,'Caucasian','Other','Middle Income',5,31, 'Y', 'Y', 'N', 'img/student.jpg', 15);
insert into StudentInterestGroups (InterestGroupID, StudentEntityID)
values (3,797);
insert into userEntity (UserName, EmailAddress, EntityType)
values ('JoshuaDuncanS81', 'JoshuaDuncanS81@rockingham.k12.va.us', 'STUD');
insert into student (StudentEntityID, FirstName, LastName, MiddleInitial, StreetAddress, Country,City, State,ZipCode, StudentGradeLevel, StudentGPA, StudentACTScore, StudentSATScore, StudentEthnicity, StudentGender, IncomeLevel, DaysAbsent, HoursOfWorkPlaceExp, StudentAthleteFlag, StudentGraduationTrack, StudentEmploymentFlag, StudentImage,SchoolEntityID)
values (798, 'Joshua', 'Duncan', 'S', '3535 Christine Ramp', 'USA','Millerberg','VA','20041','Senior', 3.97, 31, 1252,'African American','Male','Middle Income',0,37, 'N', 'Y', 'N', 'img/student.jpg', 13);
insert into StudentInterestGroups (InterestGroupID, StudentEntityID)
values (6,798);
insert into userEntity (UserName, EmailAddress, EntityType)
values ('KarenGarciaO359', 'KarenGarciaO359@turnerAshby.edu', 'STUD');
insert into student (StudentEntityID, FirstName, LastName, MiddleInitial, StreetAddress, Country,City, State,ZipCode, StudentGradeLevel, StudentGPA, StudentACTScore, StudentSATScore, StudentEthnicity, StudentGender, IncomeLevel, DaysAbsent, HoursOfWorkPlaceExp, StudentAthleteFlag, StudentGraduationTrack, StudentEmploymentFlag, StudentImage,SchoolEntityID)
values (799, 'Karen', 'Garcia', 'O', '2215 Watkins Ville Apt. 414', 'USA','Lake Martha','VA','20041','Senior', 1.93, 24, 1031,'Asian','Female','Lower Income',12,33, 'Y', 'N', 'N', 'img/student.jpg', 15);
insert into StudentInterestGroups (InterestGroupID, StudentEntityID)
values (12,799);
insert into StudentInterestGroups (InterestGroupID, StudentEntityID)
values (9,799);
insert into userEntity (UserName, EmailAddress, EntityType)
values ('TerrenceCosnerE289', 'TerrenceCosnerE289@Louisa.edu', 'STUD');
insert into student (StudentEntityID, FirstName, LastName, MiddleInitial, StreetAddress, Country,City, State,ZipCode, StudentGradeLevel, StudentGPA, StudentACTScore, StudentSATScore, StudentEthnicity, StudentGender, IncomeLevel, DaysAbsent, HoursOfWorkPlaceExp, StudentAthleteFlag, StudentGraduationTrack, StudentEmploymentFlag, StudentImage,SchoolEntityID)
values (800, 'Terrence', 'Cosner', 'E', '3993 Kristin Lodge', 'USA','Lake Crystalborough','VA','20041','Senior', 1.09, 20, 1172,'African American','Male','Lower Income',14,23, 'N', 'N', 'Y', 'img/student.jpg', 12);
insert into StudentInterestGroups (InterestGroupID, StudentEntityID)
values (5,800);
insert into userEntity (UserName, EmailAddress, EntityType)
values ('RosaHoffmanS64', 'RosaHoffmanS64@broadway.edu', 'STUD');
insert into student (StudentEntityID, FirstName, LastName, MiddleInitial, StreetAddress, Country,City, State,ZipCode, StudentGradeLevel, StudentGPA, StudentACTScore, StudentSATScore, StudentEthnicity, StudentGender, IncomeLevel, DaysAbsent, HoursOfWorkPlaceExp, StudentAthleteFlag, StudentGraduationTrack, StudentEmploymentFlag, StudentImage,SchoolEntityID)
values (801, 'Rosa', 'Hoffman', 'S', '9787 Deborah Streets Suite 048', 'USA','Lamton','VA','20040','Senior', 1.45, 20, 730,'Hispanic','Female','Lower Income',15,26, 'N', 'N', 'N', 'img/student.jpg', 16);
insert into StudentInterestGroups (InterestGroupID, StudentEntityID)
values (4,801);
insert into StudentInterestGroups (InterestGroupID, StudentEntityID)
values (10,801);
insert into StudentInterestGroups (InterestGroupID, StudentEntityID)
values (11,801);
insert into StudentInterestGroups (InterestGroupID, StudentEntityID)
values (12,801);
insert into StudentInterestGroups (InterestGroupID, StudentEntityID)
values (3,801);
insert into StudentInterestGroups (InterestGroupID, StudentEntityID)
values (9,801);
insert into StudentInterestGroups (InterestGroupID, StudentEntityID)
values (7,801);
insert into StudentInterestGroups (InterestGroupID, StudentEntityID)
values (1,801);
insert into userEntity (UserName, EmailAddress, EntityType)
values ('LeonardParkerO885', 'LeonardParkerO885@spotswood.edu', 'STUD');
insert into student (StudentEntityID, FirstName, LastName, MiddleInitial, StreetAddress, Country,City, State,ZipCode, StudentGradeLevel, StudentGPA, StudentACTScore, StudentSATScore, StudentEthnicity, StudentGender, IncomeLevel, DaysAbsent, HoursOfWorkPlaceExp, StudentAthleteFlag, StudentGraduationTrack, StudentEmploymentFlag, StudentImage,SchoolEntityID)
values (802, 'Leonard', 'Parker', 'O', '72370 Billy Expressway Suite 230', 'USA','North Derek','VA','20041','Senior', 1.25, 12, 868,'Not selected or Other','Male','Middle Income',14,17, 'Y', 'N', 'Y', 'img/student.jpg', 14);
insert into StudentInterestGroups (InterestGroupID, StudentEntityID)
values (10,802);
insert into StudentInterestGroups (InterestGroupID, StudentEntityID)
values (7,802);
insert into StudentInterestGroups (InterestGroupID, StudentEntityID)
values (2,802);
insert into StudentInterestGroups (InterestGroupID, StudentEntityID)
values (8,802);
insert into StudentInterestGroups (InterestGroupID, StudentEntityID)
values (11,802);
insert into StudentInterestGroups (InterestGroupID, StudentEntityID)
values (1,802);
insert into StudentInterestGroups (InterestGroupID, StudentEntityID)
values (6,802);
insert into userEntity (UserName, EmailAddress, EntityType)
values ('JackCannonG24', 'JackCannonG24@broadway.edu', 'STUD');
insert into student (StudentEntityID, FirstName, LastName, MiddleInitial, StreetAddress, Country,City, State,ZipCode, StudentGradeLevel, StudentGPA, StudentACTScore, StudentSATScore, StudentEthnicity, StudentGender, IncomeLevel, DaysAbsent, HoursOfWorkPlaceExp, StudentAthleteFlag, StudentGraduationTrack, StudentEmploymentFlag, StudentImage,SchoolEntityID)
values (803, 'Jack', 'Cannon', 'G', '984 James Forge', 'USA','Port Andrea','VA','20040','Freshmen', 2.88, 0, 0,'African American','Male','Middle Income',5,16, 'N', 'Y', 'N', 'img/student.jpg', 16);
insert into StudentInterestGroups (InterestGroupID, StudentEntityID)
values (9,803);
insert into StudentInterestGroups (InterestGroupID, StudentEntityID)
values (12,803);
insert into StudentInterestGroups (InterestGroupID, StudentEntityID)
values (5,803);
insert into StudentInterestGroups (InterestGroupID, StudentEntityID)
values (3,803);
insert into StudentInterestGroups (InterestGroupID, StudentEntityID)
values (11,803);
insert into userEntity (UserName, EmailAddress, EntityType)
values ('LeslieFabelaS974', 'LeslieFabelaS974@Louisa.edu', 'STUD');
insert into student (StudentEntityID, FirstName, LastName, MiddleInitial, StreetAddress, Country,City, State,ZipCode, StudentGradeLevel, StudentGPA, StudentACTScore, StudentSATScore, StudentEthnicity, StudentGender, IncomeLevel, DaysAbsent, HoursOfWorkPlaceExp, StudentAthleteFlag, StudentGraduationTrack, StudentEmploymentFlag, StudentImage,SchoolEntityID)
values (804, 'Leslie', 'Fabela', 'S', '2873 Salinas Gateway Apt. 071', 'USA','Lake Jenniferborough','VA','20040','Junior', 1.56, 16, 976,'Caucasian','Male','Lower Income',8,17, 'Y', 'N', 'N', 'img/student.jpg', 12);
insert into StudentInterestGroups (InterestGroupID, StudentEntityID)
values (4,804);
insert into StudentInterestGroups (InterestGroupID, StudentEntityID)
values (9,804);
insert into StudentInterestGroups (InterestGroupID, StudentEntityID)
values (2,804);
insert into userEntity (UserName, EmailAddress, EntityType)
values ('PatriciaDuncanZ186', 'PatriciaDuncanZ186@broadway.edu', 'STUD');
insert into student (StudentEntityID, FirstName, LastName, MiddleInitial, StreetAddress, Country,City, State,ZipCode, StudentGradeLevel, StudentGPA, StudentACTScore, StudentSATScore, StudentEthnicity, StudentGender, IncomeLevel, DaysAbsent, HoursOfWorkPlaceExp, StudentAthleteFlag, StudentGraduationTrack, StudentEmploymentFlag, StudentImage,SchoolEntityID)
values (805, 'Patricia', 'Duncan', 'Z', '832 Snyder Point Apt. 608', 'USA','West Jamiemouth','VA','20040','Freshmen', 1.45, 0, 0,'Caucasian','Female','Middle Income',15,3, 'Y', 'N', 'N', 'img/student.jpg', 16);
insert into StudentInterestGroups (InterestGroupID, StudentEntityID)
values (12,805);
insert into StudentInterestGroups (InterestGroupID, StudentEntityID)
values (9,805);
insert into userEntity (UserName, EmailAddress, EntityType)
values ('JudyMoodyV129', 'JudyMoodyV129@Louisa.edu', 'STUD');
insert into student (StudentEntityID, FirstName, LastName, MiddleInitial, StreetAddress, Country,City, State,ZipCode, StudentGradeLevel, StudentGPA, StudentACTScore, StudentSATScore, StudentEthnicity, StudentGender, IncomeLevel, DaysAbsent, HoursOfWorkPlaceExp, StudentAthleteFlag, StudentGraduationTrack, StudentEmploymentFlag, StudentImage,SchoolEntityID)
values (806, 'Judy', 'Moody', 'V', '57443 Jenkins Flat', 'USA','South Maureenshire','VA','20041','Freshmen', 1.48, 0, 0,'Asian','Other','Middle Income',15,2, 'Y', 'N', 'Y', 'img/student.jpg', 12);
insert into StudentInterestGroups (InterestGroupID, StudentEntityID)
values (8,806);
insert into StudentInterestGroups (InterestGroupID, StudentEntityID)
values (2,806);
insert into StudentInterestGroups (InterestGroupID, StudentEntityID)
values (12,806);
insert into StudentInterestGroups (InterestGroupID, StudentEntityID)
values (10,806);
insert into StudentInterestGroups (InterestGroupID, StudentEntityID)
values (1,806);
insert into StudentInterestGroups (InterestGroupID, StudentEntityID)
values (6,806);
insert into StudentInterestGroups (InterestGroupID, StudentEntityID)
values (9,806);
insert into StudentInterestGroups (InterestGroupID, StudentEntityID)
values (11,806);
insert into userEntity (UserName, EmailAddress, EntityType)
values ('MatthewMayerO248', 'MatthewMayerO248@harrisonburg.edu', 'STUD');
insert into student (StudentEntityID, FirstName, LastName, MiddleInitial, StreetAddress, Country,City, State,ZipCode, StudentGradeLevel, StudentGPA, StudentACTScore, StudentSATScore, StudentEthnicity, StudentGender, IncomeLevel, DaysAbsent, HoursOfWorkPlaceExp, StudentAthleteFlag, StudentGraduationTrack, StudentEmploymentFlag, StudentImage,SchoolEntityID)
values (807, 'Matthew', 'Mayer', 'O', '79533 Powell Glen Suite 907', 'USA','Mistyland','VA','20041','Senior', 2.52, 21, 1473,'Hispanic','Male','Middle Income',5,32, 'Y', 'Y', 'N', 'img/student.jpg', 17);
insert into StudentInterestGroups (InterestGroupID, StudentEntityID)
values (12,807);
insert into StudentInterestGroups (InterestGroupID, StudentEntityID)
values (7,807);
insert into StudentInterestGroups (InterestGroupID, StudentEntityID)
values (8,807);
insert into StudentInterestGroups (InterestGroupID, StudentEntityID)
values (9,807);
insert into StudentInterestGroups (InterestGroupID, StudentEntityID)
values (5,807);
insert into StudentInterestGroups (InterestGroupID, StudentEntityID)
values (1,807);
insert into StudentInterestGroups (InterestGroupID, StudentEntityID)
values (3,807);
insert into StudentInterestGroups (InterestGroupID, StudentEntityID)
values (2,807);
insert into userEntity (UserName, EmailAddress, EntityType)
values ('JohnRecherN835', 'JohnRecherN835@Louisa.edu', 'STUD');
insert into student (StudentEntityID, FirstName, LastName, MiddleInitial, StreetAddress, Country,City, State,ZipCode, StudentGradeLevel, StudentGPA, StudentACTScore, StudentSATScore, StudentEthnicity, StudentGender, IncomeLevel, DaysAbsent, HoursOfWorkPlaceExp, StudentAthleteFlag, StudentGraduationTrack, StudentEmploymentFlag, StudentImage,SchoolEntityID)
values (808, 'John', 'Recher', 'N', '140 Sean Brooks', 'USA','Colleenburgh','VA','20040','Sophomore', 3.33, 0, 0,'Caucasian','Male','Higher Income',3,24, 'Y', 'Y', 'Y', 'img/student.jpg', 12);
insert into StudentInterestGroups (InterestGroupID, StudentEntityID)
values (4,808);
insert into StudentInterestGroups (InterestGroupID, StudentEntityID)
values (5,808);
insert into StudentInterestGroups (InterestGroupID, StudentEntityID)
values (12,808);
insert into StudentInterestGroups (InterestGroupID, StudentEntityID)
values (6,808);
insert into userEntity (UserName, EmailAddress, EntityType)
values ('RandallWattsH965', 'RandallWattsH965@rockingham.k12.va.us', 'STUD');
insert into student (StudentEntityID, FirstName, LastName, MiddleInitial, StreetAddress, Country,City, State,ZipCode, StudentGradeLevel, StudentGPA, StudentACTScore, StudentSATScore, StudentEthnicity, StudentGender, IncomeLevel, DaysAbsent, HoursOfWorkPlaceExp, StudentAthleteFlag, StudentGraduationTrack, StudentEmploymentFlag, StudentImage,SchoolEntityID)
values (809, 'Randall', 'Watts', 'H', '140 Miguel Skyway Apt. 023', 'USA','North Jenniferland','VA','20040','Junior', 1.9, 25, 873,'Caucasian','Male','Lower Income',13,22, 'Y', 'N', 'Y', 'img/student.jpg', 13);
insert into StudentInterestGroups (InterestGroupID, StudentEntityID)
values (2,809);
insert into userEntity (UserName, EmailAddress, EntityType)
values ('SpencerColemanX255', 'SpencerColemanX255@broadway.edu', 'STUD');
insert into student (StudentEntityID, FirstName, LastName, MiddleInitial, StreetAddress, Country,City, State,ZipCode, StudentGradeLevel, StudentGPA, StudentACTScore, StudentSATScore, StudentEthnicity, StudentGender, IncomeLevel, DaysAbsent, HoursOfWorkPlaceExp, StudentAthleteFlag, StudentGraduationTrack, StudentEmploymentFlag, StudentImage,SchoolEntityID)
values (810, 'Spencer', 'Coleman', 'X', '4562 Kaiser Underpass', 'USA','South Lauraside','VA','20040','Sophomore', 2.47, 0, 0,'Caucasian','Male','Middle Income',6,16, 'Y', 'Y', 'Y', 'img/student.jpg', 16);
insert into StudentInterestGroups (InterestGroupID, StudentEntityID)
values (7,810);
insert into StudentInterestGroups (InterestGroupID, StudentEntityID)
values (12,810);
insert into StudentInterestGroups (InterestGroupID, StudentEntityID)
values (1,810);
insert into userEntity (UserName, EmailAddress, EntityType)
values ('JohnTollerB284', 'JohnTollerB284@spotswood.edu', 'STUD');
insert into student (StudentEntityID, FirstName, LastName, MiddleInitial, StreetAddress, Country,City, State,ZipCode, StudentGradeLevel, StudentGPA, StudentACTScore, StudentSATScore, StudentEthnicity, StudentGender, IncomeLevel, DaysAbsent, HoursOfWorkPlaceExp, StudentAthleteFlag, StudentGraduationTrack, StudentEmploymentFlag, StudentImage,SchoolEntityID)
values (811, 'John', 'Toller', 'B', '1128 Reid Estates Suite 534', 'USA','East Madeline','VA','20041','Sophomore', 1.27, 0, 0,'Caucasian','Male','Middle Income',15,0, 'N', 'N', 'Y', 'img/student.jpg', 14);
insert into StudentInterestGroups (InterestGroupID, StudentEntityID)
values (6,811);
insert into StudentInterestGroups (InterestGroupID, StudentEntityID)
values (7,811);
insert into StudentInterestGroups (InterestGroupID, StudentEntityID)
values (11,811);
insert into userEntity (UserName, EmailAddress, EntityType)
values ('RonaldStewartC257', 'RonaldStewartC257@harrisonburg.edu', 'STUD');
insert into student (StudentEntityID, FirstName, LastName, MiddleInitial, StreetAddress, Country,City, State,ZipCode, StudentGradeLevel, StudentGPA, StudentACTScore, StudentSATScore, StudentEthnicity, StudentGender, IncomeLevel, DaysAbsent, HoursOfWorkPlaceExp, StudentAthleteFlag, StudentGraduationTrack, StudentEmploymentFlag, StudentImage,SchoolEntityID)
values (812, 'Ronald', 'Stewart', 'C', '905 Chang Burg Apt. 402', 'USA','South Paulfurt','VA','20041','Junior', 2.28, 19, 1057,'Caucasian','Male','Lower Income',3,23, 'Y', 'Y', 'N', 'img/student.jpg', 17);
insert into StudentInterestGroups (InterestGroupID, StudentEntityID)
values (12,812);
insert into StudentInterestGroups (InterestGroupID, StudentEntityID)
values (1,812);
insert into StudentInterestGroups (InterestGroupID, StudentEntityID)
values (4,812);
insert into StudentInterestGroups (InterestGroupID, StudentEntityID)
values (9,812);
insert into StudentInterestGroups (InterestGroupID, StudentEntityID)
values (7,812);
insert into userEntity (UserName, EmailAddress, EntityType)
values ('LindaShoemakerZ755', 'LindaShoemakerZ755@spotswood.edu', 'STUD');
insert into student (StudentEntityID, FirstName, LastName, MiddleInitial, StreetAddress, Country,City, State,ZipCode, StudentGradeLevel, StudentGPA, StudentACTScore, StudentSATScore, StudentEthnicity, StudentGender, IncomeLevel, DaysAbsent, HoursOfWorkPlaceExp, StudentAthleteFlag, StudentGraduationTrack, StudentEmploymentFlag, StudentImage,SchoolEntityID)
values (813, 'Linda', 'Shoemaker', 'Z', '15405 Timothy Shoal', 'USA','North Tammy','VA','20041','Sophomore', 2.55, 0, 0,'Hispanic','Female','Lower Income',3,19, 'N', 'Y', 'Y', 'img/student.jpg', 14);
insert into StudentInterestGroups (InterestGroupID, StudentEntityID)
values (10,813);
insert into userEntity (UserName, EmailAddress, EntityType)
values ('RyanWalkerY322', 'RyanWalkerY322@Louisa.edu', 'STUD');
insert into student (StudentEntityID, FirstName, LastName, MiddleInitial, StreetAddress, Country,City, State,ZipCode, StudentGradeLevel, StudentGPA, StudentACTScore, StudentSATScore, StudentEthnicity, StudentGender, IncomeLevel, DaysAbsent, HoursOfWorkPlaceExp, StudentAthleteFlag, StudentGraduationTrack, StudentEmploymentFlag, StudentImage,SchoolEntityID)
values (814, 'Ryan', 'Walker', 'Y', '235 Jones Square', 'USA','East Karenhaven','VA','20040','Sophomore', 1.03, 0, 0,'Caucasian','Male','Middle Income',14,3, 'Y', 'N', 'Y', 'img/student.jpg', 12);
insert into StudentInterestGroups (InterestGroupID, StudentEntityID)
values (10,814);
insert into StudentInterestGroups (InterestGroupID, StudentEntityID)
values (7,814);
insert into StudentInterestGroups (InterestGroupID, StudentEntityID)
values (5,814);
insert into StudentInterestGroups (InterestGroupID, StudentEntityID)
values (11,814);
insert into StudentInterestGroups (InterestGroupID, StudentEntityID)
values (9,814);
insert into StudentInterestGroups (InterestGroupID, StudentEntityID)
values (2,814);
insert into StudentInterestGroups (InterestGroupID, StudentEntityID)
values (3,814);
insert into StudentInterestGroups (InterestGroupID, StudentEntityID)
values (4,814);
insert into userEntity (UserName, EmailAddress, EntityType)
values ('JoshuaBlockerT598', 'JoshuaBlockerT598@turnerAshby.edu', 'STUD');
insert into student (StudentEntityID, FirstName, LastName, MiddleInitial, StreetAddress, Country,City, State,ZipCode, StudentGradeLevel, StudentGPA, StudentACTScore, StudentSATScore, StudentEthnicity, StudentGender, IncomeLevel, DaysAbsent, HoursOfWorkPlaceExp, StudentAthleteFlag, StudentGraduationTrack, StudentEmploymentFlag, StudentImage,SchoolEntityID)
values (815, 'Joshua', 'Blocker', 'T', '637 Park Stravenue Apt. 401', 'USA','Andersontown','VA','20040','Senior', 1.32, 18, 738,'Hispanic','Male','Middle Income',13,17, 'N', 'N', 'N', 'img/student.jpg', 15);
insert into StudentInterestGroups (InterestGroupID, StudentEntityID)
values (2,815);
insert into userEntity (UserName, EmailAddress, EntityType)
values ('TonyVelasquezK183', 'TonyVelasquezK183@harrisonburg.edu', 'STUD');
insert into student (StudentEntityID, FirstName, LastName, MiddleInitial, StreetAddress, Country,City, State,ZipCode, StudentGradeLevel, StudentGPA, StudentACTScore, StudentSATScore, StudentEthnicity, StudentGender, IncomeLevel, DaysAbsent, HoursOfWorkPlaceExp, StudentAthleteFlag, StudentGraduationTrack, StudentEmploymentFlag, StudentImage,SchoolEntityID)
values (816, 'Tony', 'Velasquez', 'K', '644 Sarah Villages Apt. 349', 'USA','Anneport','VA','20040','Junior', 1.38, 18, 842,'Caucasian','Male','Middle Income',15,18, 'Y', 'N', 'Y', 'img/student.jpg', 17);
insert into StudentInterestGroups (InterestGroupID, StudentEntityID)
values (7,816);
insert into StudentInterestGroups (InterestGroupID, StudentEntityID)
values (9,816);
insert into StudentInterestGroups (InterestGroupID, StudentEntityID)
values (2,816);
insert into StudentInterestGroups (InterestGroupID, StudentEntityID)
values (10,816);
insert into userEntity (UserName, EmailAddress, EntityType)
values ('StevenCancholaG371', 'StevenCancholaG371@Louisa.edu', 'STUD');
insert into student (StudentEntityID, FirstName, LastName, MiddleInitial, StreetAddress, Country,City, State,ZipCode, StudentGradeLevel, StudentGPA, StudentACTScore, StudentSATScore, StudentEthnicity, StudentGender, IncomeLevel, DaysAbsent, HoursOfWorkPlaceExp, StudentAthleteFlag, StudentGraduationTrack, StudentEmploymentFlag, StudentImage,SchoolEntityID)
values (817, 'Steven', 'Canchola', 'G', '724 Dean Walks', 'USA','Kimberlyport','VA','20041','Junior', 2.23, 22, 1358,'Caucasian','Male','Lower Income',11,27, 'Y', 'Y', 'Y', 'img/student.jpg', 12);
insert into StudentInterestGroups (InterestGroupID, StudentEntityID)
values (10,817);
insert into StudentInterestGroups (InterestGroupID, StudentEntityID)
values (5,817);
insert into StudentInterestGroups (InterestGroupID, StudentEntityID)
values (7,817);
insert into StudentInterestGroups (InterestGroupID, StudentEntityID)
values (12,817);
insert into StudentInterestGroups (InterestGroupID, StudentEntityID)
values (9,817);
insert into StudentInterestGroups (InterestGroupID, StudentEntityID)
values (1,817);
insert into StudentInterestGroups (InterestGroupID, StudentEntityID)
values (3,817);
insert into userEntity (UserName, EmailAddress, EntityType)
values ('RichardPrattI670', 'RichardPrattI670@rockingham.k12.va.us', 'STUD');
insert into student (StudentEntityID, FirstName, LastName, MiddleInitial, StreetAddress, Country,City, State,ZipCode, StudentGradeLevel, StudentGPA, StudentACTScore, StudentSATScore, StudentEthnicity, StudentGender, IncomeLevel, DaysAbsent, HoursOfWorkPlaceExp, StudentAthleteFlag, StudentGraduationTrack, StudentEmploymentFlag, StudentImage,SchoolEntityID)
values (818, 'Richard', 'Pratt', 'I', '020 John Islands Apt. 550', 'USA','West Mary','VA','20041','Junior', 2.1, 25, 994,'Caucasian','Male','Higher Income',12,24, 'Y', 'Y', 'N', 'img/student.jpg', 13);
insert into StudentInterestGroups (InterestGroupID, StudentEntityID)
values (4,818);
insert into StudentInterestGroups (InterestGroupID, StudentEntityID)
values (11,818);
insert into StudentInterestGroups (InterestGroupID, StudentEntityID)
values (3,818);
insert into userEntity (UserName, EmailAddress, EntityType)
values ('JosephPugliaresS775', 'JosephPugliaresS775@rockingham.k12.va.us', 'STUD');
insert into student (StudentEntityID, FirstName, LastName, MiddleInitial, StreetAddress, Country,City, State,ZipCode, StudentGradeLevel, StudentGPA, StudentACTScore, StudentSATScore, StudentEthnicity, StudentGender, IncomeLevel, DaysAbsent, HoursOfWorkPlaceExp, StudentAthleteFlag, StudentGraduationTrack, StudentEmploymentFlag, StudentImage,SchoolEntityID)
values (819, 'Joseph', 'Pugliares', 'S', '637 Barbara Squares', 'USA','Harrisburgh','VA','20040','Junior', 1.28, 16, 914,'Caucasian','Male','Middle Income',14,19, 'N', 'N', 'N', 'img/student.jpg', 13);
insert into StudentInterestGroups (InterestGroupID, StudentEntityID)
values (3,819);
insert into StudentInterestGroups (InterestGroupID, StudentEntityID)
values (8,819);
insert into StudentInterestGroups (InterestGroupID, StudentEntityID)
values (11,819);
insert into StudentInterestGroups (InterestGroupID, StudentEntityID)
values (9,819);
insert into StudentInterestGroups (InterestGroupID, StudentEntityID)
values (2,819);
insert into StudentInterestGroups (InterestGroupID, StudentEntityID)
values (12,819);
insert into userEntity (UserName, EmailAddress, EntityType)
values ('CharlesCooperA435', 'CharlesCooperA435@broadway.edu', 'STUD');
insert into student (StudentEntityID, FirstName, LastName, MiddleInitial, StreetAddress, Country,City, State,ZipCode, StudentGradeLevel, StudentGPA, StudentACTScore, StudentSATScore, StudentEthnicity, StudentGender, IncomeLevel, DaysAbsent, HoursOfWorkPlaceExp, StudentAthleteFlag, StudentGraduationTrack, StudentEmploymentFlag, StudentImage,SchoolEntityID)
values (820, 'Charles', 'Cooper', 'A', '643 Frye Overpass Suite 510', 'USA','Brittanybury','VA','20040','Freshmen', 2.74, 0, 0,'Pacific Islander','Male','Middle Income',0,14, 'Y', 'Y', 'N', 'img/student.jpg', 16);
insert into StudentInterestGroups (InterestGroupID, StudentEntityID)
values (5,820);
insert into StudentInterestGroups (InterestGroupID, StudentEntityID)
values (6,820);
insert into StudentInterestGroups (InterestGroupID, StudentEntityID)
values (7,820);
insert into StudentInterestGroups (InterestGroupID, StudentEntityID)
values (12,820);
insert into StudentInterestGroups (InterestGroupID, StudentEntityID)
values (10,820);
insert into userEntity (UserName, EmailAddress, EntityType)
values ('BeverlyMathewC33', 'BeverlyMathewC33@harrisonburg.edu', 'STUD');
insert into student (StudentEntityID, FirstName, LastName, MiddleInitial, StreetAddress, Country,City, State,ZipCode, StudentGradeLevel, StudentGPA, StudentACTScore, StudentSATScore, StudentEthnicity, StudentGender, IncomeLevel, DaysAbsent, HoursOfWorkPlaceExp, StudentAthleteFlag, StudentGraduationTrack, StudentEmploymentFlag, StudentImage,SchoolEntityID)
values (821, 'Beverly', 'Mathew', 'C', '8178 Cervantes Stravenue', 'USA','Johnsonfurt','VA','20040','Sophomore', 1.1, 0, 0,'Not selected or Other','Other','Middle Income',14,6, 'N', 'N', 'N', 'img/student.jpg', 17);
insert into StudentInterestGroups (InterestGroupID, StudentEntityID)
values (10,821);
insert into userEntity (UserName, EmailAddress, EntityType)
values ('ChristopherHenryH552', 'ChristopherHenryH552@turnerAshby.edu', 'STUD');
insert into student (StudentEntityID, FirstName, LastName, MiddleInitial, StreetAddress, Country,City, State,ZipCode, StudentGradeLevel, StudentGPA, StudentACTScore, StudentSATScore, StudentEthnicity, StudentGender, IncomeLevel, DaysAbsent, HoursOfWorkPlaceExp, StudentAthleteFlag, StudentGraduationTrack, StudentEmploymentFlag, StudentImage,SchoolEntityID)
values (822, 'Christopher', 'Henry', 'H', '0995 Williams Pine', 'USA','Jensenborough','VA','20040','Sophomore', 3.37, 0, 0,'Caucasian','Male','Middle Income',4,19, 'Y', 'Y', 'Y', 'img/student.jpg', 15);
insert into StudentInterestGroups (InterestGroupID, StudentEntityID)
values (7,822);
insert into StudentInterestGroups (InterestGroupID, StudentEntityID)
values (10,822);
insert into StudentInterestGroups (InterestGroupID, StudentEntityID)
values (12,822);
insert into StudentInterestGroups (InterestGroupID, StudentEntityID)
values (11,822);
insert into userEntity (UserName, EmailAddress, EntityType)
values ('DavidThomasonO226', 'DavidThomasonO226@turnerAshby.edu', 'STUD');
insert into student (StudentEntityID, FirstName, LastName, MiddleInitial, StreetAddress, Country,City, State,ZipCode, StudentGradeLevel, StudentGPA, StudentACTScore, StudentSATScore, StudentEthnicity, StudentGender, IncomeLevel, DaysAbsent, HoursOfWorkPlaceExp, StudentAthleteFlag, StudentGraduationTrack, StudentEmploymentFlag, StudentImage,SchoolEntityID)
values (823, 'David', 'Thomason', 'O', '615 Moore Dam', 'USA','Colemanside','VA','20041','Freshmen', 3.97, 0, 0,'Hispanic','Male','Middle Income',4,17, 'N', 'Y', 'N', 'img/student.jpg', 15);
insert into StudentInterestGroups (InterestGroupID, StudentEntityID)
values (1,823);
insert into StudentInterestGroups (InterestGroupID, StudentEntityID)
values (6,823);
insert into StudentInterestGroups (InterestGroupID, StudentEntityID)
values (7,823);
insert into StudentInterestGroups (InterestGroupID, StudentEntityID)
values (11,823);
insert into StudentInterestGroups (InterestGroupID, StudentEntityID)
values (3,823);
insert into userEntity (UserName, EmailAddress, EntityType)
values ('MonicaDiffeyY712', 'MonicaDiffeyY712@rockingham.k12.va.us', 'STUD');
insert into student (StudentEntityID, FirstName, LastName, MiddleInitial, StreetAddress, Country,City, State,ZipCode, StudentGradeLevel, StudentGPA, StudentACTScore, StudentSATScore, StudentEthnicity, StudentGender, IncomeLevel, DaysAbsent, HoursOfWorkPlaceExp, StudentAthleteFlag, StudentGraduationTrack, StudentEmploymentFlag, StudentImage,SchoolEntityID)
values (824, 'Monica', 'Diffey', 'Y', '21263 Richard Road Suite 007', 'USA','Rodrigueztown','VA','20040','Senior', 1.6, 22, 870,'Caucasian','Female','Higher Income',15,26, 'Y', 'N', 'Y', 'img/student.jpg', 13);
insert into StudentInterestGroups (InterestGroupID, StudentEntityID)
values (7,824);
insert into StudentInterestGroups (InterestGroupID, StudentEntityID)
values (5,824);
insert into StudentInterestGroups (InterestGroupID, StudentEntityID)
values (2,824);
insert into StudentInterestGroups (InterestGroupID, StudentEntityID)
values (3,824);
insert into StudentInterestGroups (InterestGroupID, StudentEntityID)
values (8,824);
insert into StudentInterestGroups (InterestGroupID, StudentEntityID)
values (6,824);
insert into userEntity (UserName, EmailAddress, EntityType)
values ('MichaelRamosC788', 'MichaelRamosC788@broadway.edu', 'STUD');
insert into student (StudentEntityID, FirstName, LastName, MiddleInitial, StreetAddress, Country,City, State,ZipCode, StudentGradeLevel, StudentGPA, StudentACTScore, StudentSATScore, StudentEthnicity, StudentGender, IncomeLevel, DaysAbsent, HoursOfWorkPlaceExp, StudentAthleteFlag, StudentGraduationTrack, StudentEmploymentFlag, StudentImage,SchoolEntityID)
values (825, 'Michael', 'Ramos', 'C', '846 Cantrell Parkway', 'USA','Port Nicholas','VA','20040','Sophomore', 2.24, 0, 0,'African American','Male','Lower Income',8,17, 'Y', 'Y', 'Y', 'img/student.jpg', 16);
insert into StudentInterestGroups (InterestGroupID, StudentEntityID)
values (2,825);
insert into StudentInterestGroups (InterestGroupID, StudentEntityID)
values (7,825);
insert into userEntity (UserName, EmailAddress, EntityType)
values ('ShellyObrienW379', 'ShellyObrienW379@turnerAshby.edu', 'STUD');
insert into student (StudentEntityID, FirstName, LastName, MiddleInitial, StreetAddress, Country,City, State,ZipCode, StudentGradeLevel, StudentGPA, StudentACTScore, StudentSATScore, StudentEthnicity, StudentGender, IncomeLevel, DaysAbsent, HoursOfWorkPlaceExp, StudentAthleteFlag, StudentGraduationTrack, StudentEmploymentFlag, StudentImage,SchoolEntityID)
values (826, 'Shelly', 'Obrien', 'W', '57261 Harper Wall Suite 432', 'USA','East Victor','VA','20040','Freshmen', 3.71, 0, 0,'Caucasian','Female','Higher Income',2,17, 'N', 'Y', 'N', 'img/student.jpg', 15);
insert into StudentInterestGroups (InterestGroupID, StudentEntityID)
values (6,826);
insert into StudentInterestGroups (InterestGroupID, StudentEntityID)
values (5,826);
insert into StudentInterestGroups (InterestGroupID, StudentEntityID)
values (3,826);
insert into StudentInterestGroups (InterestGroupID, StudentEntityID)
values (1,826);
insert into userEntity (UserName, EmailAddress, EntityType)
values ('KerriDennisonW240', 'KerriDennisonW240@spotswood.edu', 'STUD');
insert into student (StudentEntityID, FirstName, LastName, MiddleInitial, StreetAddress, Country,City, State,ZipCode, StudentGradeLevel, StudentGPA, StudentACTScore, StudentSATScore, StudentEthnicity, StudentGender, IncomeLevel, DaysAbsent, HoursOfWorkPlaceExp, StudentAthleteFlag, StudentGraduationTrack, StudentEmploymentFlag, StudentImage,SchoolEntityID)
values (827, 'Kerri', 'Dennison', 'W', '401 Wright Manors Apt. 095', 'USA','Cherylburgh','VA','20040','Junior', 2.61, 34, 1452,'Caucasian','Female','Lower Income',1,31, 'Y', 'Y', 'Y', 'img/student.jpg', 14);
insert into StudentInterestGroups (InterestGroupID, StudentEntityID)
values (1,827);
insert into userEntity (UserName, EmailAddress, EntityType)
values ('AndrewHartisK321', 'AndrewHartisK321@harrisonburg.edu', 'STUD');
insert into student (StudentEntityID, FirstName, LastName, MiddleInitial, StreetAddress, Country,City, State,ZipCode, StudentGradeLevel, StudentGPA, StudentACTScore, StudentSATScore, StudentEthnicity, StudentGender, IncomeLevel, DaysAbsent, HoursOfWorkPlaceExp, StudentAthleteFlag, StudentGraduationTrack, StudentEmploymentFlag, StudentImage,SchoolEntityID)
values (828, 'Andrew', 'Hartis', 'K', '46776 Michael Wells', 'USA','Grantberg','VA','20040','Senior', 2.37, 19, 812,'Caucasian','Male','Lower Income',11,39, 'N', 'Y', 'Y', 'img/student.jpg', 17);
insert into StudentInterestGroups (InterestGroupID, StudentEntityID)
values (1,828);
insert into StudentInterestGroups (InterestGroupID, StudentEntityID)
values (9,828);
insert into StudentInterestGroups (InterestGroupID, StudentEntityID)
values (10,828);
insert into StudentInterestGroups (InterestGroupID, StudentEntityID)
values (5,828);
insert into userEntity (UserName, EmailAddress, EntityType)
values ('BeverlyGoshayU568', 'BeverlyGoshayU568@harrisonburg.edu', 'STUD');
insert into student (StudentEntityID, FirstName, LastName, MiddleInitial, StreetAddress, Country,City, State,ZipCode, StudentGradeLevel, StudentGPA, StudentACTScore, StudentSATScore, StudentEthnicity, StudentGender, IncomeLevel, DaysAbsent, HoursOfWorkPlaceExp, StudentAthleteFlag, StudentGraduationTrack, StudentEmploymentFlag, StudentImage,SchoolEntityID)
values (829, 'Beverly', 'Goshay', 'U', '926 Santos Center Apt. 230', 'USA','Donnaport','VA','20040','Junior', 2.05, 17, 1239,'African American','Female','Lower Income',5,21, 'Y', 'Y', 'Y', 'img/student.jpg', 17);
insert into StudentInterestGroups (InterestGroupID, StudentEntityID)
values (1,829);
insert into StudentInterestGroups (InterestGroupID, StudentEntityID)
values (5,829);
insert into StudentInterestGroups (InterestGroupID, StudentEntityID)
values (7,829);
insert into userEntity (UserName, EmailAddress, EntityType)
values ('LisaJonesU133', 'LisaJonesU133@turnerAshby.edu', 'STUD');
insert into student (StudentEntityID, FirstName, LastName, MiddleInitial, StreetAddress, Country,City, State,ZipCode, StudentGradeLevel, StudentGPA, StudentACTScore, StudentSATScore, StudentEthnicity, StudentGender, IncomeLevel, DaysAbsent, HoursOfWorkPlaceExp, StudentAthleteFlag, StudentGraduationTrack, StudentEmploymentFlag, StudentImage,SchoolEntityID)
values (830, 'Lisa', 'Jones', 'U', '62415 Arias Ridge Apt. 422', 'USA','Larsonport','VA','20041','Sophomore', 2.46, 0, 0,'Caucasian','Female','Middle Income',3,20, 'N', 'Y', 'Y', 'img/student.jpg', 15);
insert into StudentInterestGroups (InterestGroupID, StudentEntityID)
values (4,830);
insert into StudentInterestGroups (InterestGroupID, StudentEntityID)
values (6,830);
insert into StudentInterestGroups (InterestGroupID, StudentEntityID)
values (10,830);
insert into StudentInterestGroups (InterestGroupID, StudentEntityID)
values (7,830);
insert into StudentInterestGroups (InterestGroupID, StudentEntityID)
values (2,830);
insert into userEntity (UserName, EmailAddress, EntityType)
values ('JadwigaPopeQ938', 'JadwigaPopeQ938@turnerAshby.edu', 'STUD');
insert into student (StudentEntityID, FirstName, LastName, MiddleInitial, StreetAddress, Country,City, State,ZipCode, StudentGradeLevel, StudentGPA, StudentACTScore, StudentSATScore, StudentEthnicity, StudentGender, IncomeLevel, DaysAbsent, HoursOfWorkPlaceExp, StudentAthleteFlag, StudentGraduationTrack, StudentEmploymentFlag, StudentImage,SchoolEntityID)
values (831, 'Jadwiga', 'Pope', 'Q', '51279 Amy Views Suite 460', 'USA','New Shawnland','VA','20040','Senior', 3.59, 30, 1304,'Not selected or Other','Female','Middle Income',5,42, 'Y', 'Y', 'Y', 'img/student.jpg', 15);
insert into StudentInterestGroups (InterestGroupID, StudentEntityID)
values (10,831);
insert into StudentInterestGroups (InterestGroupID, StudentEntityID)
values (7,831);
insert into StudentInterestGroups (InterestGroupID, StudentEntityID)
values (8,831);
insert into StudentInterestGroups (InterestGroupID, StudentEntityID)
values (9,831);
insert into userEntity (UserName, EmailAddress, EntityType)
values ('CharlesChaJ665', 'CharlesChaJ665@broadway.edu', 'STUD');
insert into student (StudentEntityID, FirstName, LastName, MiddleInitial, StreetAddress, Country,City, State,ZipCode, StudentGradeLevel, StudentGPA, StudentACTScore, StudentSATScore, StudentEthnicity, StudentGender, IncomeLevel, DaysAbsent, HoursOfWorkPlaceExp, StudentAthleteFlag, StudentGraduationTrack, StudentEmploymentFlag, StudentImage,SchoolEntityID)
values (832, 'Charles', 'Cha', 'J', '835 Smith Expressway', 'USA','Saundersfort','VA','20040','Sophomore', 3.93, 0, 0,'Caucasian','Male','Lower Income',4,25, 'N', 'Y', 'N', 'img/student.jpg', 16);
insert into StudentInterestGroups (InterestGroupID, StudentEntityID)
values (6,832);
insert into StudentInterestGroups (InterestGroupID, StudentEntityID)
values (2,832);
insert into StudentInterestGroups (InterestGroupID, StudentEntityID)
values (10,832);
insert into StudentInterestGroups (InterestGroupID, StudentEntityID)
values (5,832);
insert into userEntity (UserName, EmailAddress, EntityType)
values ('DavidTaylorC919', 'DavidTaylorC919@turnerAshby.edu', 'STUD');
insert into student (StudentEntityID, FirstName, LastName, MiddleInitial, StreetAddress, Country,City, State,ZipCode, StudentGradeLevel, StudentGPA, StudentACTScore, StudentSATScore, StudentEthnicity, StudentGender, IncomeLevel, DaysAbsent, HoursOfWorkPlaceExp, StudentAthleteFlag, StudentGraduationTrack, StudentEmploymentFlag, StudentImage,SchoolEntityID)
values (833, 'David', 'Taylor', 'C', '0320 Kevin Plains', 'USA','Stevenmouth','VA','20041','Senior', 2.13, 26, 839,'Not selected or Other','Male','Higher Income',5,30, 'N', 'Y', 'N', 'img/student.jpg', 15);
insert into StudentInterestGroups (InterestGroupID, StudentEntityID)
values (9,833);
insert into userEntity (UserName, EmailAddress, EntityType)
values ('BobbyUlmanU334', 'BobbyUlmanU334@rockingham.k12.va.us', 'STUD');
insert into student (StudentEntityID, FirstName, LastName, MiddleInitial, StreetAddress, Country,City, State,ZipCode, StudentGradeLevel, StudentGPA, StudentACTScore, StudentSATScore, StudentEthnicity, StudentGender, IncomeLevel, DaysAbsent, HoursOfWorkPlaceExp, StudentAthleteFlag, StudentGraduationTrack, StudentEmploymentFlag, StudentImage,SchoolEntityID)
values (834, 'Bobby', 'Ulman', 'U', '97197 Denise Parkway', 'USA','Amandamouth','VA','20041','Junior', 3.8, 35, 1360,'Caucasian','Male','Lower Income',5,34, 'N', 'Y', 'Y', 'img/student.jpg', 13);
insert into StudentInterestGroups (InterestGroupID, StudentEntityID)
values (10,834);
insert into userEntity (UserName, EmailAddress, EntityType)
values ('CecilKelloggT784', 'CecilKelloggT784@Louisa.edu', 'STUD');
insert into student (StudentEntityID, FirstName, LastName, MiddleInitial, StreetAddress, Country,City, State,ZipCode, StudentGradeLevel, StudentGPA, StudentACTScore, StudentSATScore, StudentEthnicity, StudentGender, IncomeLevel, DaysAbsent, HoursOfWorkPlaceExp, StudentAthleteFlag, StudentGraduationTrack, StudentEmploymentFlag, StudentImage,SchoolEntityID)
values (835, 'Cecil', 'Kellogg', 'T', '225 Clark Valleys', 'USA','Williamland','VA','20041','Freshmen', 1.77, 0, 0,'Caucasian','Male','Lower Income',13,0, 'Y', 'N', 'Y', 'img/student.jpg', 12);
insert into StudentInterestGroups (InterestGroupID, StudentEntityID)
values (11,835);
insert into StudentInterestGroups (InterestGroupID, StudentEntityID)
values (2,835);
insert into StudentInterestGroups (InterestGroupID, StudentEntityID)
values (10,835);
insert into StudentInterestGroups (InterestGroupID, StudentEntityID)
values (3,835);
insert into userEntity (UserName, EmailAddress, EntityType)
values ('RonLambertF772', 'RonLambertF772@spotswood.edu', 'STUD');
insert into student (StudentEntityID, FirstName, LastName, MiddleInitial, StreetAddress, Country,City, State,ZipCode, StudentGradeLevel, StudentGPA, StudentACTScore, StudentSATScore, StudentEthnicity, StudentGender, IncomeLevel, DaysAbsent, HoursOfWorkPlaceExp, StudentAthleteFlag, StudentGraduationTrack, StudentEmploymentFlag, StudentImage,SchoolEntityID)
values (836, 'Ron', 'Lambert', 'F', '31497 Gibbs Run Suite 457', 'USA','New Brandonview','VA','20041','Freshmen', 3.4, 0, 0,'Caucasian','Male','Higher Income',3,20, 'N', 'Y', 'N', 'img/student.jpg', 14);
insert into StudentInterestGroups (InterestGroupID, StudentEntityID)
values (2,836);
insert into StudentInterestGroups (InterestGroupID, StudentEntityID)
values (5,836);
insert into StudentInterestGroups (InterestGroupID, StudentEntityID)
values (9,836);
insert into userEntity (UserName, EmailAddress, EntityType)
values ('AnthonySassG354', 'AnthonySassG354@turnerAshby.edu', 'STUD');
insert into student (StudentEntityID, FirstName, LastName, MiddleInitial, StreetAddress, Country,City, State,ZipCode, StudentGradeLevel, StudentGPA, StudentACTScore, StudentSATScore, StudentEthnicity, StudentGender, IncomeLevel, DaysAbsent, HoursOfWorkPlaceExp, StudentAthleteFlag, StudentGraduationTrack, StudentEmploymentFlag, StudentImage,SchoolEntityID)
values (837, 'Anthony', 'Sass', 'G', '58523 Randall Brooks Suite 930', 'USA','Boydland','VA','20041','Freshmen', 1.13, 0, 0,'Asian','Male','Lower Income',15,5, 'Y', 'N', 'N', 'img/student.jpg', 15);
insert into StudentInterestGroups (InterestGroupID, StudentEntityID)
values (3,837);
insert into StudentInterestGroups (InterestGroupID, StudentEntityID)
values (6,837);
insert into StudentInterestGroups (InterestGroupID, StudentEntityID)
values (9,837);
insert into StudentInterestGroups (InterestGroupID, StudentEntityID)
values (4,837);
insert into StudentInterestGroups (InterestGroupID, StudentEntityID)
values (5,837);
insert into StudentInterestGroups (InterestGroupID, StudentEntityID)
values (8,837);
insert into StudentInterestGroups (InterestGroupID, StudentEntityID)
values (12,837);
insert into userEntity (UserName, EmailAddress, EntityType)
values ('JudyShiverH973', 'JudyShiverH973@Louisa.edu', 'STUD');
insert into student (StudentEntityID, FirstName, LastName, MiddleInitial, StreetAddress, Country,City, State,ZipCode, StudentGradeLevel, StudentGPA, StudentACTScore, StudentSATScore, StudentEthnicity, StudentGender, IncomeLevel, DaysAbsent, HoursOfWorkPlaceExp, StudentAthleteFlag, StudentGraduationTrack, StudentEmploymentFlag, StudentImage,SchoolEntityID)
values (838, 'Judy', 'Shiver', 'H', '3752 Andrew Road', 'USA','North Cynthiaton','VA','20040','Freshmen', 3.86, 0, 0,'Asian','Female','Lower Income',2,17, 'Y', 'Y', 'N', 'img/student.jpg', 12);
insert into StudentInterestGroups (InterestGroupID, StudentEntityID)
values (11,838);
insert into StudentInterestGroups (InterestGroupID, StudentEntityID)
values (3,838);
insert into StudentInterestGroups (InterestGroupID, StudentEntityID)
values (7,838);
insert into userEntity (UserName, EmailAddress, EntityType)
values ('WeldonFlemingS645', 'WeldonFlemingS645@rockingham.k12.va.us', 'STUD');
insert into student (StudentEntityID, FirstName, LastName, MiddleInitial, StreetAddress, Country,City, State,ZipCode, StudentGradeLevel, StudentGPA, StudentACTScore, StudentSATScore, StudentEthnicity, StudentGender, IncomeLevel, DaysAbsent, HoursOfWorkPlaceExp, StudentAthleteFlag, StudentGraduationTrack, StudentEmploymentFlag, StudentImage,SchoolEntityID)
values (839, 'Weldon', 'Fleming', 'S', '4371 Tyler Club', 'USA','Darinfurt','VA','20040','Freshmen', 2.12, 0, 0,'Caucasian','Male','Higher Income',6,9, 'N', 'Y', 'N', 'img/student.jpg', 13);
insert into StudentInterestGroups (InterestGroupID, StudentEntityID)
values (12,839);
insert into StudentInterestGroups (InterestGroupID, StudentEntityID)
values (11,839);
insert into StudentInterestGroups (InterestGroupID, StudentEntityID)
values (10,839);
insert into StudentInterestGroups (InterestGroupID, StudentEntityID)
values (2,839);
insert into userEntity (UserName, EmailAddress, EntityType)
values ('DanielRegisterQ150', 'DanielRegisterQ150@harrisonburg.edu', 'STUD');
insert into student (StudentEntityID, FirstName, LastName, MiddleInitial, StreetAddress, Country,City, State,ZipCode, StudentGradeLevel, StudentGPA, StudentACTScore, StudentSATScore, StudentEthnicity, StudentGender, IncomeLevel, DaysAbsent, HoursOfWorkPlaceExp, StudentAthleteFlag, StudentGraduationTrack, StudentEmploymentFlag, StudentImage,SchoolEntityID)
values (840, 'Daniel', 'Register', 'Q', '977 Joseph Inlet Suite 082', 'USA','Millerborough','VA','20041','Sophomore', 3.42, 0, 0,'Hispanic','Other','Higher Income',1,21, 'Y', 'Y', 'N', 'img/student.jpg', 17);
insert into StudentInterestGroups (InterestGroupID, StudentEntityID)
values (7,840);
insert into StudentInterestGroups (InterestGroupID, StudentEntityID)
values (3,840);
insert into StudentInterestGroups (InterestGroupID, StudentEntityID)
values (2,840);
insert into StudentInterestGroups (InterestGroupID, StudentEntityID)
values (4,840);
insert into StudentInterestGroups (InterestGroupID, StudentEntityID)
values (11,840);
insert into StudentInterestGroups (InterestGroupID, StudentEntityID)
values (6,840);
insert into StudentInterestGroups (InterestGroupID, StudentEntityID)
values (1,840);
insert into StudentInterestGroups (InterestGroupID, StudentEntityID)
values (12,840);
insert into userEntity (UserName, EmailAddress, EntityType)
values ('LynetteBenitezY140', 'LynetteBenitezY140@rockingham.k12.va.us', 'STUD');
insert into student (StudentEntityID, FirstName, LastName, MiddleInitial, StreetAddress, Country,City, State,ZipCode, StudentGradeLevel, StudentGPA, StudentACTScore, StudentSATScore, StudentEthnicity, StudentGender, IncomeLevel, DaysAbsent, HoursOfWorkPlaceExp, StudentAthleteFlag, StudentGraduationTrack, StudentEmploymentFlag, StudentImage,SchoolEntityID)
values (841, 'Lynette', 'Benitez', 'Y', '47836 Johnson Spring Suite 890', 'USA','Nelsonmouth','VA','20041','Sophomore', 1.25, 0, 0,'Asian','Female','Middle Income',13,7, 'N', 'N', 'N', 'img/student.jpg', 13);
insert into StudentInterestGroups (InterestGroupID, StudentEntityID)
values (11,841);
insert into StudentInterestGroups (InterestGroupID, StudentEntityID)
values (7,841);
insert into StudentInterestGroups (InterestGroupID, StudentEntityID)
values (12,841);
insert into StudentInterestGroups (InterestGroupID, StudentEntityID)
values (6,841);
insert into StudentInterestGroups (InterestGroupID, StudentEntityID)
values (9,841);
insert into StudentInterestGroups (InterestGroupID, StudentEntityID)
values (10,841);
insert into StudentInterestGroups (InterestGroupID, StudentEntityID)
values (4,841);
insert into StudentInterestGroups (InterestGroupID, StudentEntityID)
values (8,841);
insert into userEntity (UserName, EmailAddress, EntityType)
values ('WilliamJacksonC793', 'WilliamJacksonC793@turnerAshby.edu', 'STUD');
insert into student (StudentEntityID, FirstName, LastName, MiddleInitial, StreetAddress, Country,City, State,ZipCode, StudentGradeLevel, StudentGPA, StudentACTScore, StudentSATScore, StudentEthnicity, StudentGender, IncomeLevel, DaysAbsent, HoursOfWorkPlaceExp, StudentAthleteFlag, StudentGraduationTrack, StudentEmploymentFlag, StudentImage,SchoolEntityID)
values (842, 'William', 'Jackson', 'C', '224 John Extension', 'USA','North Timothy','VA','20040','Junior', 2.25, 24, 1177,'Caucasian','Male','Middle Income',11,26, 'Y', 'Y', 'N', 'img/student.jpg', 15);
insert into StudentInterestGroups (InterestGroupID, StudentEntityID)
values (9,842);
insert into StudentInterestGroups (InterestGroupID, StudentEntityID)
values (8,842);
insert into StudentInterestGroups (InterestGroupID, StudentEntityID)
values (3,842);
insert into StudentInterestGroups (InterestGroupID, StudentEntityID)
values (1,842);
insert into StudentInterestGroups (InterestGroupID, StudentEntityID)
values (12,842);
insert into userEntity (UserName, EmailAddress, EntityType)
values ('RosanneMillerH881', 'RosanneMillerH881@turnerAshby.edu', 'STUD');
insert into student (StudentEntityID, FirstName, LastName, MiddleInitial, StreetAddress, Country,City, State,ZipCode, StudentGradeLevel, StudentGPA, StudentACTScore, StudentSATScore, StudentEthnicity, StudentGender, IncomeLevel, DaysAbsent, HoursOfWorkPlaceExp, StudentAthleteFlag, StudentGraduationTrack, StudentEmploymentFlag, StudentImage,SchoolEntityID)
values (843, 'Rosanne', 'Miller', 'H', '151 Frey Pass Apt. 348', 'USA','Lyonsburgh','VA','20041','Junior', 2.23, 30, 846,'Caucasian','Other','Higher Income',14,27, 'Y', 'Y', 'Y', 'img/student.jpg', 15);
insert into StudentInterestGroups (InterestGroupID, StudentEntityID)
values (6,843);
insert into StudentInterestGroups (InterestGroupID, StudentEntityID)
values (2,843);
insert into StudentInterestGroups (InterestGroupID, StudentEntityID)
values (1,843);
insert into StudentInterestGroups (InterestGroupID, StudentEntityID)
values (11,843);
insert into StudentInterestGroups (InterestGroupID, StudentEntityID)
values (3,843);
insert into userEntity (UserName, EmailAddress, EntityType)
values ('PaulaWilsonW219', 'PaulaWilsonW219@turnerAshby.edu', 'STUD');
insert into student (StudentEntityID, FirstName, LastName, MiddleInitial, StreetAddress, Country,City, State,ZipCode, StudentGradeLevel, StudentGPA, StudentACTScore, StudentSATScore, StudentEthnicity, StudentGender, IncomeLevel, DaysAbsent, HoursOfWorkPlaceExp, StudentAthleteFlag, StudentGraduationTrack, StudentEmploymentFlag, StudentImage,SchoolEntityID)
values (844, 'Paula', 'Wilson', 'W', '4141 Melissa Inlet', 'USA','Stewartville','VA','20040','Sophomore', 3.17, 0, 0,'African American','Female','Lower Income',4,20, 'Y', 'Y', 'N', 'img/student.jpg', 15);
insert into StudentInterestGroups (InterestGroupID, StudentEntityID)
values (6,844);
insert into StudentInterestGroups (InterestGroupID, StudentEntityID)
values (9,844);
insert into StudentInterestGroups (InterestGroupID, StudentEntityID)
values (5,844);
insert into StudentInterestGroups (InterestGroupID, StudentEntityID)
values (1,844);
insert into StudentInterestGroups (InterestGroupID, StudentEntityID)
values (10,844);
insert into StudentInterestGroups (InterestGroupID, StudentEntityID)
values (2,844);
insert into StudentInterestGroups (InterestGroupID, StudentEntityID)
values (12,844);
insert into userEntity (UserName, EmailAddress, EntityType)
values ('AmeliaThibodeauxS210', 'AmeliaThibodeauxS210@broadway.edu', 'STUD');
insert into student (StudentEntityID, FirstName, LastName, MiddleInitial, StreetAddress, Country,City, State,ZipCode, StudentGradeLevel, StudentGPA, StudentACTScore, StudentSATScore, StudentEthnicity, StudentGender, IncomeLevel, DaysAbsent, HoursOfWorkPlaceExp, StudentAthleteFlag, StudentGraduationTrack, StudentEmploymentFlag, StudentImage,SchoolEntityID)
values (845, 'Amelia', 'Thibodeaux', 'S', '4564 Simmons Stream', 'USA','Myersport','VA','20040','Freshmen', 1.42, 0, 0,'African American','Female','Lower Income',14,2, 'N', 'N', 'Y', 'img/student.jpg', 16);
insert into StudentInterestGroups (InterestGroupID, StudentEntityID)
values (3,845);
insert into StudentInterestGroups (InterestGroupID, StudentEntityID)
values (5,845);
insert into StudentInterestGroups (InterestGroupID, StudentEntityID)
values (9,845);
insert into StudentInterestGroups (InterestGroupID, StudentEntityID)
values (1,845);
insert into userEntity (UserName, EmailAddress, EntityType)
values ('DavidChambersE170', 'DavidChambersE170@broadway.edu', 'STUD');
insert into student (StudentEntityID, FirstName, LastName, MiddleInitial, StreetAddress, Country,City, State,ZipCode, StudentGradeLevel, StudentGPA, StudentACTScore, StudentSATScore, StudentEthnicity, StudentGender, IncomeLevel, DaysAbsent, HoursOfWorkPlaceExp, StudentAthleteFlag, StudentGraduationTrack, StudentEmploymentFlag, StudentImage,SchoolEntityID)
values (846, 'David', 'Chambers', 'E', '338 Wright Mountains Apt. 714', 'USA','New Joshuaport','VA','20040','Freshmen', 3.44, 0, 0,'Hispanic','Male','Higher Income',5,16, 'Y', 'Y', 'N', 'img/student.jpg', 16);
insert into StudentInterestGroups (InterestGroupID, StudentEntityID)
values (10,846);
insert into StudentInterestGroups (InterestGroupID, StudentEntityID)
values (5,846);
insert into StudentInterestGroups (InterestGroupID, StudentEntityID)
values (12,846);
insert into StudentInterestGroups (InterestGroupID, StudentEntityID)
values (9,846);
insert into StudentInterestGroups (InterestGroupID, StudentEntityID)
values (3,846);
insert into StudentInterestGroups (InterestGroupID, StudentEntityID)
values (6,846);
insert into userEntity (UserName, EmailAddress, EntityType)
values ('BeckyCarrollB220', 'BeckyCarrollB220@rockingham.k12.va.us', 'STUD');
insert into student (StudentEntityID, FirstName, LastName, MiddleInitial, StreetAddress, Country,City, State,ZipCode, StudentGradeLevel, StudentGPA, StudentACTScore, StudentSATScore, StudentEthnicity, StudentGender, IncomeLevel, DaysAbsent, HoursOfWorkPlaceExp, StudentAthleteFlag, StudentGraduationTrack, StudentEmploymentFlag, StudentImage,SchoolEntityID)
values (847, 'Becky', 'Carroll', 'B', '3752 Alejandra Ports', 'USA','West Jasonfort','VA','20041','Junior', 2.11, 24, 875,'Not selected or Other','Female','Lower Income',6,23, 'Y', 'Y', 'Y', 'img/student.jpg', 13);
insert into StudentInterestGroups (InterestGroupID, StudentEntityID)
values (2,847);
insert into StudentInterestGroups (InterestGroupID, StudentEntityID)
values (5,847);
insert into StudentInterestGroups (InterestGroupID, StudentEntityID)
values (7,847);
insert into StudentInterestGroups (InterestGroupID, StudentEntityID)
values (3,847);
insert into userEntity (UserName, EmailAddress, EntityType)
values ('ReginaPetersenC831', 'ReginaPetersenC831@rockingham.k12.va.us', 'STUD');
insert into student (StudentEntityID, FirstName, LastName, MiddleInitial, StreetAddress, Country,City, State,ZipCode, StudentGradeLevel, StudentGPA, StudentACTScore, StudentSATScore, StudentEthnicity, StudentGender, IncomeLevel, DaysAbsent, HoursOfWorkPlaceExp, StudentAthleteFlag, StudentGraduationTrack, StudentEmploymentFlag, StudentImage,SchoolEntityID)
values (848, 'Regina', 'Petersen', 'C', '966 Rachel Roads Apt. 485', 'USA','Youngville','VA','20041','Freshmen', 3.45, 0, 0,'Caucasian','Female','Middle Income',0,20, 'N', 'Y', 'N', 'img/student.jpg', 13);
insert into StudentInterestGroups (InterestGroupID, StudentEntityID)
values (10,848);
insert into StudentInterestGroups (InterestGroupID, StudentEntityID)
values (4,848);
insert into StudentInterestGroups (InterestGroupID, StudentEntityID)
values (2,848);
insert into StudentInterestGroups (InterestGroupID, StudentEntityID)
values (9,848);
insert into StudentInterestGroups (InterestGroupID, StudentEntityID)
values (3,848);
insert into StudentInterestGroups (InterestGroupID, StudentEntityID)
values (6,848);
insert into userEntity (UserName, EmailAddress, EntityType)
values ('SharonGillespieJ473', 'SharonGillespieJ473@spotswood.edu', 'STUD');
insert into student (StudentEntityID, FirstName, LastName, MiddleInitial, StreetAddress, Country,City, State,ZipCode, StudentGradeLevel, StudentGPA, StudentACTScore, StudentSATScore, StudentEthnicity, StudentGender, IncomeLevel, DaysAbsent, HoursOfWorkPlaceExp, StudentAthleteFlag, StudentGraduationTrack, StudentEmploymentFlag, StudentImage,SchoolEntityID)
values (849, 'Sharon', 'Gillespie', 'J', '069 Anthony Springs', 'USA','Duncanburgh','VA','20041','Sophomore', 3.58, 0, 0,'Caucasian','Female','Middle Income',4,24, 'Y', 'Y', 'N', 'img/student.jpg', 14);
insert into StudentInterestGroups (InterestGroupID, StudentEntityID)
values (3,849);
insert into StudentInterestGroups (InterestGroupID, StudentEntityID)
values (6,849);
insert into userEntity (UserName, EmailAddress, EntityType)
values ('BetsyHinesQ425', 'BetsyHinesQ425@harrisonburg.edu', 'STUD');
insert into student (StudentEntityID, FirstName, LastName, MiddleInitial, StreetAddress, Country,City, State,ZipCode, StudentGradeLevel, StudentGPA, StudentACTScore, StudentSATScore, StudentEthnicity, StudentGender, IncomeLevel, DaysAbsent, HoursOfWorkPlaceExp, StudentAthleteFlag, StudentGraduationTrack, StudentEmploymentFlag, StudentImage,SchoolEntityID)
values (850, 'Betsy', 'Hines', 'Q', '137 Short Summit Apt. 227', 'USA','Walkerfurt','VA','20040','Senior', 3.94, 35, 1431,'Caucasian','Female','Middle Income',4,37, 'Y', 'Y', 'N', 'img/student.jpg', 17);
insert into StudentInterestGroups (InterestGroupID, StudentEntityID)
values (10,850);
insert into StudentInterestGroups (InterestGroupID, StudentEntityID)
values (1,850);
insert into StudentInterestGroups (InterestGroupID, StudentEntityID)
values (3,850);
insert into StudentInterestGroups (InterestGroupID, StudentEntityID)
values (5,850);
insert into StudentInterestGroups (InterestGroupID, StudentEntityID)
values (6,850);
insert into StudentInterestGroups (InterestGroupID, StudentEntityID)
values (8,850);
insert into StudentInterestGroups (InterestGroupID, StudentEntityID)
values (9,850);
insert into StudentInterestGroups (InterestGroupID, StudentEntityID)
values (11,850);
insert into userEntity (UserName, EmailAddress, EntityType)
values ('TerryMcnuttJ659', 'TerryMcnuttJ659@broadway.edu', 'STUD');
insert into student (StudentEntityID, FirstName, LastName, MiddleInitial, StreetAddress, Country,City, State,ZipCode, StudentGradeLevel, StudentGPA, StudentACTScore, StudentSATScore, StudentEthnicity, StudentGender, IncomeLevel, DaysAbsent, HoursOfWorkPlaceExp, StudentAthleteFlag, StudentGraduationTrack, StudentEmploymentFlag, StudentImage,SchoolEntityID)
values (851, 'Terry', 'Mcnutt', 'J', '8599 Harrison Shoals Apt. 308', 'USA','South Louismouth','VA','20041','Senior', 2.73, 21, 1450,'Caucasian','Male','Middle Income',6,40, 'N', 'Y', 'N', 'img/student.jpg', 16);
insert into StudentInterestGroups (InterestGroupID, StudentEntityID)
values (3,851);
insert into StudentInterestGroups (InterestGroupID, StudentEntityID)
values (9,851);
insert into StudentInterestGroups (InterestGroupID, StudentEntityID)
values (2,851);
insert into StudentInterestGroups (InterestGroupID, StudentEntityID)
values (12,851);
insert into StudentInterestGroups (InterestGroupID, StudentEntityID)
values (1,851);
insert into StudentInterestGroups (InterestGroupID, StudentEntityID)
values (6,851);
insert into StudentInterestGroups (InterestGroupID, StudentEntityID)
values (5,851);
insert into StudentInterestGroups (InterestGroupID, StudentEntityID)
values (10,851);
insert into userEntity (UserName, EmailAddress, EntityType)
values ('DonaldDaleyM458', 'DonaldDaleyM458@rockingham.k12.va.us', 'STUD');
insert into student (StudentEntityID, FirstName, LastName, MiddleInitial, StreetAddress, Country,City, State,ZipCode, StudentGradeLevel, StudentGPA, StudentACTScore, StudentSATScore, StudentEthnicity, StudentGender, IncomeLevel, DaysAbsent, HoursOfWorkPlaceExp, StudentAthleteFlag, StudentGraduationTrack, StudentEmploymentFlag, StudentImage,SchoolEntityID)
values (852, 'Donald', 'Daley', 'M', '7135 Harris Centers Suite 127', 'USA','Pughberg','VA','20040','Junior', 2.66, 22, 1225,'Caucasian','Male','Higher Income',0,20, 'Y', 'Y', 'N', 'img/student.jpg', 13);
insert into StudentInterestGroups (InterestGroupID, StudentEntityID)
values (9,852);
insert into StudentInterestGroups (InterestGroupID, StudentEntityID)
values (4,852);
insert into StudentInterestGroups (InterestGroupID, StudentEntityID)
values (8,852);
insert into StudentInterestGroups (InterestGroupID, StudentEntityID)
values (3,852);
insert into StudentInterestGroups (InterestGroupID, StudentEntityID)
values (5,852);
insert into userEntity (UserName, EmailAddress, EntityType)
values ('JeffreyHughesL338', 'JeffreyHughesL338@spotswood.edu', 'STUD');
insert into student (StudentEntityID, FirstName, LastName, MiddleInitial, StreetAddress, Country,City, State,ZipCode, StudentGradeLevel, StudentGPA, StudentACTScore, StudentSATScore, StudentEthnicity, StudentGender, IncomeLevel, DaysAbsent, HoursOfWorkPlaceExp, StudentAthleteFlag, StudentGraduationTrack, StudentEmploymentFlag, StudentImage,SchoolEntityID)
values (853, 'Jeffrey', 'Hughes', 'L', '518 Tina Forest Suite 508', 'USA','Port Michael','VA','20040','Sophomore', 2.14, 0, 0,'Caucasian','Male','Lower Income',5,19, 'Y', 'Y', 'N', 'img/student.jpg', 14);
insert into StudentInterestGroups (InterestGroupID, StudentEntityID)
values (7,853);
insert into StudentInterestGroups (InterestGroupID, StudentEntityID)
values (2,853);
insert into userEntity (UserName, EmailAddress, EntityType)
values ('AntoinetteGamezP150', 'AntoinetteGamezP150@broadway.edu', 'STUD');
insert into student (StudentEntityID, FirstName, LastName, MiddleInitial, StreetAddress, Country,City, State,ZipCode, StudentGradeLevel, StudentGPA, StudentACTScore, StudentSATScore, StudentEthnicity, StudentGender, IncomeLevel, DaysAbsent, HoursOfWorkPlaceExp, StudentAthleteFlag, StudentGraduationTrack, StudentEmploymentFlag, StudentImage,SchoolEntityID)
values (854, 'Antoinette', 'Gamez', 'P', '7558 Kyle Loaf Suite 625', 'USA','Fordchester','VA','20041','Freshmen', 3.43, 0, 0,'Asian','Female','Middle Income',4,15, 'N', 'Y', 'Y', 'img/student.jpg', 16);
insert into StudentInterestGroups (InterestGroupID, StudentEntityID)
values (3,854);
insert into StudentInterestGroups (InterestGroupID, StudentEntityID)
values (12,854);
insert into userEntity (UserName, EmailAddress, EntityType)
values ('ArturoKirkpatrickK266', 'ArturoKirkpatrickK266@spotswood.edu', 'STUD');
insert into student (StudentEntityID, FirstName, LastName, MiddleInitial, StreetAddress, Country,City, State,ZipCode, StudentGradeLevel, StudentGPA, StudentACTScore, StudentSATScore, StudentEthnicity, StudentGender, IncomeLevel, DaysAbsent, HoursOfWorkPlaceExp, StudentAthleteFlag, StudentGraduationTrack, StudentEmploymentFlag, StudentImage,SchoolEntityID)
values (855, 'Arturo', 'Kirkpatrick', 'K', '8962 Alison Keys', 'USA','West Benjamin','VA','20040','Freshmen', 1.11, 0, 0,'Not selected or Other','Male','Middle Income',13,0, 'Y', 'N', 'N', 'img/student.jpg', 14);
insert into StudentInterestGroups (InterestGroupID, StudentEntityID)
values (8,855);
insert into StudentInterestGroups (InterestGroupID, StudentEntityID)
values (11,855);
insert into StudentInterestGroups (InterestGroupID, StudentEntityID)
values (1,855);
insert into StudentInterestGroups (InterestGroupID, StudentEntityID)
values (7,855);
insert into StudentInterestGroups (InterestGroupID, StudentEntityID)
values (12,855);
insert into userEntity (UserName, EmailAddress, EntityType)
values ('KristinTappenH702', 'KristinTappenH702@spotswood.edu', 'STUD');
insert into student (StudentEntityID, FirstName, LastName, MiddleInitial, StreetAddress, Country,City, State,ZipCode, StudentGradeLevel, StudentGPA, StudentACTScore, StudentSATScore, StudentEthnicity, StudentGender, IncomeLevel, DaysAbsent, HoursOfWorkPlaceExp, StudentAthleteFlag, StudentGraduationTrack, StudentEmploymentFlag, StudentImage,SchoolEntityID)
values (856, 'Kristin', 'Tappen', 'H', '8989 Kelly Lock Apt. 129', 'USA','Longton','VA','20040','Junior', 2.74, 25, 1158,'Hispanic','Female','Middle Income',4,29, 'Y', 'Y', 'N', 'img/student.jpg', 14);
insert into StudentInterestGroups (InterestGroupID, StudentEntityID)
values (10,856);
insert into StudentInterestGroups (InterestGroupID, StudentEntityID)
values (6,856);
insert into StudentInterestGroups (InterestGroupID, StudentEntityID)
values (8,856);
insert into StudentInterestGroups (InterestGroupID, StudentEntityID)
values (12,856);
insert into StudentInterestGroups (InterestGroupID, StudentEntityID)
values (3,856);
insert into userEntity (UserName, EmailAddress, EntityType)
values ('DennisMccallaD612', 'DennisMccallaD612@harrisonburg.edu', 'STUD');
insert into student (StudentEntityID, FirstName, LastName, MiddleInitial, StreetAddress, Country,City, State,ZipCode, StudentGradeLevel, StudentGPA, StudentACTScore, StudentSATScore, StudentEthnicity, StudentGender, IncomeLevel, DaysAbsent, HoursOfWorkPlaceExp, StudentAthleteFlag, StudentGraduationTrack, StudentEmploymentFlag, StudentImage,SchoolEntityID)
values (857, 'Dennis', 'Mccalla', 'D', '1484 Stephanie Cove', 'USA','Briggsburgh','VA','20041','Senior', 2.31, 25, 957,'Caucasian','Male','Middle Income',12,40, 'Y', 'Y', 'Y', 'img/student.jpg', 17);
insert into StudentInterestGroups (InterestGroupID, StudentEntityID)
values (12,857);
insert into StudentInterestGroups (InterestGroupID, StudentEntityID)
values (5,857);
insert into StudentInterestGroups (InterestGroupID, StudentEntityID)
values (7,857);
insert into StudentInterestGroups (InterestGroupID, StudentEntityID)
values (3,857);
insert into StudentInterestGroups (InterestGroupID, StudentEntityID)
values (2,857);
insert into userEntity (UserName, EmailAddress, EntityType)
values ('JosephWilliamsZ457', 'JosephWilliamsZ457@Louisa.edu', 'STUD');
insert into student (StudentEntityID, FirstName, LastName, MiddleInitial, StreetAddress, Country,City, State,ZipCode, StudentGradeLevel, StudentGPA, StudentACTScore, StudentSATScore, StudentEthnicity, StudentGender, IncomeLevel, DaysAbsent, HoursOfWorkPlaceExp, StudentAthleteFlag, StudentGraduationTrack, StudentEmploymentFlag, StudentImage,SchoolEntityID)
values (858, 'Joseph', 'Williams', 'Z', '7672 Katelyn Meadows', 'USA','East Aaron','VA','20040','Junior', 1.19, 14, 704,'Caucasian','Male','Lower Income',13,15, 'Y', 'N', 'N', 'img/student.jpg', 12);
insert into StudentInterestGroups (InterestGroupID, StudentEntityID)
values (1,858);
insert into StudentInterestGroups (InterestGroupID, StudentEntityID)
values (10,858);
insert into StudentInterestGroups (InterestGroupID, StudentEntityID)
values (2,858);
insert into StudentInterestGroups (InterestGroupID, StudentEntityID)
values (7,858);
insert into StudentInterestGroups (InterestGroupID, StudentEntityID)
values (12,858);
insert into StudentInterestGroups (InterestGroupID, StudentEntityID)
values (11,858);
insert into userEntity (UserName, EmailAddress, EntityType)
values ('CecilRiveraZ579', 'CecilRiveraZ579@rockingham.k12.va.us', 'STUD');
insert into student (StudentEntityID, FirstName, LastName, MiddleInitial, StreetAddress, Country,City, State,ZipCode, StudentGradeLevel, StudentGPA, StudentACTScore, StudentSATScore, StudentEthnicity, StudentGender, IncomeLevel, DaysAbsent, HoursOfWorkPlaceExp, StudentAthleteFlag, StudentGraduationTrack, StudentEmploymentFlag, StudentImage,SchoolEntityID)
values (859, 'Cecil', 'Rivera', 'Z', '03718 Yolanda Tunnel Apt. 868', 'USA','New Brandon','VA','20041','Freshmen', 3.41, 0, 0,'Caucasian','Male','Lower Income',2,13, 'N', 'Y', 'Y', 'img/student.jpg', 13);
insert into StudentInterestGroups (InterestGroupID, StudentEntityID)
values (10,859);
insert into StudentInterestGroups (InterestGroupID, StudentEntityID)
values (11,859);
insert into StudentInterestGroups (InterestGroupID, StudentEntityID)
values (5,859);
insert into StudentInterestGroups (InterestGroupID, StudentEntityID)
values (12,859);
insert into userEntity (UserName, EmailAddress, EntityType)
values ('AnnaPostZ889', 'AnnaPostZ889@rockingham.k12.va.us', 'STUD');
insert into student (StudentEntityID, FirstName, LastName, MiddleInitial, StreetAddress, Country,City, State,ZipCode, StudentGradeLevel, StudentGPA, StudentACTScore, StudentSATScore, StudentEthnicity, StudentGender, IncomeLevel, DaysAbsent, HoursOfWorkPlaceExp, StudentAthleteFlag, StudentGraduationTrack, StudentEmploymentFlag, StudentImage,SchoolEntityID)
values (860, 'Anna', 'Post', 'Z', '03939 Rodriguez Haven Apt. 427', 'USA','Amandahaven','VA','20041','Sophomore', 1.59, 0, 0,'Caucasian','Female','Middle Income',11,9, 'N', 'N', 'Y', 'img/student.jpg', 13);
insert into StudentInterestGroups (InterestGroupID, StudentEntityID)
values (11,860);
insert into StudentInterestGroups (InterestGroupID, StudentEntityID)
values (12,860);
insert into StudentInterestGroups (InterestGroupID, StudentEntityID)
values (1,860);
insert into StudentInterestGroups (InterestGroupID, StudentEntityID)
values (6,860);
insert into StudentInterestGroups (InterestGroupID, StudentEntityID)
values (3,860);
insert into userEntity (UserName, EmailAddress, EntityType)
values ('CarrieIssaI426', 'CarrieIssaI426@rockingham.k12.va.us', 'STUD');
insert into student (StudentEntityID, FirstName, LastName, MiddleInitial, StreetAddress, Country,City, State,ZipCode, StudentGradeLevel, StudentGPA, StudentACTScore, StudentSATScore, StudentEthnicity, StudentGender, IncomeLevel, DaysAbsent, HoursOfWorkPlaceExp, StudentAthleteFlag, StudentGraduationTrack, StudentEmploymentFlag, StudentImage,SchoolEntityID)
values (861, 'Carrie', 'Issa', 'I', '342 Rebecca Row Apt. 302', 'USA','Brownport','VA','20040','Freshmen', 3.82, 0, 0,'Caucasian','Female','Middle Income',3,17, 'N', 'Y', 'Y', 'img/student.jpg', 13);
insert into StudentInterestGroups (InterestGroupID, StudentEntityID)
values (11,861);
insert into StudentInterestGroups (InterestGroupID, StudentEntityID)
values (7,861);
insert into StudentInterestGroups (InterestGroupID, StudentEntityID)
values (6,861);
insert into userEntity (UserName, EmailAddress, EntityType)
values ('LaverneEmersonM164', 'LaverneEmersonM164@turnerAshby.edu', 'STUD');
insert into student (StudentEntityID, FirstName, LastName, MiddleInitial, StreetAddress, Country,City, State,ZipCode, StudentGradeLevel, StudentGPA, StudentACTScore, StudentSATScore, StudentEthnicity, StudentGender, IncomeLevel, DaysAbsent, HoursOfWorkPlaceExp, StudentAthleteFlag, StudentGraduationTrack, StudentEmploymentFlag, StudentImage,SchoolEntityID)
values (862, 'Laverne', 'Emerson', 'M', '450 Edwards Dam Apt. 684', 'USA','Matthewtown','VA','20041','Freshmen', 2.99, 0, 0,'Caucasian','Female','Middle Income',2,20, 'N', 'Y', 'N', 'img/student.jpg', 15);
insert into StudentInterestGroups (InterestGroupID, StudentEntityID)
values (12,862);
insert into StudentInterestGroups (InterestGroupID, StudentEntityID)
values (6,862);
insert into userEntity (UserName, EmailAddress, EntityType)
values ('GeraldIrvingA140', 'GeraldIrvingA140@spotswood.edu', 'STUD');
insert into student (StudentEntityID, FirstName, LastName, MiddleInitial, StreetAddress, Country,City, State,ZipCode, StudentGradeLevel, StudentGPA, StudentACTScore, StudentSATScore, StudentEthnicity, StudentGender, IncomeLevel, DaysAbsent, HoursOfWorkPlaceExp, StudentAthleteFlag, StudentGraduationTrack, StudentEmploymentFlag, StudentImage,SchoolEntityID)
values (863, 'Gerald', 'Irving', 'A', '409 Michelle Flat', 'USA','Williamsfurt','VA','20041','Sophomore', 2.29, 0, 0,'Caucasian','Male','Higher Income',15,20, 'Y', 'Y', 'N', 'img/student.jpg', 14);
insert into StudentInterestGroups (InterestGroupID, StudentEntityID)
values (6,863);
insert into StudentInterestGroups (InterestGroupID, StudentEntityID)
values (8,863);
insert into StudentInterestGroups (InterestGroupID, StudentEntityID)
values (7,863);
insert into StudentInterestGroups (InterestGroupID, StudentEntityID)
values (11,863);
insert into userEntity (UserName, EmailAddress, EntityType)
values ('AustinWilliamsG855', 'AustinWilliamsG855@turnerAshby.edu', 'STUD');
insert into student (StudentEntityID, FirstName, LastName, MiddleInitial, StreetAddress, Country,City, State,ZipCode, StudentGradeLevel, StudentGPA, StudentACTScore, StudentSATScore, StudentEthnicity, StudentGender, IncomeLevel, DaysAbsent, HoursOfWorkPlaceExp, StudentAthleteFlag, StudentGraduationTrack, StudentEmploymentFlag, StudentImage,SchoolEntityID)
values (864, 'Austin', 'Williams', 'G', '408 Gwendolyn Cliffs', 'USA','New David','VA','20040','Sophomore', 3.3, 0, 0,'Caucasian','Male','Lower Income',5,21, 'Y', 'Y', 'Y', 'img/student.jpg', 15);
insert into StudentInterestGroups (InterestGroupID, StudentEntityID)
values (6,864);
insert into StudentInterestGroups (InterestGroupID, StudentEntityID)
values (7,864);
insert into userEntity (UserName, EmailAddress, EntityType)
values ('JacquelineCanaleT803', 'JacquelineCanaleT803@turnerAshby.edu', 'STUD');
insert into student (StudentEntityID, FirstName, LastName, MiddleInitial, StreetAddress, Country,City, State,ZipCode, StudentGradeLevel, StudentGPA, StudentACTScore, StudentSATScore, StudentEthnicity, StudentGender, IncomeLevel, DaysAbsent, HoursOfWorkPlaceExp, StudentAthleteFlag, StudentGraduationTrack, StudentEmploymentFlag, StudentImage,SchoolEntityID)
values (865, 'Jacqueline', 'Canale', 'T', '884 Carson Court Suite 241', 'USA','West Ericland','VA','20041','Junior', 1.28, 19, 1193,'Caucasian','Female','Middle Income',14,17, 'Y', 'N', 'Y', 'img/student.jpg', 15);
insert into StudentInterestGroups (InterestGroupID, StudentEntityID)
values (5,865);
insert into StudentInterestGroups (InterestGroupID, StudentEntityID)
values (2,865);
insert into StudentInterestGroups (InterestGroupID, StudentEntityID)
values (9,865);
insert into StudentInterestGroups (InterestGroupID, StudentEntityID)
values (4,865);
insert into StudentInterestGroups (InterestGroupID, StudentEntityID)
values (10,865);
insert into StudentInterestGroups (InterestGroupID, StudentEntityID)
values (7,865);
insert into userEntity (UserName, EmailAddress, EntityType)
values ('PamelaScottR834', 'PamelaScottR834@spotswood.edu', 'STUD');
insert into student (StudentEntityID, FirstName, LastName, MiddleInitial, StreetAddress, Country,City, State,ZipCode, StudentGradeLevel, StudentGPA, StudentACTScore, StudentSATScore, StudentEthnicity, StudentGender, IncomeLevel, DaysAbsent, HoursOfWorkPlaceExp, StudentAthleteFlag, StudentGraduationTrack, StudentEmploymentFlag, StudentImage,SchoolEntityID)
values (866, 'Pamela', 'Scott', 'R', '06772 Braun Run', 'USA','Reynoldsfort','VA','20041','Junior', 3.93, 26, 1189,'Caucasian','Female','Middle Income',3,31, 'N', 'Y', 'Y', 'img/student.jpg', 14);
insert into StudentInterestGroups (InterestGroupID, StudentEntityID)
values (6,866);
insert into StudentInterestGroups (InterestGroupID, StudentEntityID)
values (2,866);
insert into userEntity (UserName, EmailAddress, EntityType)
values ('CarolCampbellE739', 'CarolCampbellE739@Louisa.edu', 'STUD');
insert into student (StudentEntityID, FirstName, LastName, MiddleInitial, StreetAddress, Country,City, State,ZipCode, StudentGradeLevel, StudentGPA, StudentACTScore, StudentSATScore, StudentEthnicity, StudentGender, IncomeLevel, DaysAbsent, HoursOfWorkPlaceExp, StudentAthleteFlag, StudentGraduationTrack, StudentEmploymentFlag, StudentImage,SchoolEntityID)
values (867, 'Carol', 'Campbell', 'E', '39229 Cody Keys', 'USA','Marshallchester','VA','20040','Sophomore', 3.7, 0, 0,'Asian','Female','Lower Income',1,21, 'Y', 'Y', 'N', 'img/student.jpg', 12);
insert into StudentInterestGroups (InterestGroupID, StudentEntityID)
values (4,867);
insert into StudentInterestGroups (InterestGroupID, StudentEntityID)
values (8,867);
insert into StudentInterestGroups (InterestGroupID, StudentEntityID)
values (3,867);
insert into StudentInterestGroups (InterestGroupID, StudentEntityID)
values (6,867);
insert into StudentInterestGroups (InterestGroupID, StudentEntityID)
values (10,867);
insert into StudentInterestGroups (InterestGroupID, StudentEntityID)
values (11,867);
insert into userEntity (UserName, EmailAddress, EntityType)
values ('HattieBradleyD340', 'HattieBradleyD340@broadway.edu', 'STUD');
insert into student (StudentEntityID, FirstName, LastName, MiddleInitial, StreetAddress, Country,City, State,ZipCode, StudentGradeLevel, StudentGPA, StudentACTScore, StudentSATScore, StudentEthnicity, StudentGender, IncomeLevel, DaysAbsent, HoursOfWorkPlaceExp, StudentAthleteFlag, StudentGraduationTrack, StudentEmploymentFlag, StudentImage,SchoolEntityID)
values (868, 'Hattie', 'Bradley', 'D', '1359 Golden Ferry', 'USA','Youngport','VA','20040','Freshmen', 3.07, 0, 0,'Caucasian','Female','Lower Income',5,13, 'N', 'Y', 'Y', 'img/student.jpg', 16);
insert into StudentInterestGroups (InterestGroupID, StudentEntityID)
values (10,868);
insert into StudentInterestGroups (InterestGroupID, StudentEntityID)
values (1,868);
insert into StudentInterestGroups (InterestGroupID, StudentEntityID)
values (12,868);
insert into StudentInterestGroups (InterestGroupID, StudentEntityID)
values (7,868);
insert into StudentInterestGroups (InterestGroupID, StudentEntityID)
values (6,868);
insert into StudentInterestGroups (InterestGroupID, StudentEntityID)
values (11,868);
insert into userEntity (UserName, EmailAddress, EntityType)
values ('FlorenceHenriquezZ152', 'FlorenceHenriquezZ152@spotswood.edu', 'STUD');
insert into student (StudentEntityID, FirstName, LastName, MiddleInitial, StreetAddress, Country,City, State,ZipCode, StudentGradeLevel, StudentGPA, StudentACTScore, StudentSATScore, StudentEthnicity, StudentGender, IncomeLevel, DaysAbsent, HoursOfWorkPlaceExp, StudentAthleteFlag, StudentGraduationTrack, StudentEmploymentFlag, StudentImage,SchoolEntityID)
values (869, 'Florence', 'Henriquez', 'Z', '672 Traci Spring Apt. 713', 'USA','Victoriahaven','VA','20040','Junior', 1.14, 17, 1005,'Not selected or Other','Other','Middle Income',14,16, 'N', 'N', 'Y', 'img/student.jpg', 14);
insert into StudentInterestGroups (InterestGroupID, StudentEntityID)
values (7,869);
insert into StudentInterestGroups (InterestGroupID, StudentEntityID)
values (8,869);
insert into StudentInterestGroups (InterestGroupID, StudentEntityID)
values (4,869);
insert into StudentInterestGroups (InterestGroupID, StudentEntityID)
values (12,869);
insert into userEntity (UserName, EmailAddress, EntityType)
values ('PhilipMitchellK252', 'PhilipMitchellK252@Louisa.edu', 'STUD');
insert into student (StudentEntityID, FirstName, LastName, MiddleInitial, StreetAddress, Country,City, State,ZipCode, StudentGradeLevel, StudentGPA, StudentACTScore, StudentSATScore, StudentEthnicity, StudentGender, IncomeLevel, DaysAbsent, HoursOfWorkPlaceExp, StudentAthleteFlag, StudentGraduationTrack, StudentEmploymentFlag, StudentImage,SchoolEntityID)
values (870, 'Philip', 'Mitchell', 'K', '317 Charles Islands', 'USA','Reynoldsmouth','VA','20041','Freshmen', 3.42, 0, 0,'Caucasian','Male','Higher Income',2,15, 'N', 'Y', 'Y', 'img/student.jpg', 12);
insert into StudentInterestGroups (InterestGroupID, StudentEntityID)
values (8,870);
insert into StudentInterestGroups (InterestGroupID, StudentEntityID)
values (6,870);
insert into StudentInterestGroups (InterestGroupID, StudentEntityID)
values (12,870);
insert into StudentInterestGroups (InterestGroupID, StudentEntityID)
values (9,870);
insert into StudentInterestGroups (InterestGroupID, StudentEntityID)
values (1,870);
insert into StudentInterestGroups (InterestGroupID, StudentEntityID)
values (7,870);
insert into StudentInterestGroups (InterestGroupID, StudentEntityID)
values (10,870);
insert into StudentInterestGroups (InterestGroupID, StudentEntityID)
values (5,870);
insert into userEntity (UserName, EmailAddress, EntityType)
values ('WillieMorrowB703', 'WillieMorrowB703@spotswood.edu', 'STUD');
insert into student (StudentEntityID, FirstName, LastName, MiddleInitial, StreetAddress, Country,City, State,ZipCode, StudentGradeLevel, StudentGPA, StudentACTScore, StudentSATScore, StudentEthnicity, StudentGender, IncomeLevel, DaysAbsent, HoursOfWorkPlaceExp, StudentAthleteFlag, StudentGraduationTrack, StudentEmploymentFlag, StudentImage,SchoolEntityID)
values (871, 'Willie', 'Morrow', 'B', '23887 Travis Islands', 'USA','Shannonborough','VA','20041','Sophomore', 2.22, 0, 0,'Pacific Islander','Male','Middle Income',5,17, 'N', 'Y', 'N', 'img/student.jpg', 14);
insert into StudentInterestGroups (InterestGroupID, StudentEntityID)
values (6,871);
insert into StudentInterestGroups (InterestGroupID, StudentEntityID)
values (9,871);
insert into StudentInterestGroups (InterestGroupID, StudentEntityID)
values (4,871);
insert into StudentInterestGroups (InterestGroupID, StudentEntityID)
values (7,871);
insert into userEntity (UserName, EmailAddress, EntityType)
values ('RuthCarideoO555', 'RuthCarideoO555@harrisonburg.edu', 'STUD');
insert into student (StudentEntityID, FirstName, LastName, MiddleInitial, StreetAddress, Country,City, State,ZipCode, StudentGradeLevel, StudentGPA, StudentACTScore, StudentSATScore, StudentEthnicity, StudentGender, IncomeLevel, DaysAbsent, HoursOfWorkPlaceExp, StudentAthleteFlag, StudentGraduationTrack, StudentEmploymentFlag, StudentImage,SchoolEntityID)
values (872, 'Ruth', 'Carideo', 'O', '96162 David Stream', 'USA','East Sandramouth','VA','20041','Sophomore', 2.27, 0, 0,'Caucasian','Other','Middle Income',5,18, 'N', 'Y', 'N', 'img/student.jpg', 17);
insert into StudentInterestGroups (InterestGroupID, StudentEntityID)
values (1,872);
insert into StudentInterestGroups (InterestGroupID, StudentEntityID)
values (4,872);
insert into StudentInterestGroups (InterestGroupID, StudentEntityID)
values (8,872);
insert into StudentInterestGroups (InterestGroupID, StudentEntityID)
values (7,872);
insert into StudentInterestGroups (InterestGroupID, StudentEntityID)
values (6,872);
insert into userEntity (UserName, EmailAddress, EntityType)
values ('EstherStewartR189', 'EstherStewartR189@turnerAshby.edu', 'STUD');
insert into student (StudentEntityID, FirstName, LastName, MiddleInitial, StreetAddress, Country,City, State,ZipCode, StudentGradeLevel, StudentGPA, StudentACTScore, StudentSATScore, StudentEthnicity, StudentGender, IncomeLevel, DaysAbsent, HoursOfWorkPlaceExp, StudentAthleteFlag, StudentGraduationTrack, StudentEmploymentFlag, StudentImage,SchoolEntityID)
values (873, 'Esther', 'Stewart', 'R', '554 Teresa Cove', 'USA','Scottmouth','VA','20041','Junior', 2.63, 21, 1419,'Caucasian','Female','Higher Income',0,20, 'Y', 'Y', 'Y', 'img/student.jpg', 15);
insert into StudentInterestGroups (InterestGroupID, StudentEntityID)
values (1,873);
insert into StudentInterestGroups (InterestGroupID, StudentEntityID)
values (7,873);
insert into StudentInterestGroups (InterestGroupID, StudentEntityID)
values (5,873);
insert into StudentInterestGroups (InterestGroupID, StudentEntityID)
values (12,873);
insert into StudentInterestGroups (InterestGroupID, StudentEntityID)
values (2,873);
insert into StudentInterestGroups (InterestGroupID, StudentEntityID)
values (8,873);
insert into StudentInterestGroups (InterestGroupID, StudentEntityID)
values (9,873);
insert into userEntity (UserName, EmailAddress, EntityType)
values ('DanielFarrellM774', 'DanielFarrellM774@spotswood.edu', 'STUD');
insert into student (StudentEntityID, FirstName, LastName, MiddleInitial, StreetAddress, Country,City, State,ZipCode, StudentGradeLevel, StudentGPA, StudentACTScore, StudentSATScore, StudentEthnicity, StudentGender, IncomeLevel, DaysAbsent, HoursOfWorkPlaceExp, StudentAthleteFlag, StudentGraduationTrack, StudentEmploymentFlag, StudentImage,SchoolEntityID)
values (874, 'Daniel', 'Farrell', 'M', '8793 Bailey Orchard Apt. 470', 'USA','Staceyfort','VA','20040','Junior', 1.94, 23, 810,'Caucasian','Male','Middle Income',13,21, 'N', 'N', 'N', 'img/student.jpg', 14);
insert into StudentInterestGroups (InterestGroupID, StudentEntityID)
values (7,874);
insert into StudentInterestGroups (InterestGroupID, StudentEntityID)
values (6,874);
insert into StudentInterestGroups (InterestGroupID, StudentEntityID)
values (2,874);
insert into StudentInterestGroups (InterestGroupID, StudentEntityID)
values (8,874);
insert into StudentInterestGroups (InterestGroupID, StudentEntityID)
values (12,874);
insert into userEntity (UserName, EmailAddress, EntityType)
values ('KarenGarrettW902', 'KarenGarrettW902@harrisonburg.edu', 'STUD');
insert into student (StudentEntityID, FirstName, LastName, MiddleInitial, StreetAddress, Country,City, State,ZipCode, StudentGradeLevel, StudentGPA, StudentACTScore, StudentSATScore, StudentEthnicity, StudentGender, IncomeLevel, DaysAbsent, HoursOfWorkPlaceExp, StudentAthleteFlag, StudentGraduationTrack, StudentEmploymentFlag, StudentImage,SchoolEntityID)
values (875, 'Karen', 'Garrett', 'W', '95491 Danielle Cape Suite 787', 'USA','Claudiaburgh','VA','20040','Sophomore', 3.99, 0, 0,'Caucasian','Other','Lower Income',3,21, 'N', 'Y', 'Y', 'img/student.jpg', 17);
insert into StudentInterestGroups (InterestGroupID, StudentEntityID)
values (6,875);
insert into userEntity (UserName, EmailAddress, EntityType)
values ('ArturoTerryO781', 'ArturoTerryO781@broadway.edu', 'STUD');
insert into student (StudentEntityID, FirstName, LastName, MiddleInitial, StreetAddress, Country,City, State,ZipCode, StudentGradeLevel, StudentGPA, StudentACTScore, StudentSATScore, StudentEthnicity, StudentGender, IncomeLevel, DaysAbsent, HoursOfWorkPlaceExp, StudentAthleteFlag, StudentGraduationTrack, StudentEmploymentFlag, StudentImage,SchoolEntityID)
values (876, 'Arturo', 'Terry', 'O', '281 Christopher Underpass Apt. 701', 'USA','Port Valerie','VA','20040','Senior', 2.98, 24, 1372,'African American','Male','Middle Income',3,43, 'Y', 'Y', 'Y', 'img/student.jpg', 16);
insert into StudentInterestGroups (InterestGroupID, StudentEntityID)
values (9,876);
insert into StudentInterestGroups (InterestGroupID, StudentEntityID)
values (2,876);
insert into StudentInterestGroups (InterestGroupID, StudentEntityID)
values (12,876);
insert into StudentInterestGroups (InterestGroupID, StudentEntityID)
values (3,876);
insert into StudentInterestGroups (InterestGroupID, StudentEntityID)
values (10,876);
insert into StudentInterestGroups (InterestGroupID, StudentEntityID)
values (7,876);
insert into userEntity (UserName, EmailAddress, EntityType)
values ('JeffreyCrosierQ301', 'JeffreyCrosierQ301@spotswood.edu', 'STUD');
insert into student (StudentEntityID, FirstName, LastName, MiddleInitial, StreetAddress, Country,City, State,ZipCode, StudentGradeLevel, StudentGPA, StudentACTScore, StudentSATScore, StudentEthnicity, StudentGender, IncomeLevel, DaysAbsent, HoursOfWorkPlaceExp, StudentAthleteFlag, StudentGraduationTrack, StudentEmploymentFlag, StudentImage,SchoolEntityID)
values (877, 'Jeffrey', 'Crosier', 'Q', '459 Benitez Crescent', 'USA','Kevinhaven','VA','20040','Sophomore', 1.42, 0, 0,'Not selected or Other','Male','Lower Income',14,3, 'Y', 'N', 'Y', 'img/student.jpg', 14);
insert into StudentInterestGroups (InterestGroupID, StudentEntityID)
values (12,877);
insert into StudentInterestGroups (InterestGroupID, StudentEntityID)
values (8,877);
insert into StudentInterestGroups (InterestGroupID, StudentEntityID)
values (3,877);
insert into StudentInterestGroups (InterestGroupID, StudentEntityID)
values (1,877);
insert into StudentInterestGroups (InterestGroupID, StudentEntityID)
values (9,877);
insert into StudentInterestGroups (InterestGroupID, StudentEntityID)
values (10,877);
insert into StudentInterestGroups (InterestGroupID, StudentEntityID)
values (4,877);
insert into userEntity (UserName, EmailAddress, EntityType)
values ('KellyBowlesX478', 'KellyBowlesX478@broadway.edu', 'STUD');
insert into student (StudentEntityID, FirstName, LastName, MiddleInitial, StreetAddress, Country,City, State,ZipCode, StudentGradeLevel, StudentGPA, StudentACTScore, StudentSATScore, StudentEthnicity, StudentGender, IncomeLevel, DaysAbsent, HoursOfWorkPlaceExp, StudentAthleteFlag, StudentGraduationTrack, StudentEmploymentFlag, StudentImage,SchoolEntityID)
values (878, 'Kelly', 'Bowles', 'X', '49045 Lisa Prairie Apt. 628', 'USA','Fletcherborough','VA','20040','Junior', 1.2, 13, 1234,'Hispanic','Male','Higher Income',13,20, 'N', 'N', 'N', 'img/student.jpg', 16);
insert into StudentInterestGroups (InterestGroupID, StudentEntityID)
values (5,878);
insert into StudentInterestGroups (InterestGroupID, StudentEntityID)
values (10,878);
insert into StudentInterestGroups (InterestGroupID, StudentEntityID)
values (8,878);
insert into userEntity (UserName, EmailAddress, EntityType)
values ('VirginiaDelgadoK297', 'VirginiaDelgadoK297@spotswood.edu', 'STUD');
insert into student (StudentEntityID, FirstName, LastName, MiddleInitial, StreetAddress, Country,City, State,ZipCode, StudentGradeLevel, StudentGPA, StudentACTScore, StudentSATScore, StudentEthnicity, StudentGender, IncomeLevel, DaysAbsent, HoursOfWorkPlaceExp, StudentAthleteFlag, StudentGraduationTrack, StudentEmploymentFlag, StudentImage,SchoolEntityID)
values (879, 'Virginia', 'Delgado', 'K', '72852 Karen Harbor', 'USA','Lake Georgefort','VA','20040','Junior', 1.8, 17, 922,'Caucasian','Female','Lower Income',15,15, 'N', 'N', 'N', 'img/student.jpg', 14);
insert into StudentInterestGroups (InterestGroupID, StudentEntityID)
values (9,879);
insert into userEntity (UserName, EmailAddress, EntityType)
values ('ShirleyDarttX662', 'ShirleyDarttX662@spotswood.edu', 'STUD');
insert into student (StudentEntityID, FirstName, LastName, MiddleInitial, StreetAddress, Country,City, State,ZipCode, StudentGradeLevel, StudentGPA, StudentACTScore, StudentSATScore, StudentEthnicity, StudentGender, IncomeLevel, DaysAbsent, HoursOfWorkPlaceExp, StudentAthleteFlag, StudentGraduationTrack, StudentEmploymentFlag, StudentImage,SchoolEntityID)
values (880, 'Shirley', 'Dartt', 'X', '398 Michael Inlet Apt. 038', 'USA','Melindafurt','VA','20041','Senior', 3.03, 30, 1281,'Hispanic','Female','Lower Income',1,39, 'Y', 'Y', 'N', 'img/student.jpg', 14);
insert into StudentInterestGroups (InterestGroupID, StudentEntityID)
values (10,880);
insert into StudentInterestGroups (InterestGroupID, StudentEntityID)
values (7,880);
insert into StudentInterestGroups (InterestGroupID, StudentEntityID)
values (5,880);
insert into userEntity (UserName, EmailAddress, EntityType)
values ('TerryNewtonF103', 'TerryNewtonF103@broadway.edu', 'STUD');
insert into student (StudentEntityID, FirstName, LastName, MiddleInitial, StreetAddress, Country,City, State,ZipCode, StudentGradeLevel, StudentGPA, StudentACTScore, StudentSATScore, StudentEthnicity, StudentGender, IncomeLevel, DaysAbsent, HoursOfWorkPlaceExp, StudentAthleteFlag, StudentGraduationTrack, StudentEmploymentFlag, StudentImage,SchoolEntityID)
values (881, 'Terry', 'Newton', 'F', '7310 Harris Manors Suite 059', 'USA','Gayberg','VA','20041','Sophomore', 1.43, 0, 0,'Caucasian','Male','Higher Income',15,5, 'Y', 'N', 'N', 'img/student.jpg', 16);
insert into StudentInterestGroups (InterestGroupID, StudentEntityID)
values (7,881);
insert into StudentInterestGroups (InterestGroupID, StudentEntityID)
values (1,881);
insert into userEntity (UserName, EmailAddress, EntityType)
values ('ShawnWhiteA822', 'ShawnWhiteA822@spotswood.edu', 'STUD');
insert into student (StudentEntityID, FirstName, LastName, MiddleInitial, StreetAddress, Country,City, State,ZipCode, StudentGradeLevel, StudentGPA, StudentACTScore, StudentSATScore, StudentEthnicity, StudentGender, IncomeLevel, DaysAbsent, HoursOfWorkPlaceExp, StudentAthleteFlag, StudentGraduationTrack, StudentEmploymentFlag, StudentImage,SchoolEntityID)
values (882, 'Shawn', 'White', 'A', '8752 Brown Islands Suite 831', 'USA','South Rogerstad','VA','20040','Senior', 1.5, 23, 1262,'Caucasian','Male','Middle Income',9,25, 'N', 'N', 'N', 'img/student.jpg', 14);
insert into StudentInterestGroups (InterestGroupID, StudentEntityID)
values (2,882);
insert into StudentInterestGroups (InterestGroupID, StudentEntityID)
values (6,882);
insert into StudentInterestGroups (InterestGroupID, StudentEntityID)
values (4,882);
insert into StudentInterestGroups (InterestGroupID, StudentEntityID)
values (5,882);
insert into StudentInterestGroups (InterestGroupID, StudentEntityID)
values (8,882);
insert into userEntity (UserName, EmailAddress, EntityType)
values ('AnnFrederickM492', 'AnnFrederickM492@broadway.edu', 'STUD');
insert into student (StudentEntityID, FirstName, LastName, MiddleInitial, StreetAddress, Country,City, State,ZipCode, StudentGradeLevel, StudentGPA, StudentACTScore, StudentSATScore, StudentEthnicity, StudentGender, IncomeLevel, DaysAbsent, HoursOfWorkPlaceExp, StudentAthleteFlag, StudentGraduationTrack, StudentEmploymentFlag, StudentImage,SchoolEntityID)
values (883, 'Ann', 'Frederick', 'M', '44495 Martinez Trace Apt. 770', 'USA','Davidside','VA','20040','Senior', 2.17, 16, 1025,'Caucasian','Other','Higher Income',4,30, 'Y', 'Y', 'N', 'img/student.jpg', 16);
insert into StudentInterestGroups (InterestGroupID, StudentEntityID)
values (9,883);
insert into StudentInterestGroups (InterestGroupID, StudentEntityID)
values (12,883);
insert into StudentInterestGroups (InterestGroupID, StudentEntityID)
values (8,883);
insert into StudentInterestGroups (InterestGroupID, StudentEntityID)
values (1,883);
insert into userEntity (UserName, EmailAddress, EntityType)
values ('ElizabethRobertsD750', 'ElizabethRobertsD750@rockingham.k12.va.us', 'STUD');
insert into student (StudentEntityID, FirstName, LastName, MiddleInitial, StreetAddress, Country,City, State,ZipCode, StudentGradeLevel, StudentGPA, StudentACTScore, StudentSATScore, StudentEthnicity, StudentGender, IncomeLevel, DaysAbsent, HoursOfWorkPlaceExp, StudentAthleteFlag, StudentGraduationTrack, StudentEmploymentFlag, StudentImage,SchoolEntityID)
values (884, 'Elizabeth', 'Roberts', 'D', '949 Jacob Walks', 'USA','Port Brianville','VA','20040','Freshmen', 3.88, 0, 0,'Hispanic','Female','Higher Income',3,19, 'Y', 'Y', 'Y', 'img/student.jpg', 13);
insert into StudentInterestGroups (InterestGroupID, StudentEntityID)
values (5,884);
insert into StudentInterestGroups (InterestGroupID, StudentEntityID)
values (8,884);
insert into StudentInterestGroups (InterestGroupID, StudentEntityID)
values (9,884);
insert into StudentInterestGroups (InterestGroupID, StudentEntityID)
values (10,884);
insert into StudentInterestGroups (InterestGroupID, StudentEntityID)
values (3,884);
insert into userEntity (UserName, EmailAddress, EntityType)
values ('PaigeAvilaC446', 'PaigeAvilaC446@spotswood.edu', 'STUD');
insert into student (StudentEntityID, FirstName, LastName, MiddleInitial, StreetAddress, Country,City, State,ZipCode, StudentGradeLevel, StudentGPA, StudentACTScore, StudentSATScore, StudentEthnicity, StudentGender, IncomeLevel, DaysAbsent, HoursOfWorkPlaceExp, StudentAthleteFlag, StudentGraduationTrack, StudentEmploymentFlag, StudentImage,SchoolEntityID)
values (885, 'Paige', 'Avila', 'C', '1995 Berg Circles Suite 552', 'USA','Susanhaven','VA','20041','Junior', 1.54, 23, 795,'Caucasian','Female','Lower Income',11,23, 'Y', 'N', 'N', 'img/student.jpg', 14);
insert into StudentInterestGroups (InterestGroupID, StudentEntityID)
values (3,885);
insert into StudentInterestGroups (InterestGroupID, StudentEntityID)
values (7,885);
insert into StudentInterestGroups (InterestGroupID, StudentEntityID)
values (4,885);
insert into StudentInterestGroups (InterestGroupID, StudentEntityID)
values (9,885);
insert into StudentInterestGroups (InterestGroupID, StudentEntityID)
values (5,885);
insert into userEntity (UserName, EmailAddress, EntityType)
values ('JuanHallU823', 'JuanHallU823@rockingham.k12.va.us', 'STUD');
insert into student (StudentEntityID, FirstName, LastName, MiddleInitial, StreetAddress, Country,City, State,ZipCode, StudentGradeLevel, StudentGPA, StudentACTScore, StudentSATScore, StudentEthnicity, StudentGender, IncomeLevel, DaysAbsent, HoursOfWorkPlaceExp, StudentAthleteFlag, StudentGraduationTrack, StudentEmploymentFlag, StudentImage,SchoolEntityID)
values (886, 'Juan', 'Hall', 'U', '8197 Kevin Mills', 'USA','Cruzhaven','VA','20040','Freshmen', 3.83, 0, 0,'Caucasian','Other','Higher Income',4,17, 'Y', 'Y', 'Y', 'img/student.jpg', 13);
insert into StudentInterestGroups (InterestGroupID, StudentEntityID)
values (2,886);
insert into StudentInterestGroups (InterestGroupID, StudentEntityID)
values (11,886);
insert into StudentInterestGroups (InterestGroupID, StudentEntityID)
values (5,886);
insert into StudentInterestGroups (InterestGroupID, StudentEntityID)
values (6,886);
insert into StudentInterestGroups (InterestGroupID, StudentEntityID)
values (9,886);
insert into StudentInterestGroups (InterestGroupID, StudentEntityID)
values (3,886);
insert into StudentInterestGroups (InterestGroupID, StudentEntityID)
values (4,886);
insert into StudentInterestGroups (InterestGroupID, StudentEntityID)
values (12,886);
insert into userEntity (UserName, EmailAddress, EntityType)
values ('SuzanneTorresV451', 'SuzanneTorresV451@broadway.edu', 'STUD');
insert into student (StudentEntityID, FirstName, LastName, MiddleInitial, StreetAddress, Country,City, State,ZipCode, StudentGradeLevel, StudentGPA, StudentACTScore, StudentSATScore, StudentEthnicity, StudentGender, IncomeLevel, DaysAbsent, HoursOfWorkPlaceExp, StudentAthleteFlag, StudentGraduationTrack, StudentEmploymentFlag, StudentImage,SchoolEntityID)
values (887, 'Suzanne', 'Torres', 'V', '93947 Carney Fords Apt. 770', 'USA','Morganside','VA','20041','Senior', 2.05, 19, 1047,'Hispanic','Other','Higher Income',7,28, 'Y', 'Y', 'Y', 'img/student.jpg', 16);
insert into StudentInterestGroups (InterestGroupID, StudentEntityID)
values (10,887);
insert into StudentInterestGroups (InterestGroupID, StudentEntityID)
values (5,887);
insert into userEntity (UserName, EmailAddress, EntityType)
values ('JeffreyBurlinE444', 'JeffreyBurlinE444@turnerAshby.edu', 'STUD');
insert into student (StudentEntityID, FirstName, LastName, MiddleInitial, StreetAddress, Country,City, State,ZipCode, StudentGradeLevel, StudentGPA, StudentACTScore, StudentSATScore, StudentEthnicity, StudentGender, IncomeLevel, DaysAbsent, HoursOfWorkPlaceExp, StudentAthleteFlag, StudentGraduationTrack, StudentEmploymentFlag, StudentImage,SchoolEntityID)
values (888, 'Jeffrey', 'Burlin', 'E', '732 Rodriguez Island Apt. 929', 'USA','Lake Michaelport','VA','20041','Freshmen', 3.13, 0, 0,'Caucasian','Other','Middle Income',1,13, 'Y', 'Y', 'Y', 'img/student.jpg', 15);
insert into StudentInterestGroups (InterestGroupID, StudentEntityID)
values (5,888);
insert into StudentInterestGroups (InterestGroupID, StudentEntityID)
values (8,888);
insert into StudentInterestGroups (InterestGroupID, StudentEntityID)
values (2,888);
insert into StudentInterestGroups (InterestGroupID, StudentEntityID)
values (6,888);
insert into StudentInterestGroups (InterestGroupID, StudentEntityID)
values (12,888);
insert into StudentInterestGroups (InterestGroupID, StudentEntityID)
values (10,888);
insert into StudentInterestGroups (InterestGroupID, StudentEntityID)
values (11,888);
insert into StudentInterestGroups (InterestGroupID, StudentEntityID)
values (3,888);
insert into userEntity (UserName, EmailAddress, EntityType)
values ('JeromeMontgomeryS727', 'JeromeMontgomeryS727@spotswood.edu', 'STUD');
insert into student (StudentEntityID, FirstName, LastName, MiddleInitial, StreetAddress, Country,City, State,ZipCode, StudentGradeLevel, StudentGPA, StudentACTScore, StudentSATScore, StudentEthnicity, StudentGender, IncomeLevel, DaysAbsent, HoursOfWorkPlaceExp, StudentAthleteFlag, StudentGraduationTrack, StudentEmploymentFlag, StudentImage,SchoolEntityID)
values (889, 'Jerome', 'Montgomery', 'S', '3075 Carol Wall Suite 438', 'USA','South Anthony','VA','20041','Freshmen', 3.03, 0, 0,'Caucasian','Other','Higher Income',5,14, 'Y', 'Y', 'N', 'img/student.jpg', 14);
insert into StudentInterestGroups (InterestGroupID, StudentEntityID)
values (8,889);
insert into userEntity (UserName, EmailAddress, EntityType)
values ('KellySlowikO931', 'KellySlowikO931@Louisa.edu', 'STUD');
insert into student (StudentEntityID, FirstName, LastName, MiddleInitial, StreetAddress, Country,City, State,ZipCode, StudentGradeLevel, StudentGPA, StudentACTScore, StudentSATScore, StudentEthnicity, StudentGender, IncomeLevel, DaysAbsent, HoursOfWorkPlaceExp, StudentAthleteFlag, StudentGraduationTrack, StudentEmploymentFlag, StudentImage,SchoolEntityID)
values (890, 'Kelly', 'Slowik', 'O', '0375 Suzanne Well Suite 606', 'USA','Lake Leslie','VA','20041','Freshmen', 2.62, 0, 0,'African American','Other','Lower Income',7,16, 'N', 'Y', 'Y', 'img/student.jpg', 12);
insert into StudentInterestGroups (InterestGroupID, StudentEntityID)
values (7,890);
insert into StudentInterestGroups (InterestGroupID, StudentEntityID)
values (12,890);
insert into StudentInterestGroups (InterestGroupID, StudentEntityID)
values (6,890);
insert into StudentInterestGroups (InterestGroupID, StudentEntityID)
values (1,890);
insert into StudentInterestGroups (InterestGroupID, StudentEntityID)
values (3,890);
insert into StudentInterestGroups (InterestGroupID, StudentEntityID)
values (2,890);
insert into userEntity (UserName, EmailAddress, EntityType)
values ('CourtneyCorteseP749', 'CourtneyCorteseP749@rockingham.k12.va.us', 'STUD');
insert into student (StudentEntityID, FirstName, LastName, MiddleInitial, StreetAddress, Country,City, State,ZipCode, StudentGradeLevel, StudentGPA, StudentACTScore, StudentSATScore, StudentEthnicity, StudentGender, IncomeLevel, DaysAbsent, HoursOfWorkPlaceExp, StudentAthleteFlag, StudentGraduationTrack, StudentEmploymentFlag, StudentImage,SchoolEntityID)
values (891, 'Courtney', 'Cortese', 'P', '881 Acevedo Forks Apt. 217', 'USA','Clarkefort','VA','20040','Junior', 1.05, 17, 1120,'Not selected or Other','Female','Middle Income',13,11, 'Y', 'N', 'N', 'img/student.jpg', 13);
insert into StudentInterestGroups (InterestGroupID, StudentEntityID)
values (1,891);
insert into userEntity (UserName, EmailAddress, EntityType)
values ('JamesNelsonK882', 'JamesNelsonK882@rockingham.k12.va.us', 'STUD');
insert into student (StudentEntityID, FirstName, LastName, MiddleInitial, StreetAddress, Country,City, State,ZipCode, StudentGradeLevel, StudentGPA, StudentACTScore, StudentSATScore, StudentEthnicity, StudentGender, IncomeLevel, DaysAbsent, HoursOfWorkPlaceExp, StudentAthleteFlag, StudentGraduationTrack, StudentEmploymentFlag, StudentImage,SchoolEntityID)
values (892, 'James', 'Nelson', 'K', '055 Lee Lake Apt. 191', 'USA','Lake Jessica','VA','20041','Sophomore', 2.77, 0, 0,'Caucasian','Male','Lower Income',0,18, 'Y', 'Y', 'N', 'img/student.jpg', 13);
insert into StudentInterestGroups (InterestGroupID, StudentEntityID)
values (11,892);
insert into StudentInterestGroups (InterestGroupID, StudentEntityID)
values (1,892);
insert into StudentInterestGroups (InterestGroupID, StudentEntityID)
values (6,892);
insert into StudentInterestGroups (InterestGroupID, StudentEntityID)
values (9,892);
insert into StudentInterestGroups (InterestGroupID, StudentEntityID)
values (4,892);
insert into StudentInterestGroups (InterestGroupID, StudentEntityID)
values (12,892);
insert into StudentInterestGroups (InterestGroupID, StudentEntityID)
values (2,892);
insert into userEntity (UserName, EmailAddress, EntityType)
values ('WendyGlesenerW252', 'WendyGlesenerW252@harrisonburg.edu', 'STUD');
insert into student (StudentEntityID, FirstName, LastName, MiddleInitial, StreetAddress, Country,City, State,ZipCode, StudentGradeLevel, StudentGPA, StudentACTScore, StudentSATScore, StudentEthnicity, StudentGender, IncomeLevel, DaysAbsent, HoursOfWorkPlaceExp, StudentAthleteFlag, StudentGraduationTrack, StudentEmploymentFlag, StudentImage,SchoolEntityID)
values (893, 'Wendy', 'Glesener', 'W', '691 Bennett Walks Apt. 315', 'USA','North Peggychester','VA','20040','Senior', 3.87, 28, 1558,'Hispanic','Female','Higher Income',5,40, 'N', 'Y', 'N', 'img/student.jpg', 17);
insert into StudentInterestGroups (InterestGroupID, StudentEntityID)
values (2,893);
insert into StudentInterestGroups (InterestGroupID, StudentEntityID)
values (12,893);
insert into StudentInterestGroups (InterestGroupID, StudentEntityID)
values (9,893);
insert into StudentInterestGroups (InterestGroupID, StudentEntityID)
values (3,893);
insert into StudentInterestGroups (InterestGroupID, StudentEntityID)
values (1,893);
insert into StudentInterestGroups (InterestGroupID, StudentEntityID)
values (6,893);
insert into StudentInterestGroups (InterestGroupID, StudentEntityID)
values (8,893);
insert into StudentInterestGroups (InterestGroupID, StudentEntityID)
values (7,893);
insert into userEntity (UserName, EmailAddress, EntityType)
values ('AndreasShinG898', 'AndreasShinG898@turnerAshby.edu', 'STUD');
insert into student (StudentEntityID, FirstName, LastName, MiddleInitial, StreetAddress, Country,City, State,ZipCode, StudentGradeLevel, StudentGPA, StudentACTScore, StudentSATScore, StudentEthnicity, StudentGender, IncomeLevel, DaysAbsent, HoursOfWorkPlaceExp, StudentAthleteFlag, StudentGraduationTrack, StudentEmploymentFlag, StudentImage,SchoolEntityID)
values (894, 'Andreas', 'Shin', 'G', '19675 Anthony Spur', 'USA','Lake Timothy','VA','20040','Senior', 1.26, 16, 794,'Caucasian','Male','Higher Income',15,30, 'Y', 'N', 'Y', 'img/student.jpg', 15);
insert into StudentInterestGroups (InterestGroupID, StudentEntityID)
values (5,894);
insert into StudentInterestGroups (InterestGroupID, StudentEntityID)
values (11,894);
insert into StudentInterestGroups (InterestGroupID, StudentEntityID)
values (1,894);
insert into StudentInterestGroups (InterestGroupID, StudentEntityID)
values (8,894);
insert into userEntity (UserName, EmailAddress, EntityType)
values ('ChristineSnowS434', 'ChristineSnowS434@Louisa.edu', 'STUD');
insert into student (StudentEntityID, FirstName, LastName, MiddleInitial, StreetAddress, Country,City, State,ZipCode, StudentGradeLevel, StudentGPA, StudentACTScore, StudentSATScore, StudentEthnicity, StudentGender, IncomeLevel, DaysAbsent, HoursOfWorkPlaceExp, StudentAthleteFlag, StudentGraduationTrack, StudentEmploymentFlag, StudentImage,SchoolEntityID)
values (895, 'Christine', 'Snow', 'S', '448 Gonzalez Well Apt. 671', 'USA','Cookmouth','VA','20041','Senior', 3.28, 26, 1182,'African American','Female','Middle Income',1,33, 'Y', 'Y', 'N', 'img/student.jpg', 12);
insert into StudentInterestGroups (InterestGroupID, StudentEntityID)
values (9,895);
insert into StudentInterestGroups (InterestGroupID, StudentEntityID)
values (1,895);
insert into StudentInterestGroups (InterestGroupID, StudentEntityID)
values (3,895);
insert into userEntity (UserName, EmailAddress, EntityType)
values ('MichaelPapeN945', 'MichaelPapeN945@rockingham.k12.va.us', 'STUD');
insert into student (StudentEntityID, FirstName, LastName, MiddleInitial, StreetAddress, Country,City, State,ZipCode, StudentGradeLevel, StudentGPA, StudentACTScore, StudentSATScore, StudentEthnicity, StudentGender, IncomeLevel, DaysAbsent, HoursOfWorkPlaceExp, StudentAthleteFlag, StudentGraduationTrack, StudentEmploymentFlag, StudentImage,SchoolEntityID)
values (896, 'Michael', 'Pape', 'N', '510 Samantha Run Apt. 836', 'USA','Hammondmouth','VA','20041','Junior', 3.77, 25, 1222,'African American','Male','Lower Income',2,25, 'N', 'Y', 'Y', 'img/student.jpg', 13);
insert into StudentInterestGroups (InterestGroupID, StudentEntityID)
values (11,896);
insert into StudentInterestGroups (InterestGroupID, StudentEntityID)
values (3,896);
insert into userEntity (UserName, EmailAddress, EntityType)
values ('RyanLauxO159', 'RyanLauxO159@Louisa.edu', 'STUD');
insert into student (StudentEntityID, FirstName, LastName, MiddleInitial, StreetAddress, Country,City, State,ZipCode, StudentGradeLevel, StudentGPA, StudentACTScore, StudentSATScore, StudentEthnicity, StudentGender, IncomeLevel, DaysAbsent, HoursOfWorkPlaceExp, StudentAthleteFlag, StudentGraduationTrack, StudentEmploymentFlag, StudentImage,SchoolEntityID)
values (897, 'Ryan', 'Laux', 'O', '703 Adam Valley Suite 333', 'USA','Melissaport','VA','20041','Junior', 2.27, 24, 1335,'Caucasian','Male','Middle Income',12,20, 'Y', 'Y', 'N', 'img/student.jpg', 12);
insert into StudentInterestGroups (InterestGroupID, StudentEntityID)
values (12,897);
insert into StudentInterestGroups (InterestGroupID, StudentEntityID)
values (2,897);
insert into StudentInterestGroups (InterestGroupID, StudentEntityID)
values (9,897);
insert into userEntity (UserName, EmailAddress, EntityType)
values ('CharlesAyalaY36', 'CharlesAyalaY36@Louisa.edu', 'STUD');
insert into student (StudentEntityID, FirstName, LastName, MiddleInitial, StreetAddress, Country,City, State,ZipCode, StudentGradeLevel, StudentGPA, StudentACTScore, StudentSATScore, StudentEthnicity, StudentGender, IncomeLevel, DaysAbsent, HoursOfWorkPlaceExp, StudentAthleteFlag, StudentGraduationTrack, StudentEmploymentFlag, StudentImage,SchoolEntityID)
values (898, 'Charles', 'Ayala', 'Y', '37322 Zachary Circle Suite 962', 'USA','Brooksburgh','VA','20041','Junior', 3.05, 34, 1430,'African American','Male','Lower Income',5,32, 'N', 'Y', 'N', 'img/student.jpg', 12);
insert into StudentInterestGroups (InterestGroupID, StudentEntityID)
values (1,898);
insert into StudentInterestGroups (InterestGroupID, StudentEntityID)
values (6,898);
insert into StudentInterestGroups (InterestGroupID, StudentEntityID)
values (2,898);
insert into StudentInterestGroups (InterestGroupID, StudentEntityID)
values (9,898);
insert into StudentInterestGroups (InterestGroupID, StudentEntityID)
values (8,898);
insert into StudentInterestGroups (InterestGroupID, StudentEntityID)
values (3,898);
insert into StudentInterestGroups (InterestGroupID, StudentEntityID)
values (5,898);
insert into userEntity (UserName, EmailAddress, EntityType)
values ('MonicaGarciaB356', 'MonicaGarciaB356@Louisa.edu', 'STUD');
insert into student (StudentEntityID, FirstName, LastName, MiddleInitial, StreetAddress, Country,City, State,ZipCode, StudentGradeLevel, StudentGPA, StudentACTScore, StudentSATScore, StudentEthnicity, StudentGender, IncomeLevel, DaysAbsent, HoursOfWorkPlaceExp, StudentAthleteFlag, StudentGraduationTrack, StudentEmploymentFlag, StudentImage,SchoolEntityID)
values (899, 'Monica', 'Garcia', 'B', '8919 Wood Lane', 'USA','New Jonathan','VA','20041','Freshmen', 2.86, 0, 0,'Caucasian','Female','Middle Income',1,16, 'Y', 'Y', 'Y', 'img/student.jpg', 12);
insert into StudentInterestGroups (InterestGroupID, StudentEntityID)
values (8,899);
insert into StudentInterestGroups (InterestGroupID, StudentEntityID)
values (10,899);
insert into StudentInterestGroups (InterestGroupID, StudentEntityID)
values (1,899);
insert into StudentInterestGroups (InterestGroupID, StudentEntityID)
values (9,899);
insert into StudentInterestGroups (InterestGroupID, StudentEntityID)
values (4,899);
insert into StudentInterestGroups (InterestGroupID, StudentEntityID)
values (6,899);
insert into StudentInterestGroups (InterestGroupID, StudentEntityID)
values (3,899);
insert into userEntity (UserName, EmailAddress, EntityType)
values ('RuthBemanZ801', 'RuthBemanZ801@harrisonburg.edu', 'STUD');
insert into student (StudentEntityID, FirstName, LastName, MiddleInitial, StreetAddress, Country,City, State,ZipCode, StudentGradeLevel, StudentGPA, StudentACTScore, StudentSATScore, StudentEthnicity, StudentGender, IncomeLevel, DaysAbsent, HoursOfWorkPlaceExp, StudentAthleteFlag, StudentGraduationTrack, StudentEmploymentFlag, StudentImage,SchoolEntityID)
values (900, 'Ruth', 'Beman', 'Z', '379 Simmons Orchard Apt. 721', 'USA','North Markstad','VA','20041','Junior', 3.47, 32, 1550,'Not selected or Other','Female','Lower Income',3,26, 'N', 'Y', 'N', 'img/student.jpg', 17);
insert into StudentInterestGroups (InterestGroupID, StudentEntityID)
values (11,900);
insert into userEntity (UserName, EmailAddress, EntityType)
values ('DavidBlazerX978', 'DavidBlazerX978@harrisonburg.edu', 'STUD');
insert into student (StudentEntityID, FirstName, LastName, MiddleInitial, StreetAddress, Country,City, State,ZipCode, StudentGradeLevel, StudentGPA, StudentACTScore, StudentSATScore, StudentEthnicity, StudentGender, IncomeLevel, DaysAbsent, HoursOfWorkPlaceExp, StudentAthleteFlag, StudentGraduationTrack, StudentEmploymentFlag, StudentImage,SchoolEntityID)
values (901, 'David', 'Blazer', 'X', '0289 Christopher Throughway', 'USA','Douglasfort','VA','20041','Sophomore', 2.06, 0, 0,'Hispanic','Other','Middle Income',10,20, 'Y', 'Y', 'N', 'img/student.jpg', 17);
insert into StudentInterestGroups (InterestGroupID, StudentEntityID)
values (10,901);
insert into StudentInterestGroups (InterestGroupID, StudentEntityID)
values (12,901);
insert into StudentInterestGroups (InterestGroupID, StudentEntityID)
values (4,901);
insert into StudentInterestGroups (InterestGroupID, StudentEntityID)
values (7,901);
insert into StudentInterestGroups (InterestGroupID, StudentEntityID)
values (11,901);
insert into StudentInterestGroups (InterestGroupID, StudentEntityID)
values (1,901);
insert into StudentInterestGroups (InterestGroupID, StudentEntityID)
values (8,901);
insert into userEntity (UserName, EmailAddress, EntityType)
values ('BeverlyHarmonF163', 'BeverlyHarmonF163@Louisa.edu', 'STUD');
insert into student (StudentEntityID, FirstName, LastName, MiddleInitial, StreetAddress, Country,City, State,ZipCode, StudentGradeLevel, StudentGPA, StudentACTScore, StudentSATScore, StudentEthnicity, StudentGender, IncomeLevel, DaysAbsent, HoursOfWorkPlaceExp, StudentAthleteFlag, StudentGraduationTrack, StudentEmploymentFlag, StudentImage,SchoolEntityID)
values (902, 'Beverly', 'Harmon', 'F', '34793 Marcia Neck Suite 010', 'USA','Burkeside','VA','20041','Junior', 3.91, 33, 1550,'Caucasian','Other','Higher Income',0,32, 'Y', 'Y', 'N', 'img/student.jpg', 12);
insert into StudentInterestGroups (InterestGroupID, StudentEntityID)
values (4,902);
insert into StudentInterestGroups (InterestGroupID, StudentEntityID)
values (5,902);
insert into StudentInterestGroups (InterestGroupID, StudentEntityID)
values (11,902);
insert into StudentInterestGroups (InterestGroupID, StudentEntityID)
values (6,902);
insert into StudentInterestGroups (InterestGroupID, StudentEntityID)
values (2,902);
insert into userEntity (UserName, EmailAddress, EntityType)
values ('MaryGoggansE124', 'MaryGoggansE124@rockingham.k12.va.us', 'STUD');
insert into student (StudentEntityID, FirstName, LastName, MiddleInitial, StreetAddress, Country,City, State,ZipCode, StudentGradeLevel, StudentGPA, StudentACTScore, StudentSATScore, StudentEthnicity, StudentGender, IncomeLevel, DaysAbsent, HoursOfWorkPlaceExp, StudentAthleteFlag, StudentGraduationTrack, StudentEmploymentFlag, StudentImage,SchoolEntityID)
values (903, 'Mary', 'Goggans', 'E', '0905 Jennings Forks Suite 839', 'USA','Hunthaven','VA','20041','Sophomore', 2.68, 0, 0,'Caucasian','Female','Middle Income',0,25, 'Y', 'Y', 'N', 'img/student.jpg', 13);
insert into StudentInterestGroups (InterestGroupID, StudentEntityID)
values (5,903);
insert into StudentInterestGroups (InterestGroupID, StudentEntityID)
values (2,903);
insert into StudentInterestGroups (InterestGroupID, StudentEntityID)
values (11,903);
insert into StudentInterestGroups (InterestGroupID, StudentEntityID)
values (7,903);
insert into StudentInterestGroups (InterestGroupID, StudentEntityID)
values (12,903);
insert into userEntity (UserName, EmailAddress, EntityType)
values ('LindaSweetO417', 'LindaSweetO417@broadway.edu', 'STUD');
insert into student (StudentEntityID, FirstName, LastName, MiddleInitial, StreetAddress, Country,City, State,ZipCode, StudentGradeLevel, StudentGPA, StudentACTScore, StudentSATScore, StudentEthnicity, StudentGender, IncomeLevel, DaysAbsent, HoursOfWorkPlaceExp, StudentAthleteFlag, StudentGraduationTrack, StudentEmploymentFlag, StudentImage,SchoolEntityID)
values (904, 'Linda', 'Sweet', 'O', '96876 Harris Radial', 'USA','Thomasport','VA','20041','Junior', 2.48, 21, 830,'Hispanic','Female','Middle Income',10,22, 'Y', 'Y', 'Y', 'img/student.jpg', 16);
insert into StudentInterestGroups (InterestGroupID, StudentEntityID)
values (12,904);
insert into StudentInterestGroups (InterestGroupID, StudentEntityID)
values (4,904);
insert into StudentInterestGroups (InterestGroupID, StudentEntityID)
values (7,904);
insert into StudentInterestGroups (InterestGroupID, StudentEntityID)
values (10,904);
insert into StudentInterestGroups (InterestGroupID, StudentEntityID)
values (5,904);
insert into StudentInterestGroups (InterestGroupID, StudentEntityID)
values (11,904);
insert into userEntity (UserName, EmailAddress, EntityType)
values ('EmmaLandryM465', 'EmmaLandryM465@turnerAshby.edu', 'STUD');
insert into student (StudentEntityID, FirstName, LastName, MiddleInitial, StreetAddress, Country,City, State,ZipCode, StudentGradeLevel, StudentGPA, StudentACTScore, StudentSATScore, StudentEthnicity, StudentGender, IncomeLevel, DaysAbsent, HoursOfWorkPlaceExp, StudentAthleteFlag, StudentGraduationTrack, StudentEmploymentFlag, StudentImage,SchoolEntityID)
values (905, 'Emma', 'Landry', 'M', '350 Lucero Port Suite 833', 'USA','Evansfurt','VA','20040','Freshmen', 1.62, 0, 0,'Caucasian','Female','Lower Income',8,6, 'N', 'N', 'Y', 'img/student.jpg', 15);
insert into StudentInterestGroups (InterestGroupID, StudentEntityID)
values (4,905);
insert into StudentInterestGroups (InterestGroupID, StudentEntityID)
values (6,905);
insert into userEntity (UserName, EmailAddress, EntityType)
values ('HerbertWeaverI604', 'HerbertWeaverI604@rockingham.k12.va.us', 'STUD');
insert into student (StudentEntityID, FirstName, LastName, MiddleInitial, StreetAddress, Country,City, State,ZipCode, StudentGradeLevel, StudentGPA, StudentACTScore, StudentSATScore, StudentEthnicity, StudentGender, IncomeLevel, DaysAbsent, HoursOfWorkPlaceExp, StudentAthleteFlag, StudentGraduationTrack, StudentEmploymentFlag, StudentImage,SchoolEntityID)
values (906, 'Herbert', 'Weaver', 'I', '8253 Clayton Haven Suite 179', 'USA','West Morgan','VA','20041','Senior', 1.8, 15, 866,'Asian','Male','Lower Income',8,34, 'Y', 'N', 'N', 'img/student.jpg', 13);
insert into StudentInterestGroups (InterestGroupID, StudentEntityID)
values (6,906);
insert into StudentInterestGroups (InterestGroupID, StudentEntityID)
values (3,906);
insert into StudentInterestGroups (InterestGroupID, StudentEntityID)
values (10,906);
insert into StudentInterestGroups (InterestGroupID, StudentEntityID)
values (9,906);
insert into userEntity (UserName, EmailAddress, EntityType)
values ('DianaLariviereP825', 'DianaLariviereP825@harrisonburg.edu', 'STUD');
insert into student (StudentEntityID, FirstName, LastName, MiddleInitial, StreetAddress, Country,City, State,ZipCode, StudentGradeLevel, StudentGPA, StudentACTScore, StudentSATScore, StudentEthnicity, StudentGender, IncomeLevel, DaysAbsent, HoursOfWorkPlaceExp, StudentAthleteFlag, StudentGraduationTrack, StudentEmploymentFlag, StudentImage,SchoolEntityID)
values (907, 'Diana', 'Lariviere', 'P', '5125 Randall Canyon Suite 505', 'USA','Port David','VA','20040','Freshmen', 1.96, 0, 0,'African American','Female','Lower Income',12,3, 'N', 'N', 'N', 'img/student.jpg', 17);
insert into StudentInterestGroups (InterestGroupID, StudentEntityID)
values (5,907);
insert into StudentInterestGroups (InterestGroupID, StudentEntityID)
values (6,907);
insert into StudentInterestGroups (InterestGroupID, StudentEntityID)
values (12,907);
insert into StudentInterestGroups (InterestGroupID, StudentEntityID)
values (2,907);
insert into StudentInterestGroups (InterestGroupID, StudentEntityID)
values (11,907);
insert into userEntity (UserName, EmailAddress, EntityType)
values ('EugeneCurrieW762', 'EugeneCurrieW762@Louisa.edu', 'STUD');
insert into student (StudentEntityID, FirstName, LastName, MiddleInitial, StreetAddress, Country,City, State,ZipCode, StudentGradeLevel, StudentGPA, StudentACTScore, StudentSATScore, StudentEthnicity, StudentGender, IncomeLevel, DaysAbsent, HoursOfWorkPlaceExp, StudentAthleteFlag, StudentGraduationTrack, StudentEmploymentFlag, StudentImage,SchoolEntityID)
values (908, 'Eugene', 'Currie', 'W', '5228 Mitchell Garden Suite 370', 'USA','East Donaldside','VA','20040','Freshmen', 2.96, 0, 0,'Caucasian','Male','Higher Income',1,12, 'N', 'Y', 'N', 'img/student.jpg', 12);
insert into StudentInterestGroups (InterestGroupID, StudentEntityID)
values (9,908);
insert into StudentInterestGroups (InterestGroupID, StudentEntityID)
values (1,908);
insert into StudentInterestGroups (InterestGroupID, StudentEntityID)
values (2,908);
insert into StudentInterestGroups (InterestGroupID, StudentEntityID)
values (10,908);
insert into userEntity (UserName, EmailAddress, EntityType)
values ('DavidThomasY151', 'DavidThomasY151@broadway.edu', 'STUD');
insert into student (StudentEntityID, FirstName, LastName, MiddleInitial, StreetAddress, Country,City, State,ZipCode, StudentGradeLevel, StudentGPA, StudentACTScore, StudentSATScore, StudentEthnicity, StudentGender, IncomeLevel, DaysAbsent, HoursOfWorkPlaceExp, StudentAthleteFlag, StudentGraduationTrack, StudentEmploymentFlag, StudentImage,SchoolEntityID)
values (909, 'David', 'Thomas', 'Y', '0737 Parker Cove', 'USA','Andersontown','VA','20040','Sophomore', 1.49, 0, 0,'Hispanic','Male','Lower Income',13,1, 'N', 'N', 'N', 'img/student.jpg', 16);
insert into StudentInterestGroups (InterestGroupID, StudentEntityID)
values (12,909);
insert into StudentInterestGroups (InterestGroupID, StudentEntityID)
values (5,909);
insert into StudentInterestGroups (InterestGroupID, StudentEntityID)
values (1,909);
insert into StudentInterestGroups (InterestGroupID, StudentEntityID)
values (2,909);
insert into StudentInterestGroups (InterestGroupID, StudentEntityID)
values (4,909);
insert into StudentInterestGroups (InterestGroupID, StudentEntityID)
values (8,909);
insert into userEntity (UserName, EmailAddress, EntityType)
values ('TylerDelarosaV398', 'TylerDelarosaV398@Louisa.edu', 'STUD');
insert into student (StudentEntityID, FirstName, LastName, MiddleInitial, StreetAddress, Country,City, State,ZipCode, StudentGradeLevel, StudentGPA, StudentACTScore, StudentSATScore, StudentEthnicity, StudentGender, IncomeLevel, DaysAbsent, HoursOfWorkPlaceExp, StudentAthleteFlag, StudentGraduationTrack, StudentEmploymentFlag, StudentImage,SchoolEntityID)
values (910, 'Tyler', 'Delarosa', 'V', '36747 Higgins Islands Suite 652', 'USA','Roseburgh','VA','20040','Freshmen', 3.81, 0, 0,'Caucasian','Male','Middle Income',5,16, 'N', 'Y', 'N', 'img/student.jpg', 12);
insert into StudentInterestGroups (InterestGroupID, StudentEntityID)
values (4,910);
insert into StudentInterestGroups (InterestGroupID, StudentEntityID)
values (12,910);
insert into StudentInterestGroups (InterestGroupID, StudentEntityID)
values (1,910);
insert into StudentInterestGroups (InterestGroupID, StudentEntityID)
values (10,910);
insert into StudentInterestGroups (InterestGroupID, StudentEntityID)
values (3,910);
insert into StudentInterestGroups (InterestGroupID, StudentEntityID)
values (5,910);
insert into StudentInterestGroups (InterestGroupID, StudentEntityID)
values (7,910);
insert into userEntity (UserName, EmailAddress, EntityType)
values ('DelmarPascualG484', 'DelmarPascualG484@broadway.edu', 'STUD');
insert into student (StudentEntityID, FirstName, LastName, MiddleInitial, StreetAddress, Country,City, State,ZipCode, StudentGradeLevel, StudentGPA, StudentACTScore, StudentSATScore, StudentEthnicity, StudentGender, IncomeLevel, DaysAbsent, HoursOfWorkPlaceExp, StudentAthleteFlag, StudentGraduationTrack, StudentEmploymentFlag, StudentImage,SchoolEntityID)
values (911, 'Delmar', 'Pascual', 'G', '787 Rebekah Trafficway', 'USA','Lake Gloriafort','VA','20040','Freshmen', 1.23, 0, 0,'Pacific Islander','Male','Middle Income',14,1, 'Y', 'N', 'N', 'img/student.jpg', 16);
insert into StudentInterestGroups (InterestGroupID, StudentEntityID)
values (6,911);
insert into StudentInterestGroups (InterestGroupID, StudentEntityID)
values (1,911);
insert into StudentInterestGroups (InterestGroupID, StudentEntityID)
values (12,911);
insert into userEntity (UserName, EmailAddress, EntityType)
values ('JohnDuncanO718', 'JohnDuncanO718@spotswood.edu', 'STUD');
insert into student (StudentEntityID, FirstName, LastName, MiddleInitial, StreetAddress, Country,City, State,ZipCode, StudentGradeLevel, StudentGPA, StudentACTScore, StudentSATScore, StudentEthnicity, StudentGender, IncomeLevel, DaysAbsent, HoursOfWorkPlaceExp, StudentAthleteFlag, StudentGraduationTrack, StudentEmploymentFlag, StudentImage,SchoolEntityID)
values (912, 'John', 'Duncan', 'O', '59823 Lauren Road Suite 352', 'USA','Rachelshire','VA','20040','Senior', 2.04, 20, 1206,'Caucasian','Male','Middle Income',3,35, 'Y', 'Y', 'N', 'img/student.jpg', 14);
insert into StudentInterestGroups (InterestGroupID, StudentEntityID)
values (4,912);
insert into StudentInterestGroups (InterestGroupID, StudentEntityID)
values (10,912);
insert into StudentInterestGroups (InterestGroupID, StudentEntityID)
values (11,912);
insert into StudentInterestGroups (InterestGroupID, StudentEntityID)
values (8,912);
insert into StudentInterestGroups (InterestGroupID, StudentEntityID)
values (7,912);
insert into userEntity (UserName, EmailAddress, EntityType)
values ('JacquelinePlossM373', 'JacquelinePlossM373@turnerAshby.edu', 'STUD');
insert into student (StudentEntityID, FirstName, LastName, MiddleInitial, StreetAddress, Country,City, State,ZipCode, StudentGradeLevel, StudentGPA, StudentACTScore, StudentSATScore, StudentEthnicity, StudentGender, IncomeLevel, DaysAbsent, HoursOfWorkPlaceExp, StudentAthleteFlag, StudentGraduationTrack, StudentEmploymentFlag, StudentImage,SchoolEntityID)
values (913, 'Jacqueline', 'Ploss', 'M', '7368 Rowe Wall Apt. 448', 'USA','Millermouth','VA','20041','Freshmen', 3.3, 0, 0,'Caucasian','Female','Middle Income',2,18, 'N', 'Y', 'N', 'img/student.jpg', 15);
insert into StudentInterestGroups (InterestGroupID, StudentEntityID)
values (12,913);
insert into StudentInterestGroups (InterestGroupID, StudentEntityID)
values (2,913);
insert into StudentInterestGroups (InterestGroupID, StudentEntityID)
values (6,913);
insert into StudentInterestGroups (InterestGroupID, StudentEntityID)
values (7,913);
insert into userEntity (UserName, EmailAddress, EntityType)
values ('JamesWrightD739', 'JamesWrightD739@turnerAshby.edu', 'STUD');
insert into student (StudentEntityID, FirstName, LastName, MiddleInitial, StreetAddress, Country,City, State,ZipCode, StudentGradeLevel, StudentGPA, StudentACTScore, StudentSATScore, StudentEthnicity, StudentGender, IncomeLevel, DaysAbsent, HoursOfWorkPlaceExp, StudentAthleteFlag, StudentGraduationTrack, StudentEmploymentFlag, StudentImage,SchoolEntityID)
values (914, 'James', 'Wright', 'D', '846 Taylor Springs Apt. 278', 'USA','Lake Jodibury','VA','20041','Freshmen', 1.47, 0, 0,'Asian','Male','Middle Income',13,2, 'N', 'N', 'N', 'img/student.jpg', 15);
insert into StudentInterestGroups (InterestGroupID, StudentEntityID)
values (10,914);
insert into StudentInterestGroups (InterestGroupID, StudentEntityID)
values (1,914);
insert into StudentInterestGroups (InterestGroupID, StudentEntityID)
values (12,914);
insert into StudentInterestGroups (InterestGroupID, StudentEntityID)
values (2,914);
insert into userEntity (UserName, EmailAddress, EntityType)
values ('MargaretHernandezF965', 'MargaretHernandezF965@broadway.edu', 'STUD');
insert into student (StudentEntityID, FirstName, LastName, MiddleInitial, StreetAddress, Country,City, State,ZipCode, StudentGradeLevel, StudentGPA, StudentACTScore, StudentSATScore, StudentEthnicity, StudentGender, IncomeLevel, DaysAbsent, HoursOfWorkPlaceExp, StudentAthleteFlag, StudentGraduationTrack, StudentEmploymentFlag, StudentImage,SchoolEntityID)
values (915, 'Margaret', 'Hernandez', 'F', '7213 Linda Ridge', 'USA','Ingramborough','VA','20041','Sophomore', 1.73, 0, 0,'Caucasian','Female','Lower Income',12,10, 'Y', 'N', 'Y', 'img/student.jpg', 16);
insert into StudentInterestGroups (InterestGroupID, StudentEntityID)
values (4,915);
insert into StudentInterestGroups (InterestGroupID, StudentEntityID)
values (7,915);
insert into StudentInterestGroups (InterestGroupID, StudentEntityID)
values (8,915);
insert into StudentInterestGroups (InterestGroupID, StudentEntityID)
values (10,915);
insert into userEntity (UserName, EmailAddress, EntityType)
values ('KelvinWalsonU578', 'KelvinWalsonU578@harrisonburg.edu', 'STUD');
insert into student (StudentEntityID, FirstName, LastName, MiddleInitial, StreetAddress, Country,City, State,ZipCode, StudentGradeLevel, StudentGPA, StudentACTScore, StudentSATScore, StudentEthnicity, StudentGender, IncomeLevel, DaysAbsent, HoursOfWorkPlaceExp, StudentAthleteFlag, StudentGraduationTrack, StudentEmploymentFlag, StudentImage,SchoolEntityID)
values (916, 'Kelvin', 'Walson', 'U', '448 Wendy Ridge Suite 346', 'USA','Lake Laurietown','VA','20041','Freshmen', 1.67, 0, 0,'Pacific Islander','Male','Higher Income',12,9, 'Y', 'N', 'N', 'img/student.jpg', 17);
insert into StudentInterestGroups (InterestGroupID, StudentEntityID)
values (8,916);
insert into StudentInterestGroups (InterestGroupID, StudentEntityID)
values (9,916);
insert into StudentInterestGroups (InterestGroupID, StudentEntityID)
values (12,916);
insert into StudentInterestGroups (InterestGroupID, StudentEntityID)
values (11,916);
insert into StudentInterestGroups (InterestGroupID, StudentEntityID)
values (1,916);
insert into userEntity (UserName, EmailAddress, EntityType)
values ('DanielBrumfieldT299', 'DanielBrumfieldT299@harrisonburg.edu', 'STUD');
insert into student (StudentEntityID, FirstName, LastName, MiddleInitial, StreetAddress, Country,City, State,ZipCode, StudentGradeLevel, StudentGPA, StudentACTScore, StudentSATScore, StudentEthnicity, StudentGender, IncomeLevel, DaysAbsent, HoursOfWorkPlaceExp, StudentAthleteFlag, StudentGraduationTrack, StudentEmploymentFlag, StudentImage,SchoolEntityID)
values (917, 'Daniel', 'Brumfield', 'T', '06731 King Hills Suite 486', 'USA','Larrychester','VA','20041','Senior', 2.43, 15, 1163,'Caucasian','Male','Lower Income',3,35, 'N', 'Y', 'Y', 'img/student.jpg', 17);
insert into StudentInterestGroups (InterestGroupID, StudentEntityID)
values (3,917);
insert into StudentInterestGroups (InterestGroupID, StudentEntityID)
values (7,917);
insert into userEntity (UserName, EmailAddress, EntityType)
values ('ViolaZimmermanD694', 'ViolaZimmermanD694@Louisa.edu', 'STUD');
insert into student (StudentEntityID, FirstName, LastName, MiddleInitial, StreetAddress, Country,City, State,ZipCode, StudentGradeLevel, StudentGPA, StudentACTScore, StudentSATScore, StudentEthnicity, StudentGender, IncomeLevel, DaysAbsent, HoursOfWorkPlaceExp, StudentAthleteFlag, StudentGraduationTrack, StudentEmploymentFlag, StudentImage,SchoolEntityID)
values (918, 'Viola', 'Zimmerman', 'D', '1164 Cross Summit', 'USA','Chamberstown','VA','20041','Sophomore', 1.96, 0, 0,'Caucasian','Female','Higher Income',10,6, 'N', 'N', 'Y', 'img/student.jpg', 12);
insert into StudentInterestGroups (InterestGroupID, StudentEntityID)
values (2,918);
insert into StudentInterestGroups (InterestGroupID, StudentEntityID)
values (7,918);
insert into StudentInterestGroups (InterestGroupID, StudentEntityID)
values (11,918);
insert into StudentInterestGroups (InterestGroupID, StudentEntityID)
values (6,918);
insert into StudentInterestGroups (InterestGroupID, StudentEntityID)
values (4,918);
insert into StudentInterestGroups (InterestGroupID, StudentEntityID)
values (9,918);
insert into StudentInterestGroups (InterestGroupID, StudentEntityID)
values (12,918);
insert into StudentInterestGroups (InterestGroupID, StudentEntityID)
values (1,918);
insert into userEntity (UserName, EmailAddress, EntityType)
values ('JoRichardsonD540', 'JoRichardsonD540@Louisa.edu', 'STUD');
insert into student (StudentEntityID, FirstName, LastName, MiddleInitial, StreetAddress, Country,City, State,ZipCode, StudentGradeLevel, StudentGPA, StudentACTScore, StudentSATScore, StudentEthnicity, StudentGender, IncomeLevel, DaysAbsent, HoursOfWorkPlaceExp, StudentAthleteFlag, StudentGraduationTrack, StudentEmploymentFlag, StudentImage,SchoolEntityID)
values (919, 'Jo', 'Richardson', 'D', '40888 Christopher Orchard Apt. 633', 'USA','New Mark','VA','20041','Senior', 1.18, 13, 975,'Hispanic','Female','Middle Income',14,23, 'Y', 'N', 'Y', 'img/student.jpg', 12);
insert into StudentInterestGroups (InterestGroupID, StudentEntityID)
values (5,919);
insert into StudentInterestGroups (InterestGroupID, StudentEntityID)
values (4,919);
insert into StudentInterestGroups (InterestGroupID, StudentEntityID)
values (7,919);
insert into StudentInterestGroups (InterestGroupID, StudentEntityID)
values (9,919);
insert into userEntity (UserName, EmailAddress, EntityType)
values ('CharlesNixonU880', 'CharlesNixonU880@rockingham.k12.va.us', 'STUD');
insert into student (StudentEntityID, FirstName, LastName, MiddleInitial, StreetAddress, Country,City, State,ZipCode, StudentGradeLevel, StudentGPA, StudentACTScore, StudentSATScore, StudentEthnicity, StudentGender, IncomeLevel, DaysAbsent, HoursOfWorkPlaceExp, StudentAthleteFlag, StudentGraduationTrack, StudentEmploymentFlag, StudentImage,SchoolEntityID)
values (920, 'Charles', 'Nixon', 'U', '5046 Leah Pass', 'USA','Gibsonberg','VA','20040','Senior', 2.01, 25, 1104,'Caucasian','Male','Lower Income',9,29, 'Y', 'Y', 'N', 'img/student.jpg', 13);
insert into StudentInterestGroups (InterestGroupID, StudentEntityID)
values (3,920);
insert into StudentInterestGroups (InterestGroupID, StudentEntityID)
values (1,920);
insert into StudentInterestGroups (InterestGroupID, StudentEntityID)
values (8,920);
insert into StudentInterestGroups (InterestGroupID, StudentEntityID)
values (2,920);
insert into StudentInterestGroups (InterestGroupID, StudentEntityID)
values (12,920);
insert into StudentInterestGroups (InterestGroupID, StudentEntityID)
values (7,920);
insert into StudentInterestGroups (InterestGroupID, StudentEntityID)
values (9,920);
insert into userEntity (UserName, EmailAddress, EntityType)
values ('MarkWalkerZ717', 'MarkWalkerZ717@spotswood.edu', 'STUD');
insert into student (StudentEntityID, FirstName, LastName, MiddleInitial, StreetAddress, Country,City, State,ZipCode, StudentGradeLevel, StudentGPA, StudentACTScore, StudentSATScore, StudentEthnicity, StudentGender, IncomeLevel, DaysAbsent, HoursOfWorkPlaceExp, StudentAthleteFlag, StudentGraduationTrack, StudentEmploymentFlag, StudentImage,SchoolEntityID)
values (921, 'Mark', 'Walker', 'Z', '157 Miller Squares Suite 366', 'USA','North Andrew','VA','20040','Freshmen', 1.85, 0, 0,'African American','Male','Higher Income',10,7, 'Y', 'N', 'Y', 'img/student.jpg', 14);
insert into StudentInterestGroups (InterestGroupID, StudentEntityID)
values (6,921);
insert into StudentInterestGroups (InterestGroupID, StudentEntityID)
values (12,921);
insert into userEntity (UserName, EmailAddress, EntityType)
values ('JaneSchaferB569', 'JaneSchaferB569@Louisa.edu', 'STUD');
insert into student (StudentEntityID, FirstName, LastName, MiddleInitial, StreetAddress, Country,City, State,ZipCode, StudentGradeLevel, StudentGPA, StudentACTScore, StudentSATScore, StudentEthnicity, StudentGender, IncomeLevel, DaysAbsent, HoursOfWorkPlaceExp, StudentAthleteFlag, StudentGraduationTrack, StudentEmploymentFlag, StudentImage,SchoolEntityID)
values (922, 'Jane', 'Schafer', 'B', '2287 Samantha Skyway Suite 189', 'USA','Harrisport','VA','20040','Senior', 1.79, 23, 1292,'Caucasian','Female','Higher Income',9,35, 'Y', 'N', 'N', 'img/student.jpg', 12);
insert into StudentInterestGroups (InterestGroupID, StudentEntityID)
values (12,922);
insert into StudentInterestGroups (InterestGroupID, StudentEntityID)
values (4,922);
insert into StudentInterestGroups (InterestGroupID, StudentEntityID)
values (8,922);
insert into StudentInterestGroups (InterestGroupID, StudentEntityID)
values (6,922);
insert into StudentInterestGroups (InterestGroupID, StudentEntityID)
values (9,922);
insert into userEntity (UserName, EmailAddress, EntityType)
values ('RolandSantiagoM86', 'RolandSantiagoM86@Louisa.edu', 'STUD');
insert into student (StudentEntityID, FirstName, LastName, MiddleInitial, StreetAddress, Country,City, State,ZipCode, StudentGradeLevel, StudentGPA, StudentACTScore, StudentSATScore, StudentEthnicity, StudentGender, IncomeLevel, DaysAbsent, HoursOfWorkPlaceExp, StudentAthleteFlag, StudentGraduationTrack, StudentEmploymentFlag, StudentImage,SchoolEntityID)
values (923, 'Roland', 'Santiago', 'M', '2409 Graham Well Apt. 728', 'USA','Cabrerabury','VA','20040','Junior', 2.39, 22, 1238,'Caucasian','Male','Lower Income',15,28, 'Y', 'Y', 'Y', 'img/student.jpg', 12);
insert into StudentInterestGroups (InterestGroupID, StudentEntityID)
values (11,923);
insert into StudentInterestGroups (InterestGroupID, StudentEntityID)
values (12,923);
insert into StudentInterestGroups (InterestGroupID, StudentEntityID)
values (10,923);
insert into StudentInterestGroups (InterestGroupID, StudentEntityID)
values (9,923);
insert into StudentInterestGroups (InterestGroupID, StudentEntityID)
values (6,923);
insert into userEntity (UserName, EmailAddress, EntityType)
values ('LarryGillonP740', 'LarryGillonP740@harrisonburg.edu', 'STUD');
insert into student (StudentEntityID, FirstName, LastName, MiddleInitial, StreetAddress, Country,City, State,ZipCode, StudentGradeLevel, StudentGPA, StudentACTScore, StudentSATScore, StudentEthnicity, StudentGender, IncomeLevel, DaysAbsent, HoursOfWorkPlaceExp, StudentAthleteFlag, StudentGraduationTrack, StudentEmploymentFlag, StudentImage,SchoolEntityID)
values (924, 'Larry', 'Gillon', 'P', '749 Watts Shoal', 'USA','South Christopherburgh','VA','20040','Freshmen', 1.68, 0, 0,'Caucasian','Male','Lower Income',11,5, 'Y', 'N', 'N', 'img/student.jpg', 17);
insert into StudentInterestGroups (InterestGroupID, StudentEntityID)
values (1,924);
insert into StudentInterestGroups (InterestGroupID, StudentEntityID)
values (4,924);
insert into userEntity (UserName, EmailAddress, EntityType)
values ('WilliamBabinW773', 'WilliamBabinW773@Louisa.edu', 'STUD');
insert into student (StudentEntityID, FirstName, LastName, MiddleInitial, StreetAddress, Country,City, State,ZipCode, StudentGradeLevel, StudentGPA, StudentACTScore, StudentSATScore, StudentEthnicity, StudentGender, IncomeLevel, DaysAbsent, HoursOfWorkPlaceExp, StudentAthleteFlag, StudentGraduationTrack, StudentEmploymentFlag, StudentImage,SchoolEntityID)
values (925, 'William', 'Babin', 'W', '307 Krystal Mountain', 'USA','Wangstad','VA','20041','Sophomore', 1.4, 0, 0,'Caucasian','Male','Middle Income',13,8, 'Y', 'N', 'N', 'img/student.jpg', 12);
insert into StudentInterestGroups (InterestGroupID, StudentEntityID)
values (7,925);
insert into StudentInterestGroups (InterestGroupID, StudentEntityID)
values (4,925);
insert into StudentInterestGroups (InterestGroupID, StudentEntityID)
values (6,925);
insert into userEntity (UserName, EmailAddress, EntityType)
values ('JuanHaywardZ326', 'JuanHaywardZ326@spotswood.edu', 'STUD');
insert into student (StudentEntityID, FirstName, LastName, MiddleInitial, StreetAddress, Country,City, State,ZipCode, StudentGradeLevel, StudentGPA, StudentACTScore, StudentSATScore, StudentEthnicity, StudentGender, IncomeLevel, DaysAbsent, HoursOfWorkPlaceExp, StudentAthleteFlag, StudentGraduationTrack, StudentEmploymentFlag, StudentImage,SchoolEntityID)
values (926, 'Juan', 'Hayward', 'Z', '043 Brandon Street Suite 971', 'USA','Sawyertown','VA','20040','Freshmen', 1.62, 0, 0,'Caucasian','Male','Middle Income',12,10, 'Y', 'N', 'Y', 'img/student.jpg', 14);
insert into StudentInterestGroups (InterestGroupID, StudentEntityID)
values (4,926);
insert into StudentInterestGroups (InterestGroupID, StudentEntityID)
values (6,926);
insert into StudentInterestGroups (InterestGroupID, StudentEntityID)
values (3,926);
insert into StudentInterestGroups (InterestGroupID, StudentEntityID)
values (12,926);
insert into userEntity (UserName, EmailAddress, EntityType)
values ('JonahWiedemannN994', 'JonahWiedemannN994@broadway.edu', 'STUD');
insert into student (StudentEntityID, FirstName, LastName, MiddleInitial, StreetAddress, Country,City, State,ZipCode, StudentGradeLevel, StudentGPA, StudentACTScore, StudentSATScore, StudentEthnicity, StudentGender, IncomeLevel, DaysAbsent, HoursOfWorkPlaceExp, StudentAthleteFlag, StudentGraduationTrack, StudentEmploymentFlag, StudentImage,SchoolEntityID)
values (927, 'Jonah', 'Wiedemann', 'N', '989 Judith Shores', 'USA','Bradleyhaven','VA','20041','Junior', 3.14, 31, 1448,'Caucasian','Male','Lower Income',4,29, 'N', 'Y', 'Y', 'img/student.jpg', 16);
insert into StudentInterestGroups (InterestGroupID, StudentEntityID)
values (1,927);
insert into StudentInterestGroups (InterestGroupID, StudentEntityID)
values (9,927);
insert into StudentInterestGroups (InterestGroupID, StudentEntityID)
values (3,927);
insert into userEntity (UserName, EmailAddress, EntityType)
values ('FrancisTiffinZ433', 'FrancisTiffinZ433@harrisonburg.edu', 'STUD');
insert into student (StudentEntityID, FirstName, LastName, MiddleInitial, StreetAddress, Country,City, State,ZipCode, StudentGradeLevel, StudentGPA, StudentACTScore, StudentSATScore, StudentEthnicity, StudentGender, IncomeLevel, DaysAbsent, HoursOfWorkPlaceExp, StudentAthleteFlag, StudentGraduationTrack, StudentEmploymentFlag, StudentImage,SchoolEntityID)
values (928, 'Francis', 'Tiffin', 'Z', '9207 Blake Square Apt. 288', 'USA','Gomezland','VA','20041','Junior', 1.45, 12, 856,'Caucasian','Male','Middle Income',14,20, 'N', 'N', 'Y', 'img/student.jpg', 17);
insert into StudentInterestGroups (InterestGroupID, StudentEntityID)
values (1,928);
insert into StudentInterestGroups (InterestGroupID, StudentEntityID)
values (12,928);
insert into StudentInterestGroups (InterestGroupID, StudentEntityID)
values (2,928);
insert into userEntity (UserName, EmailAddress, EntityType)
values ('DonaldCollisG401', 'DonaldCollisG401@harrisonburg.edu', 'STUD');
insert into student (StudentEntityID, FirstName, LastName, MiddleInitial, StreetAddress, Country,City, State,ZipCode, StudentGradeLevel, StudentGPA, StudentACTScore, StudentSATScore, StudentEthnicity, StudentGender, IncomeLevel, DaysAbsent, HoursOfWorkPlaceExp, StudentAthleteFlag, StudentGraduationTrack, StudentEmploymentFlag, StudentImage,SchoolEntityID)
values (929, 'Donald', 'Collis', 'G', '3144 Brandon Forks Apt. 136', 'USA','Tiffanyfort','VA','20041','Junior', 2.88, 21, 1333,'Caucasian','Male','Lower Income',7,31, 'Y', 'Y', 'N', 'img/student.jpg', 17);
insert into StudentInterestGroups (InterestGroupID, StudentEntityID)
values (11,929);
insert into StudentInterestGroups (InterestGroupID, StudentEntityID)
values (7,929);
insert into StudentInterestGroups (InterestGroupID, StudentEntityID)
values (3,929);
insert into StudentInterestGroups (InterestGroupID, StudentEntityID)
values (5,929);
insert into userEntity (UserName, EmailAddress, EntityType)
values ('MaryQuimbyQ211', 'MaryQuimbyQ211@turnerAshby.edu', 'STUD');
insert into student (StudentEntityID, FirstName, LastName, MiddleInitial, StreetAddress, Country,City, State,ZipCode, StudentGradeLevel, StudentGPA, StudentACTScore, StudentSATScore, StudentEthnicity, StudentGender, IncomeLevel, DaysAbsent, HoursOfWorkPlaceExp, StudentAthleteFlag, StudentGraduationTrack, StudentEmploymentFlag, StudentImage,SchoolEntityID)
values (930, 'Mary', 'Quimby', 'Q', '8101 Miller Row Apt. 802', 'USA','New Megan','VA','20041','Junior', 2.72, 24, 1479,'Caucasian','Female','Lower Income',7,20, 'Y', 'Y', 'Y', 'img/student.jpg', 15);
insert into StudentInterestGroups (InterestGroupID, StudentEntityID)
values (4,930);
insert into StudentInterestGroups (InterestGroupID, StudentEntityID)
values (7,930);
insert into userEntity (UserName, EmailAddress, EntityType)
values ('BrittanyWildsA266', 'BrittanyWildsA266@broadway.edu', 'STUD');
insert into student (StudentEntityID, FirstName, LastName, MiddleInitial, StreetAddress, Country,City, State,ZipCode, StudentGradeLevel, StudentGPA, StudentACTScore, StudentSATScore, StudentEthnicity, StudentGender, IncomeLevel, DaysAbsent, HoursOfWorkPlaceExp, StudentAthleteFlag, StudentGraduationTrack, StudentEmploymentFlag, StudentImage,SchoolEntityID)
values (931, 'Brittany', 'Wilds', 'A', '77892 Cannon Prairie', 'USA','North Catherine','VA','20040','Junior', 2.75, 35, 921,'Caucasian','Female','Lower Income',1,20, 'Y', 'Y', 'N', 'img/student.jpg', 16);
insert into StudentInterestGroups (InterestGroupID, StudentEntityID)
values (5,931);
insert into StudentInterestGroups (InterestGroupID, StudentEntityID)
values (7,931);
insert into StudentInterestGroups (InterestGroupID, StudentEntityID)
values (2,931);
insert into StudentInterestGroups (InterestGroupID, StudentEntityID)
values (3,931);
insert into StudentInterestGroups (InterestGroupID, StudentEntityID)
values (9,931);
insert into StudentInterestGroups (InterestGroupID, StudentEntityID)
values (11,931);
insert into StudentInterestGroups (InterestGroupID, StudentEntityID)
values (6,931);
insert into StudentInterestGroups (InterestGroupID, StudentEntityID)
values (10,931);
insert into userEntity (UserName, EmailAddress, EntityType)
values ('StevenCooperH506', 'StevenCooperH506@rockingham.k12.va.us', 'STUD');
insert into student (StudentEntityID, FirstName, LastName, MiddleInitial, StreetAddress, Country,City, State,ZipCode, StudentGradeLevel, StudentGPA, StudentACTScore, StudentSATScore, StudentEthnicity, StudentGender, IncomeLevel, DaysAbsent, HoursOfWorkPlaceExp, StudentAthleteFlag, StudentGraduationTrack, StudentEmploymentFlag, StudentImage,SchoolEntityID)
values (932, 'Steven', 'Cooper', 'H', '828 Gregory Trail Suite 012', 'USA','West Yeseniashire','VA','20040','Freshmen', 3.23, 0, 0,'Caucasian','Male','Middle Income',4,17, 'N', 'Y', 'N', 'img/student.jpg', 13);
insert into StudentInterestGroups (InterestGroupID, StudentEntityID)
values (10,932);
insert into StudentInterestGroups (InterestGroupID, StudentEntityID)
values (12,932);
insert into StudentInterestGroups (InterestGroupID, StudentEntityID)
values (5,932);
insert into StudentInterestGroups (InterestGroupID, StudentEntityID)
values (9,932);
insert into StudentInterestGroups (InterestGroupID, StudentEntityID)
values (8,932);
insert into StudentInterestGroups (InterestGroupID, StudentEntityID)
values (4,932);
insert into StudentInterestGroups (InterestGroupID, StudentEntityID)
values (11,932);
insert into userEntity (UserName, EmailAddress, EntityType)
values ('JosephWhiteK70', 'JosephWhiteK70@harrisonburg.edu', 'STUD');
insert into student (StudentEntityID, FirstName, LastName, MiddleInitial, StreetAddress, Country,City, State,ZipCode, StudentGradeLevel, StudentGPA, StudentACTScore, StudentSATScore, StudentEthnicity, StudentGender, IncomeLevel, DaysAbsent, HoursOfWorkPlaceExp, StudentAthleteFlag, StudentGraduationTrack, StudentEmploymentFlag, StudentImage,SchoolEntityID)
values (933, 'Joseph', 'White', 'K', '2391 Kristy Centers Apt. 327', 'USA','New Michaelton','VA','20040','Junior', 2.89, 23, 1370,'Caucasian','Male','Lower Income',0,30, 'Y', 'Y', 'N', 'img/student.jpg', 17);
insert into StudentInterestGroups (InterestGroupID, StudentEntityID)
values (10,933);
insert into userEntity (UserName, EmailAddress, EntityType)
values ('EdithAlexanderG346', 'EdithAlexanderG346@rockingham.k12.va.us', 'STUD');
insert into student (StudentEntityID, FirstName, LastName, MiddleInitial, StreetAddress, Country,City, State,ZipCode, StudentGradeLevel, StudentGPA, StudentACTScore, StudentSATScore, StudentEthnicity, StudentGender, IncomeLevel, DaysAbsent, HoursOfWorkPlaceExp, StudentAthleteFlag, StudentGraduationTrack, StudentEmploymentFlag, StudentImage,SchoolEntityID)
values (934, 'Edith', 'Alexander', 'G', '9210 Villegas Bridge', 'USA','Masonfort','VA','20041','Junior', 2.42, 18, 1246,'Not selected or Other','Female','Middle Income',13,23, 'N', 'Y', 'N', 'img/student.jpg', 13);
insert into StudentInterestGroups (InterestGroupID, StudentEntityID)
values (5,934);
insert into StudentInterestGroups (InterestGroupID, StudentEntityID)
values (1,934);
insert into StudentInterestGroups (InterestGroupID, StudentEntityID)
values (10,934);
insert into userEntity (UserName, EmailAddress, EntityType)
values ('ShizukoColeJ20', 'ShizukoColeJ20@broadway.edu', 'STUD');
insert into student (StudentEntityID, FirstName, LastName, MiddleInitial, StreetAddress, Country,City, State,ZipCode, StudentGradeLevel, StudentGPA, StudentACTScore, StudentSATScore, StudentEthnicity, StudentGender, IncomeLevel, DaysAbsent, HoursOfWorkPlaceExp, StudentAthleteFlag, StudentGraduationTrack, StudentEmploymentFlag, StudentImage,SchoolEntityID)
values (935, 'Shizuko', 'Cole', 'J', '093 Gina Path Apt. 842', 'USA','Crossberg','VA','20040','Senior', 2.7, 32, 1517,'Caucasian','Female','Middle Income',4,31, 'Y', 'Y', 'Y', 'img/student.jpg', 16);
insert into StudentInterestGroups (InterestGroupID, StudentEntityID)
values (8,935);
insert into StudentInterestGroups (InterestGroupID, StudentEntityID)
values (9,935);
insert into userEntity (UserName, EmailAddress, EntityType)
values ('HoustonPrahmH184', 'HoustonPrahmH184@rockingham.k12.va.us', 'STUD');
insert into student (StudentEntityID, FirstName, LastName, MiddleInitial, StreetAddress, Country,City, State,ZipCode, StudentGradeLevel, StudentGPA, StudentACTScore, StudentSATScore, StudentEthnicity, StudentGender, IncomeLevel, DaysAbsent, HoursOfWorkPlaceExp, StudentAthleteFlag, StudentGraduationTrack, StudentEmploymentFlag, StudentImage,SchoolEntityID)
values (936, 'Houston', 'Prahm', 'H', '02891 Melvin Brooks Apt. 615', 'USA','Port Amyland','VA','20040','Freshmen', 3.46, 0, 0,'Caucasian','Male','Higher Income',1,19, 'Y', 'Y', 'Y', 'img/student.jpg', 13);
insert into StudentInterestGroups (InterestGroupID, StudentEntityID)
values (10,936);
insert into StudentInterestGroups (InterestGroupID, StudentEntityID)
values (6,936);
insert into StudentInterestGroups (InterestGroupID, StudentEntityID)
values (3,936);
insert into userEntity (UserName, EmailAddress, EntityType)
values ('ThomasLeonardL54', 'ThomasLeonardL54@spotswood.edu', 'STUD');
insert into student (StudentEntityID, FirstName, LastName, MiddleInitial, StreetAddress, Country,City, State,ZipCode, StudentGradeLevel, StudentGPA, StudentACTScore, StudentSATScore, StudentEthnicity, StudentGender, IncomeLevel, DaysAbsent, HoursOfWorkPlaceExp, StudentAthleteFlag, StudentGraduationTrack, StudentEmploymentFlag, StudentImage,SchoolEntityID)
values (937, 'Thomas', 'Leonard', 'L', '7474 Alexandra Bypass', 'USA','South Robertland','VA','20041','Senior', 2.59, 34, 1318,'Caucasian','Male','Middle Income',3,39, 'Y', 'Y', 'N', 'img/student.jpg', 14);
insert into StudentInterestGroups (InterestGroupID, StudentEntityID)
values (8,937);
insert into StudentInterestGroups (InterestGroupID, StudentEntityID)
values (2,937);
insert into StudentInterestGroups (InterestGroupID, StudentEntityID)
values (3,937);
insert into userEntity (UserName, EmailAddress, EntityType)
values ('TommyBacaL8', 'TommyBacaL8@harrisonburg.edu', 'STUD');
insert into student (StudentEntityID, FirstName, LastName, MiddleInitial, StreetAddress, Country,City, State,ZipCode, StudentGradeLevel, StudentGPA, StudentACTScore, StudentSATScore, StudentEthnicity, StudentGender, IncomeLevel, DaysAbsent, HoursOfWorkPlaceExp, StudentAthleteFlag, StudentGraduationTrack, StudentEmploymentFlag, StudentImage,SchoolEntityID)
values (938, 'Tommy', 'Baca', 'L', '14168 Mullen Spur Suite 913', 'USA','Crosshaven','VA','20041','Senior', 1.78, 21, 1010,'Hispanic','Male','Lower Income',8,32, 'Y', 'N', 'N', 'img/student.jpg', 17);
insert into StudentInterestGroups (InterestGroupID, StudentEntityID)
values (3,938);
insert into StudentInterestGroups (InterestGroupID, StudentEntityID)
values (7,938);
insert into StudentInterestGroups (InterestGroupID, StudentEntityID)
values (9,938);
insert into StudentInterestGroups (InterestGroupID, StudentEntityID)
values (4,938);
insert into StudentInterestGroups (InterestGroupID, StudentEntityID)
values (8,938);
insert into StudentInterestGroups (InterestGroupID, StudentEntityID)
values (6,938);
insert into StudentInterestGroups (InterestGroupID, StudentEntityID)
values (11,938);
insert into StudentInterestGroups (InterestGroupID, StudentEntityID)
values (2,938);
insert into userEntity (UserName, EmailAddress, EntityType)
values ('LeonMaranoH489', 'LeonMaranoH489@harrisonburg.edu', 'STUD');
insert into student (StudentEntityID, FirstName, LastName, MiddleInitial, StreetAddress, Country,City, State,ZipCode, StudentGradeLevel, StudentGPA, StudentACTScore, StudentSATScore, StudentEthnicity, StudentGender, IncomeLevel, DaysAbsent, HoursOfWorkPlaceExp, StudentAthleteFlag, StudentGraduationTrack, StudentEmploymentFlag, StudentImage,SchoolEntityID)
values (939, 'Leon', 'Marano', 'H', '3292 Tina Run Apt. 324', 'USA','Lake Jamie','VA','20040','Junior', 1.55, 17, 1211,'African American','Male','Lower Income',15,22, 'Y', 'N', 'N', 'img/student.jpg', 17);
insert into StudentInterestGroups (InterestGroupID, StudentEntityID)
values (10,939);
insert into userEntity (UserName, EmailAddress, EntityType)
values ('JosephDuncanZ810', 'JosephDuncanZ810@rockingham.k12.va.us', 'STUD');
insert into student (StudentEntityID, FirstName, LastName, MiddleInitial, StreetAddress, Country,City, State,ZipCode, StudentGradeLevel, StudentGPA, StudentACTScore, StudentSATScore, StudentEthnicity, StudentGender, IncomeLevel, DaysAbsent, HoursOfWorkPlaceExp, StudentAthleteFlag, StudentGraduationTrack, StudentEmploymentFlag, StudentImage,SchoolEntityID)
values (940, 'Joseph', 'Duncan', 'Z', '13088 Kevin Throughway', 'USA','New Tiffany','VA','20041','Junior', 2.23, 15, 936,'Caucasian','Male','Middle Income',7,30, 'Y', 'Y', 'Y', 'img/student.jpg', 13);
insert into StudentInterestGroups (InterestGroupID, StudentEntityID)
values (6,940);
insert into StudentInterestGroups (InterestGroupID, StudentEntityID)
values (9,940);
insert into StudentInterestGroups (InterestGroupID, StudentEntityID)
values (11,940);
insert into StudentInterestGroups (InterestGroupID, StudentEntityID)
values (8,940);
insert into StudentInterestGroups (InterestGroupID, StudentEntityID)
values (12,940);
insert into StudentInterestGroups (InterestGroupID, StudentEntityID)
values (1,940);
insert into userEntity (UserName, EmailAddress, EntityType)
values ('DavidWebbK891', 'DavidWebbK891@turnerAshby.edu', 'STUD');
insert into student (StudentEntityID, FirstName, LastName, MiddleInitial, StreetAddress, Country,City, State,ZipCode, StudentGradeLevel, StudentGPA, StudentACTScore, StudentSATScore, StudentEthnicity, StudentGender, IncomeLevel, DaysAbsent, HoursOfWorkPlaceExp, StudentAthleteFlag, StudentGraduationTrack, StudentEmploymentFlag, StudentImage,SchoolEntityID)
values (941, 'David', 'Webb', 'K', '9845 Myers Way Apt. 763', 'USA','Kimberlyport','VA','20040','Sophomore', 1.75, 0, 0,'African American','Male','Higher Income',12,7, 'Y', 'N', 'Y', 'img/student.jpg', 15);
insert into StudentInterestGroups (InterestGroupID, StudentEntityID)
values (9,941);
insert into StudentInterestGroups (InterestGroupID, StudentEntityID)
values (7,941);
insert into StudentInterestGroups (InterestGroupID, StudentEntityID)
values (11,941);
insert into StudentInterestGroups (InterestGroupID, StudentEntityID)
values (3,941);
insert into StudentInterestGroups (InterestGroupID, StudentEntityID)
values (10,941);
insert into userEntity (UserName, EmailAddress, EntityType)
values ('DavidKinsleyV463', 'DavidKinsleyV463@harrisonburg.edu', 'STUD');
insert into student (StudentEntityID, FirstName, LastName, MiddleInitial, StreetAddress, Country,City, State,ZipCode, StudentGradeLevel, StudentGPA, StudentACTScore, StudentSATScore, StudentEthnicity, StudentGender, IncomeLevel, DaysAbsent, HoursOfWorkPlaceExp, StudentAthleteFlag, StudentGraduationTrack, StudentEmploymentFlag, StudentImage,SchoolEntityID)
values (942, 'David', 'Kinsley', 'V', '179 Robert Walks Suite 274', 'USA','Lake Mackenzie','VA','20040','Junior', 2.39, 23, 1120,'Caucasian','Male','Middle Income',9,23, 'N', 'Y', 'N', 'img/student.jpg', 17);
insert into StudentInterestGroups (InterestGroupID, StudentEntityID)
values (9,942);
insert into StudentInterestGroups (InterestGroupID, StudentEntityID)
values (4,942);
insert into userEntity (UserName, EmailAddress, EntityType)
values ('BarbaraVanhooseQ566', 'BarbaraVanhooseQ566@harrisonburg.edu', 'STUD');
insert into student (StudentEntityID, FirstName, LastName, MiddleInitial, StreetAddress, Country,City, State,ZipCode, StudentGradeLevel, StudentGPA, StudentACTScore, StudentSATScore, StudentEthnicity, StudentGender, IncomeLevel, DaysAbsent, HoursOfWorkPlaceExp, StudentAthleteFlag, StudentGraduationTrack, StudentEmploymentFlag, StudentImage,SchoolEntityID)
values (943, 'Barbara', 'Vanhoose', 'Q', '7367 Justin Loaf Apt. 363', 'USA','Port Bethanyberg','VA','20040','Sophomore', 3.09, 0, 0,'African American','Female','Middle Income',0,25, 'N', 'Y', 'N', 'img/student.jpg', 17);
insert into StudentInterestGroups (InterestGroupID, StudentEntityID)
values (7,943);
insert into StudentInterestGroups (InterestGroupID, StudentEntityID)
values (3,943);
insert into StudentInterestGroups (InterestGroupID, StudentEntityID)
values (2,943);
insert into userEntity (UserName, EmailAddress, EntityType)
values ('KennethIvoryQ523', 'KennethIvoryQ523@broadway.edu', 'STUD');
insert into student (StudentEntityID, FirstName, LastName, MiddleInitial, StreetAddress, Country,City, State,ZipCode, StudentGradeLevel, StudentGPA, StudentACTScore, StudentSATScore, StudentEthnicity, StudentGender, IncomeLevel, DaysAbsent, HoursOfWorkPlaceExp, StudentAthleteFlag, StudentGraduationTrack, StudentEmploymentFlag, StudentImage,SchoolEntityID)
values (944, 'Kenneth', 'Ivory', 'Q', '0476 Jennifer Courts Suite 563', 'USA','Hunterland','VA','20040','Sophomore', 3.7, 0, 0,'Caucasian','Male','Higher Income',0,22, 'N', 'Y', 'N', 'img/student.jpg', 16);
insert into StudentInterestGroups (InterestGroupID, StudentEntityID)
values (2,944);
insert into StudentInterestGroups (InterestGroupID, StudentEntityID)
values (12,944);
insert into StudentInterestGroups (InterestGroupID, StudentEntityID)
values (6,944);
insert into StudentInterestGroups (InterestGroupID, StudentEntityID)
values (5,944);
insert into userEntity (UserName, EmailAddress, EntityType)
values ('RobertOppegardL557', 'RobertOppegardL557@Louisa.edu', 'STUD');
insert into student (StudentEntityID, FirstName, LastName, MiddleInitial, StreetAddress, Country,City, State,ZipCode, StudentGradeLevel, StudentGPA, StudentACTScore, StudentSATScore, StudentEthnicity, StudentGender, IncomeLevel, DaysAbsent, HoursOfWorkPlaceExp, StudentAthleteFlag, StudentGraduationTrack, StudentEmploymentFlag, StudentImage,SchoolEntityID)
values (945, 'Robert', 'Oppegard', 'L', '153 Patricia Gateway', 'USA','Pageton','VA','20041','Freshmen', 1.35, 0, 0,'Caucasian','Male','Middle Income',13,0, 'Y', 'N', 'Y', 'img/student.jpg', 12);
insert into StudentInterestGroups (InterestGroupID, StudentEntityID)
values (12,945);
insert into StudentInterestGroups (InterestGroupID, StudentEntityID)
values (8,945);
insert into StudentInterestGroups (InterestGroupID, StudentEntityID)
values (3,945);
insert into StudentInterestGroups (InterestGroupID, StudentEntityID)
values (9,945);
insert into StudentInterestGroups (InterestGroupID, StudentEntityID)
values (10,945);
insert into StudentInterestGroups (InterestGroupID, StudentEntityID)
values (6,945);
insert into StudentInterestGroups (InterestGroupID, StudentEntityID)
values (11,945);
insert into StudentInterestGroups (InterestGroupID, StudentEntityID)
values (5,945);
insert into userEntity (UserName, EmailAddress, EntityType)
values ('ElizabethWilliamsD337', 'ElizabethWilliamsD337@broadway.edu', 'STUD');
insert into student (StudentEntityID, FirstName, LastName, MiddleInitial, StreetAddress, Country,City, State,ZipCode, StudentGradeLevel, StudentGPA, StudentACTScore, StudentSATScore, StudentEthnicity, StudentGender, IncomeLevel, DaysAbsent, HoursOfWorkPlaceExp, StudentAthleteFlag, StudentGraduationTrack, StudentEmploymentFlag, StudentImage,SchoolEntityID)
values (946, 'Elizabeth', 'Williams', 'D', '629 Garcia Flats', 'USA','Louisberg','VA','20041','Freshmen', 3.92, 0, 0,'Hispanic','Female','Middle Income',2,19, 'N', 'Y', 'N', 'img/student.jpg', 16);
insert into StudentInterestGroups (InterestGroupID, StudentEntityID)
values (1,946);
insert into StudentInterestGroups (InterestGroupID, StudentEntityID)
values (4,946);
insert into StudentInterestGroups (InterestGroupID, StudentEntityID)
values (9,946);
insert into userEntity (UserName, EmailAddress, EntityType)
values ('DebbieMillerI201', 'DebbieMillerI201@Louisa.edu', 'STUD');
insert into student (StudentEntityID, FirstName, LastName, MiddleInitial, StreetAddress, Country,City, State,ZipCode, StudentGradeLevel, StudentGPA, StudentACTScore, StudentSATScore, StudentEthnicity, StudentGender, IncomeLevel, DaysAbsent, HoursOfWorkPlaceExp, StudentAthleteFlag, StudentGraduationTrack, StudentEmploymentFlag, StudentImage,SchoolEntityID)
values (947, 'Debbie', 'Miller', 'I', '5669 Diane Village Apt. 801', 'USA','North Jamesland','VA','20041','Junior', 2.88, 28, 1331,'Not selected or Other','Female','Higher Income',6,32, 'N', 'Y', 'Y', 'img/student.jpg', 12);
insert into StudentInterestGroups (InterestGroupID, StudentEntityID)
values (12,947);
insert into StudentInterestGroups (InterestGroupID, StudentEntityID)
values (8,947);
insert into userEntity (UserName, EmailAddress, EntityType)
values ('DavidStrattonO292', 'DavidStrattonO292@harrisonburg.edu', 'STUD');
insert into student (StudentEntityID, FirstName, LastName, MiddleInitial, StreetAddress, Country,City, State,ZipCode, StudentGradeLevel, StudentGPA, StudentACTScore, StudentSATScore, StudentEthnicity, StudentGender, IncomeLevel, DaysAbsent, HoursOfWorkPlaceExp, StudentAthleteFlag, StudentGraduationTrack, StudentEmploymentFlag, StudentImage,SchoolEntityID)
values (948, 'David', 'Stratton', 'O', '466 Michelle Street Apt. 431', 'USA','Lake Robin','VA','20041','Junior', 1.26, 15, 877,'Caucasian','Other','Higher Income',15,10, 'Y', 'N', 'Y', 'img/student.jpg', 17);
insert into StudentInterestGroups (InterestGroupID, StudentEntityID)
values (11,948);
insert into StudentInterestGroups (InterestGroupID, StudentEntityID)
values (12,948);
insert into StudentInterestGroups (InterestGroupID, StudentEntityID)
values (3,948);
insert into StudentInterestGroups (InterestGroupID, StudentEntityID)
values (7,948);
insert into StudentInterestGroups (InterestGroupID, StudentEntityID)
values (9,948);
insert into StudentInterestGroups (InterestGroupID, StudentEntityID)
values (1,948);
insert into StudentInterestGroups (InterestGroupID, StudentEntityID)
values (5,948);
insert into userEntity (UserName, EmailAddress, EntityType)
values ('DennisGarzaC950', 'DennisGarzaC950@turnerAshby.edu', 'STUD');
insert into student (StudentEntityID, FirstName, LastName, MiddleInitial, StreetAddress, Country,City, State,ZipCode, StudentGradeLevel, StudentGPA, StudentACTScore, StudentSATScore, StudentEthnicity, StudentGender, IncomeLevel, DaysAbsent, HoursOfWorkPlaceExp, StudentAthleteFlag, StudentGraduationTrack, StudentEmploymentFlag, StudentImage,SchoolEntityID)
values (949, 'Dennis', 'Garza', 'C', '0939 Steven Wall', 'USA','Livingstonland','VA','20040','Senior', 3.3, 35, 1469,'Caucasian','Male','Middle Income',1,43, 'N', 'Y', 'N', 'img/student.jpg', 15);
insert into StudentInterestGroups (InterestGroupID, StudentEntityID)
values (1,949);
insert into StudentInterestGroups (InterestGroupID, StudentEntityID)
values (12,949);
insert into userEntity (UserName, EmailAddress, EntityType)
values ('SharonBrownB727', 'SharonBrownB727@harrisonburg.edu', 'STUD');
insert into student (StudentEntityID, FirstName, LastName, MiddleInitial, StreetAddress, Country,City, State,ZipCode, StudentGradeLevel, StudentGPA, StudentACTScore, StudentSATScore, StudentEthnicity, StudentGender, IncomeLevel, DaysAbsent, HoursOfWorkPlaceExp, StudentAthleteFlag, StudentGraduationTrack, StudentEmploymentFlag, StudentImage,SchoolEntityID)
values (950, 'Sharon', 'Brown', 'B', '52692 Romero Court Suite 418', 'USA','South Elizabethburgh','VA','20041','Junior', 1.09, 12, 946,'Caucasian','Female','Higher Income',15,11, 'Y', 'N', 'N', 'img/student.jpg', 17);
insert into StudentInterestGroups (InterestGroupID, StudentEntityID)
values (3,950);
insert into StudentInterestGroups (InterestGroupID, StudentEntityID)
values (10,950);
insert into StudentInterestGroups (InterestGroupID, StudentEntityID)
values (1,950);
insert into StudentInterestGroups (InterestGroupID, StudentEntityID)
values (4,950);
insert into StudentInterestGroups (InterestGroupID, StudentEntityID)
values (2,950);
insert into StudentInterestGroups (InterestGroupID, StudentEntityID)
values (12,950);
insert into StudentInterestGroups (InterestGroupID, StudentEntityID)
values (5,950);
insert into StudentInterestGroups (InterestGroupID, StudentEntityID)
values (11,950);
insert into userEntity (UserName, EmailAddress, EntityType)
values ('JennyReavesX746', 'JennyReavesX746@Louisa.edu', 'STUD');
insert into student (StudentEntityID, FirstName, LastName, MiddleInitial, StreetAddress, Country,City, State,ZipCode, StudentGradeLevel, StudentGPA, StudentACTScore, StudentSATScore, StudentEthnicity, StudentGender, IncomeLevel, DaysAbsent, HoursOfWorkPlaceExp, StudentAthleteFlag, StudentGraduationTrack, StudentEmploymentFlag, StudentImage,SchoolEntityID)
values (951, 'Jenny', 'Reaves', 'X', '643 Adriana Bypass', 'USA','Berryland','VA','20040','Sophomore', 3.91, 0, 0,'Caucasian','Female','Middle Income',5,22, 'Y', 'Y', 'N', 'img/student.jpg', 12);
insert into StudentInterestGroups (InterestGroupID, StudentEntityID)
values (7,951);
insert into StudentInterestGroups (InterestGroupID, StudentEntityID)
values (5,951);
insert into StudentInterestGroups (InterestGroupID, StudentEntityID)
values (9,951);
insert into userEntity (UserName, EmailAddress, EntityType)
values ('GenevaThielenX296', 'GenevaThielenX296@harrisonburg.edu', 'STUD');
insert into student (StudentEntityID, FirstName, LastName, MiddleInitial, StreetAddress, Country,City, State,ZipCode, StudentGradeLevel, StudentGPA, StudentACTScore, StudentSATScore, StudentEthnicity, StudentGender, IncomeLevel, DaysAbsent, HoursOfWorkPlaceExp, StudentAthleteFlag, StudentGraduationTrack, StudentEmploymentFlag, StudentImage,SchoolEntityID)
values (952, 'Geneva', 'Thielen', 'X', '7286 Nancy Camp', 'USA','West Cassandra','VA','20041','Senior', 1.74, 17, 789,'Not selected or Other','Female','Middle Income',9,26, 'Y', 'N', 'N', 'img/student.jpg', 17);
insert into StudentInterestGroups (InterestGroupID, StudentEntityID)
values (4,952);
insert into StudentInterestGroups (InterestGroupID, StudentEntityID)
values (5,952);
insert into StudentInterestGroups (InterestGroupID, StudentEntityID)
values (10,952);
insert into StudentInterestGroups (InterestGroupID, StudentEntityID)
values (1,952);
insert into StudentInterestGroups (InterestGroupID, StudentEntityID)
values (3,952);
insert into StudentInterestGroups (InterestGroupID, StudentEntityID)
values (6,952);
insert into StudentInterestGroups (InterestGroupID, StudentEntityID)
values (9,952);
insert into userEntity (UserName, EmailAddress, EntityType)
values ('KennethWaylandN164', 'KennethWaylandN164@turnerAshby.edu', 'STUD');
insert into student (StudentEntityID, FirstName, LastName, MiddleInitial, StreetAddress, Country,City, State,ZipCode, StudentGradeLevel, StudentGPA, StudentACTScore, StudentSATScore, StudentEthnicity, StudentGender, IncomeLevel, DaysAbsent, HoursOfWorkPlaceExp, StudentAthleteFlag, StudentGraduationTrack, StudentEmploymentFlag, StudentImage,SchoolEntityID)
values (953, 'Kenneth', 'Wayland', 'N', '0293 Kimberly Court Suite 333', 'USA','Landryville','VA','20040','Senior', 2.72, 34, 1272,'Caucasian','Male','Middle Income',5,39, 'N', 'Y', 'Y', 'img/student.jpg', 15);
insert into StudentInterestGroups (InterestGroupID, StudentEntityID)
values (3,953);
insert into StudentInterestGroups (InterestGroupID, StudentEntityID)
values (9,953);
insert into StudentInterestGroups (InterestGroupID, StudentEntityID)
values (5,953);
insert into StudentInterestGroups (InterestGroupID, StudentEntityID)
values (11,953);
insert into userEntity (UserName, EmailAddress, EntityType)
values ('JeanPattonN827', 'JeanPattonN827@Louisa.edu', 'STUD');
insert into student (StudentEntityID, FirstName, LastName, MiddleInitial, StreetAddress, Country,City, State,ZipCode, StudentGradeLevel, StudentGPA, StudentACTScore, StudentSATScore, StudentEthnicity, StudentGender, IncomeLevel, DaysAbsent, HoursOfWorkPlaceExp, StudentAthleteFlag, StudentGraduationTrack, StudentEmploymentFlag, StudentImage,SchoolEntityID)
values (954, 'Jean', 'Patton', 'N', '462 David Street', 'USA','Sharonview','VA','20040','Junior', 2.17, 25, 1127,'Pacific Islander','Female','Middle Income',8,26, 'Y', 'Y', 'N', 'img/student.jpg', 12);
insert into StudentInterestGroups (InterestGroupID, StudentEntityID)
values (2,954);
insert into StudentInterestGroups (InterestGroupID, StudentEntityID)
values (7,954);
insert into StudentInterestGroups (InterestGroupID, StudentEntityID)
values (6,954);
insert into StudentInterestGroups (InterestGroupID, StudentEntityID)
values (3,954);
insert into StudentInterestGroups (InterestGroupID, StudentEntityID)
values (9,954);
insert into StudentInterestGroups (InterestGroupID, StudentEntityID)
values (10,954);
insert into StudentInterestGroups (InterestGroupID, StudentEntityID)
values (8,954);
insert into userEntity (UserName, EmailAddress, EntityType)
values ('RuthSandersR747', 'RuthSandersR747@Louisa.edu', 'STUD');
insert into student (StudentEntityID, FirstName, LastName, MiddleInitial, StreetAddress, Country,City, State,ZipCode, StudentGradeLevel, StudentGPA, StudentACTScore, StudentSATScore, StudentEthnicity, StudentGender, IncomeLevel, DaysAbsent, HoursOfWorkPlaceExp, StudentAthleteFlag, StudentGraduationTrack, StudentEmploymentFlag, StudentImage,SchoolEntityID)
values (955, 'Ruth', 'Sanders', 'R', '67320 Dunn Oval Suite 453', 'USA','Sandraborough','VA','20041','Junior', 1.09, 19, 985,'Caucasian','Female','Higher Income',15,19, 'N', 'N', 'N', 'img/student.jpg', 12);
insert into StudentInterestGroups (InterestGroupID, StudentEntityID)
values (7,955);
insert into userEntity (UserName, EmailAddress, EntityType)
values ('NicholasAshleyN548', 'NicholasAshleyN548@harrisonburg.edu', 'STUD');
insert into student (StudentEntityID, FirstName, LastName, MiddleInitial, StreetAddress, Country,City, State,ZipCode, StudentGradeLevel, StudentGPA, StudentACTScore, StudentSATScore, StudentEthnicity, StudentGender, IncomeLevel, DaysAbsent, HoursOfWorkPlaceExp, StudentAthleteFlag, StudentGraduationTrack, StudentEmploymentFlag, StudentImage,SchoolEntityID)
values (956, 'Nicholas', 'Ashley', 'N', '3968 Thomas Common', 'USA','Jacksontown','VA','20040','Freshmen', 1.46, 0, 0,'Caucasian','Male','Higher Income',15,2, 'Y', 'N', 'Y', 'img/student.jpg', 17);
insert into StudentInterestGroups (InterestGroupID, StudentEntityID)
values (5,956);
insert into StudentInterestGroups (InterestGroupID, StudentEntityID)
values (9,956);
insert into StudentInterestGroups (InterestGroupID, StudentEntityID)
values (4,956);
insert into userEntity (UserName, EmailAddress, EntityType)
values ('LoisSmithX48', 'LoisSmithX48@rockingham.k12.va.us', 'STUD');
insert into student (StudentEntityID, FirstName, LastName, MiddleInitial, StreetAddress, Country,City, State,ZipCode, StudentGradeLevel, StudentGPA, StudentACTScore, StudentSATScore, StudentEthnicity, StudentGender, IncomeLevel, DaysAbsent, HoursOfWorkPlaceExp, StudentAthleteFlag, StudentGraduationTrack, StudentEmploymentFlag, StudentImage,SchoolEntityID)
values (957, 'Lois', 'Smith', 'X', '00242 Jennifer Fort', 'USA','Richardland','VA','20040','Freshmen', 1.26, 0, 0,'Caucasian','Female','Middle Income',14,3, 'Y', 'N', 'N', 'img/student.jpg', 13);
insert into StudentInterestGroups (InterestGroupID, StudentEntityID)
values (10,957);
insert into StudentInterestGroups (InterestGroupID, StudentEntityID)
values (11,957);
insert into StudentInterestGroups (InterestGroupID, StudentEntityID)
values (12,957);
insert into StudentInterestGroups (InterestGroupID, StudentEntityID)
values (3,957);
insert into StudentInterestGroups (InterestGroupID, StudentEntityID)
values (2,957);
insert into StudentInterestGroups (InterestGroupID, StudentEntityID)
values (7,957);
insert into StudentInterestGroups (InterestGroupID, StudentEntityID)
values (6,957);
insert into userEntity (UserName, EmailAddress, EntityType)
values ('JeanetteFreymanB304', 'JeanetteFreymanB304@Louisa.edu', 'STUD');
insert into student (StudentEntityID, FirstName, LastName, MiddleInitial, StreetAddress, Country,City, State,ZipCode, StudentGradeLevel, StudentGPA, StudentACTScore, StudentSATScore, StudentEthnicity, StudentGender, IncomeLevel, DaysAbsent, HoursOfWorkPlaceExp, StudentAthleteFlag, StudentGraduationTrack, StudentEmploymentFlag, StudentImage,SchoolEntityID)
values (958, 'Jeanette', 'Freyman', 'B', '3847 Miller Course', 'USA','Debbiebury','VA','20041','Junior', 3.04, 29, 1355,'Caucasian','Female','Lower Income',1,28, 'N', 'Y', 'N', 'img/student.jpg', 12);
insert into StudentInterestGroups (InterestGroupID, StudentEntityID)
values (10,958);
insert into StudentInterestGroups (InterestGroupID, StudentEntityID)
values (11,958);
insert into StudentInterestGroups (InterestGroupID, StudentEntityID)
values (7,958);
insert into StudentInterestGroups (InterestGroupID, StudentEntityID)
values (1,958);
insert into StudentInterestGroups (InterestGroupID, StudentEntityID)
values (6,958);
insert into StudentInterestGroups (InterestGroupID, StudentEntityID)
values (9,958);
insert into StudentInterestGroups (InterestGroupID, StudentEntityID)
values (12,958);
insert into StudentInterestGroups (InterestGroupID, StudentEntityID)
values (2,958);
insert into userEntity (UserName, EmailAddress, EntityType)
values ('MarkLozaC689', 'MarkLozaC689@harrisonburg.edu', 'STUD');
insert into student (StudentEntityID, FirstName, LastName, MiddleInitial, StreetAddress, Country,City, State,ZipCode, StudentGradeLevel, StudentGPA, StudentACTScore, StudentSATScore, StudentEthnicity, StudentGender, IncomeLevel, DaysAbsent, HoursOfWorkPlaceExp, StudentAthleteFlag, StudentGraduationTrack, StudentEmploymentFlag, StudentImage,SchoolEntityID)
values (959, 'Mark', 'Loza', 'C', '873 Hull Way', 'USA','Dianafort','VA','20041','Sophomore', 1.79, 0, 0,'Caucasian','Male','Higher Income',11,6, 'N', 'N', 'N', 'img/student.jpg', 17);
insert into StudentInterestGroups (InterestGroupID, StudentEntityID)
values (11,959);
insert into StudentInterestGroups (InterestGroupID, StudentEntityID)
values (12,959);
insert into StudentInterestGroups (InterestGroupID, StudentEntityID)
values (10,959);
insert into StudentInterestGroups (InterestGroupID, StudentEntityID)
values (2,959);
insert into StudentInterestGroups (InterestGroupID, StudentEntityID)
values (9,959);
insert into StudentInterestGroups (InterestGroupID, StudentEntityID)
values (6,959);
insert into userEntity (UserName, EmailAddress, EntityType)
values ('JosephSuddothV826', 'JosephSuddothV826@rockingham.k12.va.us', 'STUD');
insert into student (StudentEntityID, FirstName, LastName, MiddleInitial, StreetAddress, Country,City, State,ZipCode, StudentGradeLevel, StudentGPA, StudentACTScore, StudentSATScore, StudentEthnicity, StudentGender, IncomeLevel, DaysAbsent, HoursOfWorkPlaceExp, StudentAthleteFlag, StudentGraduationTrack, StudentEmploymentFlag, StudentImage,SchoolEntityID)
values (960, 'Joseph', 'Suddoth', 'V', '5805 Robert Club', 'USA','Jeffreyton','VA','20040','Junior', 3.6, 35, 1424,'Caucasian','Male','Lower Income',4,25, 'Y', 'Y', 'N', 'img/student.jpg', 13);
insert into StudentInterestGroups (InterestGroupID, StudentEntityID)
values (9,960);
insert into StudentInterestGroups (InterestGroupID, StudentEntityID)
values (11,960);
insert into StudentInterestGroups (InterestGroupID, StudentEntityID)
values (5,960);
insert into userEntity (UserName, EmailAddress, EntityType)
values ('DonnaFischerB489', 'DonnaFischerB489@Louisa.edu', 'STUD');
insert into student (StudentEntityID, FirstName, LastName, MiddleInitial, StreetAddress, Country,City, State,ZipCode, StudentGradeLevel, StudentGPA, StudentACTScore, StudentSATScore, StudentEthnicity, StudentGender, IncomeLevel, DaysAbsent, HoursOfWorkPlaceExp, StudentAthleteFlag, StudentGraduationTrack, StudentEmploymentFlag, StudentImage,SchoolEntityID)
values (961, 'Donna', 'Fischer', 'B', '10452 Gordon Flat', 'USA','West Amber','VA','20041','Senior', 1.04, 17, 1241,'Pacific Islander','Female','Lower Income',13,21, 'Y', 'N', 'N', 'img/student.jpg', 12);
insert into StudentInterestGroups (InterestGroupID, StudentEntityID)
values (3,961);
insert into StudentInterestGroups (InterestGroupID, StudentEntityID)
values (4,961);
insert into StudentInterestGroups (InterestGroupID, StudentEntityID)
values (10,961);
insert into StudentInterestGroups (InterestGroupID, StudentEntityID)
values (2,961);
insert into StudentInterestGroups (InterestGroupID, StudentEntityID)
values (7,961);
insert into StudentInterestGroups (InterestGroupID, StudentEntityID)
values (8,961);
insert into userEntity (UserName, EmailAddress, EntityType)
values ('AaronHodgeS536', 'AaronHodgeS536@Louisa.edu', 'STUD');
insert into student (StudentEntityID, FirstName, LastName, MiddleInitial, StreetAddress, Country,City, State,ZipCode, StudentGradeLevel, StudentGPA, StudentACTScore, StudentSATScore, StudentEthnicity, StudentGender, IncomeLevel, DaysAbsent, HoursOfWorkPlaceExp, StudentAthleteFlag, StudentGraduationTrack, StudentEmploymentFlag, StudentImage,SchoolEntityID)
values (962, 'Aaron', 'Hodge', 'S', '048 Hoffman Hill', 'USA','Danielport','VA','20041','Senior', 2.3, 22, 1067,'Asian','Male','Middle Income',12,40, 'N', 'Y', 'Y', 'img/student.jpg', 12);
insert into StudentInterestGroups (InterestGroupID, StudentEntityID)
values (12,962);
insert into StudentInterestGroups (InterestGroupID, StudentEntityID)
values (1,962);
insert into StudentInterestGroups (InterestGroupID, StudentEntityID)
values (3,962);
insert into StudentInterestGroups (InterestGroupID, StudentEntityID)
values (8,962);
insert into userEntity (UserName, EmailAddress, EntityType)
values ('JacobHarlanB707', 'JacobHarlanB707@turnerAshby.edu', 'STUD');
insert into student (StudentEntityID, FirstName, LastName, MiddleInitial, StreetAddress, Country,City, State,ZipCode, StudentGradeLevel, StudentGPA, StudentACTScore, StudentSATScore, StudentEthnicity, StudentGender, IncomeLevel, DaysAbsent, HoursOfWorkPlaceExp, StudentAthleteFlag, StudentGraduationTrack, StudentEmploymentFlag, StudentImage,SchoolEntityID)
values (963, 'Jacob', 'Harlan', 'B', '1226 Rebecca Trafficway', 'USA','Tonimouth','VA','20040','Sophomore', 1.83, 0, 0,'Pacific Islander','Male','Lower Income',15,9, 'Y', 'N', 'N', 'img/student.jpg', 15);
insert into StudentInterestGroups (InterestGroupID, StudentEntityID)
values (11,963);
insert into StudentInterestGroups (InterestGroupID, StudentEntityID)
values (4,963);
insert into userEntity (UserName, EmailAddress, EntityType)
values ('MarthaRobertsB580', 'MarthaRobertsB580@harrisonburg.edu', 'STUD');
insert into student (StudentEntityID, FirstName, LastName, MiddleInitial, StreetAddress, Country,City, State,ZipCode, StudentGradeLevel, StudentGPA, StudentACTScore, StudentSATScore, StudentEthnicity, StudentGender, IncomeLevel, DaysAbsent, HoursOfWorkPlaceExp, StudentAthleteFlag, StudentGraduationTrack, StudentEmploymentFlag, StudentImage,SchoolEntityID)
values (964, 'Martha', 'Roberts', 'B', '02152 Weber Viaduct Suite 098', 'USA','Russofurt','VA','20040','Sophomore', 1.31, 0, 0,'Caucasian','Female','Middle Income',14,7, 'Y', 'N', 'Y', 'img/student.jpg', 17);
insert into StudentInterestGroups (InterestGroupID, StudentEntityID)
values (5,964);
insert into StudentInterestGroups (InterestGroupID, StudentEntityID)
values (10,964);
insert into StudentInterestGroups (InterestGroupID, StudentEntityID)
values (1,964);
insert into StudentInterestGroups (InterestGroupID, StudentEntityID)
values (4,964);
insert into StudentInterestGroups (InterestGroupID, StudentEntityID)
values (2,964);
insert into StudentInterestGroups (InterestGroupID, StudentEntityID)
values (7,964);
insert into userEntity (UserName, EmailAddress, EntityType)
values ('SherryCrawfordQ932', 'SherryCrawfordQ932@harrisonburg.edu', 'STUD');
insert into student (StudentEntityID, FirstName, LastName, MiddleInitial, StreetAddress, Country,City, State,ZipCode, StudentGradeLevel, StudentGPA, StudentACTScore, StudentSATScore, StudentEthnicity, StudentGender, IncomeLevel, DaysAbsent, HoursOfWorkPlaceExp, StudentAthleteFlag, StudentGraduationTrack, StudentEmploymentFlag, StudentImage,SchoolEntityID)
values (965, 'Sherry', 'Crawford', 'Q', '2766 David Mews', 'USA','Oneillport','VA','20041','Junior', 2.84, 20, 1065,'African American','Other','Middle Income',5,24, 'Y', 'Y', 'Y', 'img/student.jpg', 17);
insert into StudentInterestGroups (InterestGroupID, StudentEntityID)
values (9,965);
insert into StudentInterestGroups (InterestGroupID, StudentEntityID)
values (3,965);
insert into StudentInterestGroups (InterestGroupID, StudentEntityID)
values (10,965);
insert into StudentInterestGroups (InterestGroupID, StudentEntityID)
values (12,965);
insert into StudentInterestGroups (InterestGroupID, StudentEntityID)
values (1,965);
insert into StudentInterestGroups (InterestGroupID, StudentEntityID)
values (11,965);
insert into StudentInterestGroups (InterestGroupID, StudentEntityID)
values (8,965);
insert into userEntity (UserName, EmailAddress, EntityType)
values ('JamesStoutV337', 'JamesStoutV337@turnerAshby.edu', 'STUD');
insert into student (StudentEntityID, FirstName, LastName, MiddleInitial, StreetAddress, Country,City, State,ZipCode, StudentGradeLevel, StudentGPA, StudentACTScore, StudentSATScore, StudentEthnicity, StudentGender, IncomeLevel, DaysAbsent, HoursOfWorkPlaceExp, StudentAthleteFlag, StudentGraduationTrack, StudentEmploymentFlag, StudentImage,SchoolEntityID)
values (966, 'James', 'Stout', 'V', '443 Christopher Common Suite 866', 'USA','West Williamburgh','VA','20040','Freshmen', 3.68, 0, 0,'Caucasian','Male','Higher Income',0,17, 'Y', 'Y', 'N', 'img/student.jpg', 15);
insert into StudentInterestGroups (InterestGroupID, StudentEntityID)
values (11,966);
insert into StudentInterestGroups (InterestGroupID, StudentEntityID)
values (4,966);
insert into StudentInterestGroups (InterestGroupID, StudentEntityID)
values (3,966);
insert into StudentInterestGroups (InterestGroupID, StudentEntityID)
values (12,966);
insert into StudentInterestGroups (InterestGroupID, StudentEntityID)
values (2,966);
insert into StudentInterestGroups (InterestGroupID, StudentEntityID)
values (5,966);
insert into StudentInterestGroups (InterestGroupID, StudentEntityID)
values (8,966);
insert into StudentInterestGroups (InterestGroupID, StudentEntityID)
values (7,966);
insert into userEntity (UserName, EmailAddress, EntityType)
values ('DarleneSandsE626', 'DarleneSandsE626@turnerAshby.edu', 'STUD');
insert into student (StudentEntityID, FirstName, LastName, MiddleInitial, StreetAddress, Country,City, State,ZipCode, StudentGradeLevel, StudentGPA, StudentACTScore, StudentSATScore, StudentEthnicity, StudentGender, IncomeLevel, DaysAbsent, HoursOfWorkPlaceExp, StudentAthleteFlag, StudentGraduationTrack, StudentEmploymentFlag, StudentImage,SchoolEntityID)
values (967, 'Darlene', 'Sands', 'E', '5431 Tyler Point Suite 292', 'USA','Lake Johnshire','VA','20041','Sophomore', 2.16, 0, 0,'Not selected or Other','Female','Middle Income',7,16, 'Y', 'Y', 'N', 'img/student.jpg', 15);
insert into StudentInterestGroups (InterestGroupID, StudentEntityID)
values (11,967);
insert into StudentInterestGroups (InterestGroupID, StudentEntityID)
values (9,967);
insert into StudentInterestGroups (InterestGroupID, StudentEntityID)
values (5,967);
insert into StudentInterestGroups (InterestGroupID, StudentEntityID)
values (4,967);
insert into StudentInterestGroups (InterestGroupID, StudentEntityID)
values (6,967);
insert into StudentInterestGroups (InterestGroupID, StudentEntityID)
values (10,967);
insert into StudentInterestGroups (InterestGroupID, StudentEntityID)
values (1,967);
insert into userEntity (UserName, EmailAddress, EntityType)
values ('ShirleyChamberlinM502', 'ShirleyChamberlinM502@turnerAshby.edu', 'STUD');
insert into student (StudentEntityID, FirstName, LastName, MiddleInitial, StreetAddress, Country,City, State,ZipCode, StudentGradeLevel, StudentGPA, StudentACTScore, StudentSATScore, StudentEthnicity, StudentGender, IncomeLevel, DaysAbsent, HoursOfWorkPlaceExp, StudentAthleteFlag, StudentGraduationTrack, StudentEmploymentFlag, StudentImage,SchoolEntityID)
values (968, 'Shirley', 'Chamberlin', 'M', '22362 Deborah Circle', 'USA','Ashleychester','VA','20041','Senior', 2.38, 25, 1273,'African American','Female','Middle Income',13,27, 'Y', 'Y', 'N', 'img/student.jpg', 15);
insert into StudentInterestGroups (InterestGroupID, StudentEntityID)
values (9,968);
insert into StudentInterestGroups (InterestGroupID, StudentEntityID)
values (11,968);
insert into StudentInterestGroups (InterestGroupID, StudentEntityID)
values (3,968);
insert into StudentInterestGroups (InterestGroupID, StudentEntityID)
values (10,968);
insert into StudentInterestGroups (InterestGroupID, StudentEntityID)
values (4,968);
insert into StudentInterestGroups (InterestGroupID, StudentEntityID)
values (2,968);
insert into StudentInterestGroups (InterestGroupID, StudentEntityID)
values (12,968);
insert into StudentInterestGroups (InterestGroupID, StudentEntityID)
values (6,968);
insert into userEntity (UserName, EmailAddress, EntityType)
values ('DorrisMartinS619', 'DorrisMartinS619@Louisa.edu', 'STUD');
insert into student (StudentEntityID, FirstName, LastName, MiddleInitial, StreetAddress, Country,City, State,ZipCode, StudentGradeLevel, StudentGPA, StudentACTScore, StudentSATScore, StudentEthnicity, StudentGender, IncomeLevel, DaysAbsent, HoursOfWorkPlaceExp, StudentAthleteFlag, StudentGraduationTrack, StudentEmploymentFlag, StudentImage,SchoolEntityID)
values (969, 'Dorris', 'Martin', 'S', '73893 Jones Greens', 'USA','Lake Stephanietown','VA','20040','Senior', 3.36, 34, 1456,'Caucasian','Female','Lower Income',4,37, 'Y', 'Y', 'N', 'img/student.jpg', 12);
insert into StudentInterestGroups (InterestGroupID, StudentEntityID)
values (8,969);
insert into StudentInterestGroups (InterestGroupID, StudentEntityID)
values (11,969);
insert into StudentInterestGroups (InterestGroupID, StudentEntityID)
values (9,969);
insert into StudentInterestGroups (InterestGroupID, StudentEntityID)
values (3,969);
insert into userEntity (UserName, EmailAddress, EntityType)
values ('SethOdonalV539', 'SethOdonalV539@rockingham.k12.va.us', 'STUD');
insert into student (StudentEntityID, FirstName, LastName, MiddleInitial, StreetAddress, Country,City, State,ZipCode, StudentGradeLevel, StudentGPA, StudentACTScore, StudentSATScore, StudentEthnicity, StudentGender, IncomeLevel, DaysAbsent, HoursOfWorkPlaceExp, StudentAthleteFlag, StudentGraduationTrack, StudentEmploymentFlag, StudentImage,SchoolEntityID)
values (970, 'Seth', 'Odonal', 'V', '476 Bell Extensions', 'USA','Alexandrashire','VA','20040','Sophomore', 3.27, 0, 0,'Caucasian','Male','Higher Income',2,22, 'Y', 'Y', 'Y', 'img/student.jpg', 13);
insert into StudentInterestGroups (InterestGroupID, StudentEntityID)
values (9,970);
insert into StudentInterestGroups (InterestGroupID, StudentEntityID)
values (8,970);
insert into StudentInterestGroups (InterestGroupID, StudentEntityID)
values (7,970);
insert into StudentInterestGroups (InterestGroupID, StudentEntityID)
values (2,970);
insert into StudentInterestGroups (InterestGroupID, StudentEntityID)
values (5,970);
insert into userEntity (UserName, EmailAddress, EntityType)
values ('MaryShawJ500', 'MaryShawJ500@broadway.edu', 'STUD');
insert into student (StudentEntityID, FirstName, LastName, MiddleInitial, StreetAddress, Country,City, State,ZipCode, StudentGradeLevel, StudentGPA, StudentACTScore, StudentSATScore, StudentEthnicity, StudentGender, IncomeLevel, DaysAbsent, HoursOfWorkPlaceExp, StudentAthleteFlag, StudentGraduationTrack, StudentEmploymentFlag, StudentImage,SchoolEntityID)
values (971, 'Mary', 'Shaw', 'J', '27606 Heather Haven', 'USA','South Kelly','VA','20041','Sophomore', 3.94, 0, 0,'Caucasian','Female','Lower Income',2,23, 'Y', 'Y', 'N', 'img/student.jpg', 16);
insert into StudentInterestGroups (InterestGroupID, StudentEntityID)
values (7,971);
insert into StudentInterestGroups (InterestGroupID, StudentEntityID)
values (6,971);
insert into StudentInterestGroups (InterestGroupID, StudentEntityID)
values (2,971);
insert into StudentInterestGroups (InterestGroupID, StudentEntityID)
values (3,971);
insert into userEntity (UserName, EmailAddress, EntityType)
values ('RichardCrowellF426', 'RichardCrowellF426@rockingham.k12.va.us', 'STUD');
insert into student (StudentEntityID, FirstName, LastName, MiddleInitial, StreetAddress, Country,City, State,ZipCode, StudentGradeLevel, StudentGPA, StudentACTScore, StudentSATScore, StudentEthnicity, StudentGender, IncomeLevel, DaysAbsent, HoursOfWorkPlaceExp, StudentAthleteFlag, StudentGraduationTrack, StudentEmploymentFlag, StudentImage,SchoolEntityID)
values (972, 'Richard', 'Crowell', 'F', '7925 Peterson Flats', 'USA','New Kevin','VA','20040','Junior', 2.13, 23, 869,'Caucasian','Male','Middle Income',13,29, 'Y', 'Y', 'N', 'img/student.jpg', 13);
insert into StudentInterestGroups (InterestGroupID, StudentEntityID)
values (4,972);
insert into StudentInterestGroups (InterestGroupID, StudentEntityID)
values (8,972);
insert into StudentInterestGroups (InterestGroupID, StudentEntityID)
values (7,972);
insert into StudentInterestGroups (InterestGroupID, StudentEntityID)
values (1,972);
insert into userEntity (UserName, EmailAddress, EntityType)
values ('RebeccaCarathersM185', 'RebeccaCarathersM185@rockingham.k12.va.us', 'STUD');
insert into student (StudentEntityID, FirstName, LastName, MiddleInitial, StreetAddress, Country,City, State,ZipCode, StudentGradeLevel, StudentGPA, StudentACTScore, StudentSATScore, StudentEthnicity, StudentGender, IncomeLevel, DaysAbsent, HoursOfWorkPlaceExp, StudentAthleteFlag, StudentGraduationTrack, StudentEmploymentFlag, StudentImage,SchoolEntityID)
values (973, 'Rebecca', 'Carathers', 'M', '56155 April Square Apt. 154', 'USA','Josephshire','VA','20041','Junior', 2.75, 32, 1091,'African American','Female','Higher Income',3,29, 'N', 'Y', 'N', 'img/student.jpg', 13);
insert into StudentInterestGroups (InterestGroupID, StudentEntityID)
values (5,973);
insert into StudentInterestGroups (InterestGroupID, StudentEntityID)
values (3,973);
insert into StudentInterestGroups (InterestGroupID, StudentEntityID)
values (6,973);
insert into StudentInterestGroups (InterestGroupID, StudentEntityID)
values (10,973);
insert into StudentInterestGroups (InterestGroupID, StudentEntityID)
values (11,973);
insert into userEntity (UserName, EmailAddress, EntityType)
values ('AngelaGilchristA135', 'AngelaGilchristA135@rockingham.k12.va.us', 'STUD');
insert into student (StudentEntityID, FirstName, LastName, MiddleInitial, StreetAddress, Country,City, State,ZipCode, StudentGradeLevel, StudentGPA, StudentACTScore, StudentSATScore, StudentEthnicity, StudentGender, IncomeLevel, DaysAbsent, HoursOfWorkPlaceExp, StudentAthleteFlag, StudentGraduationTrack, StudentEmploymentFlag, StudentImage,SchoolEntityID)
values (974, 'Angela', 'Gilchrist', 'A', '312 Clark Bridge', 'USA','Higginston','VA','20040','Junior', 1.35, 13, 603,'Caucasian','Female','Middle Income',14,16, 'Y', 'N', 'Y', 'img/student.jpg', 13);
insert into StudentInterestGroups (InterestGroupID, StudentEntityID)
values (6,974);
insert into StudentInterestGroups (InterestGroupID, StudentEntityID)
values (12,974);
insert into userEntity (UserName, EmailAddress, EntityType)
values ('MelissaRangelN880', 'MelissaRangelN880@spotswood.edu', 'STUD');
insert into student (StudentEntityID, FirstName, LastName, MiddleInitial, StreetAddress, Country,City, State,ZipCode, StudentGradeLevel, StudentGPA, StudentACTScore, StudentSATScore, StudentEthnicity, StudentGender, IncomeLevel, DaysAbsent, HoursOfWorkPlaceExp, StudentAthleteFlag, StudentGraduationTrack, StudentEmploymentFlag, StudentImage,SchoolEntityID)
values (975, 'Melissa', 'Rangel', 'N', '64995 Carter Springs', 'USA','Cunninghamtown','VA','20040','Sophomore', 3.23, 0, 0,'African American','Female','Middle Income',0,22, 'N', 'Y', 'Y', 'img/student.jpg', 14);
insert into StudentInterestGroups (InterestGroupID, StudentEntityID)
values (12,975);
insert into StudentInterestGroups (InterestGroupID, StudentEntityID)
values (8,975);
insert into StudentInterestGroups (InterestGroupID, StudentEntityID)
values (11,975);
insert into userEntity (UserName, EmailAddress, EntityType)
values ('VickiPeltierC374', 'VickiPeltierC374@harrisonburg.edu', 'STUD');
insert into student (StudentEntityID, FirstName, LastName, MiddleInitial, StreetAddress, Country,City, State,ZipCode, StudentGradeLevel, StudentGPA, StudentACTScore, StudentSATScore, StudentEthnicity, StudentGender, IncomeLevel, DaysAbsent, HoursOfWorkPlaceExp, StudentAthleteFlag, StudentGraduationTrack, StudentEmploymentFlag, StudentImage,SchoolEntityID)
values (976, 'Vicki', 'Peltier', 'C', '2112 Nicole Coves Suite 811', 'USA','New Jack','VA','20041','Sophomore', 2.67, 0, 0,'Caucasian','Female','Lower Income',5,24, 'Y', 'Y', 'N', 'img/student.jpg', 17);
insert into StudentInterestGroups (InterestGroupID, StudentEntityID)
values (12,976);
insert into StudentInterestGroups (InterestGroupID, StudentEntityID)
values (9,976);
insert into StudentInterestGroups (InterestGroupID, StudentEntityID)
values (7,976);
insert into StudentInterestGroups (InterestGroupID, StudentEntityID)
values (4,976);
insert into StudentInterestGroups (InterestGroupID, StudentEntityID)
values (10,976);
insert into StudentInterestGroups (InterestGroupID, StudentEntityID)
values (6,976);
insert into userEntity (UserName, EmailAddress, EntityType)
values ('JosephMattsonP466', 'JosephMattsonP466@spotswood.edu', 'STUD');
insert into student (StudentEntityID, FirstName, LastName, MiddleInitial, StreetAddress, Country,City, State,ZipCode, StudentGradeLevel, StudentGPA, StudentACTScore, StudentSATScore, StudentEthnicity, StudentGender, IncomeLevel, DaysAbsent, HoursOfWorkPlaceExp, StudentAthleteFlag, StudentGraduationTrack, StudentEmploymentFlag, StudentImage,SchoolEntityID)
values (977, 'Joseph', 'Mattson', 'P', '0127 Santiago Station', 'USA','Hayesport','VA','20040','Sophomore', 2.94, 0, 0,'Caucasian','Other','Lower Income',7,24, 'Y', 'Y', 'N', 'img/student.jpg', 14);
insert into StudentInterestGroups (InterestGroupID, StudentEntityID)
values (2,977);
insert into StudentInterestGroups (InterestGroupID, StudentEntityID)
values (7,977);
insert into StudentInterestGroups (InterestGroupID, StudentEntityID)
values (3,977);
insert into StudentInterestGroups (InterestGroupID, StudentEntityID)
values (8,977);
insert into userEntity (UserName, EmailAddress, EntityType)
values ('LorraineMarionR210', 'LorraineMarionR210@broadway.edu', 'STUD');
insert into student (StudentEntityID, FirstName, LastName, MiddleInitial, StreetAddress, Country,City, State,ZipCode, StudentGradeLevel, StudentGPA, StudentACTScore, StudentSATScore, StudentEthnicity, StudentGender, IncomeLevel, DaysAbsent, HoursOfWorkPlaceExp, StudentAthleteFlag, StudentGraduationTrack, StudentEmploymentFlag, StudentImage,SchoolEntityID)
values (978, 'Lorraine', 'Marion', 'R', '9607 Angela Plains', 'USA','West Ryanton','VA','20040','Junior', 3.45, 31, 1142,'Caucasian','Female','Lower Income',0,30, 'Y', 'Y', 'Y', 'img/student.jpg', 16);
insert into StudentInterestGroups (InterestGroupID, StudentEntityID)
values (12,978);
insert into StudentInterestGroups (InterestGroupID, StudentEntityID)
values (11,978);
insert into StudentInterestGroups (InterestGroupID, StudentEntityID)
values (3,978);
insert into StudentInterestGroups (InterestGroupID, StudentEntityID)
values (1,978);
insert into StudentInterestGroups (InterestGroupID, StudentEntityID)
values (9,978);
insert into StudentInterestGroups (InterestGroupID, StudentEntityID)
values (4,978);
insert into userEntity (UserName, EmailAddress, EntityType)
values ('RichardTooksJ640', 'RichardTooksJ640@broadway.edu', 'STUD');
insert into student (StudentEntityID, FirstName, LastName, MiddleInitial, StreetAddress, Country,City, State,ZipCode, StudentGradeLevel, StudentGPA, StudentACTScore, StudentSATScore, StudentEthnicity, StudentGender, IncomeLevel, DaysAbsent, HoursOfWorkPlaceExp, StudentAthleteFlag, StudentGraduationTrack, StudentEmploymentFlag, StudentImage,SchoolEntityID)
values (979, 'Richard', 'Tooks', 'J', '198 James Wells Apt. 619', 'USA','Davidmouth','VA','20041','Senior', 3.27, 32, 1498,'Caucasian','Male','Middle Income',5,37, 'Y', 'Y', 'Y', 'img/student.jpg', 16);
insert into StudentInterestGroups (InterestGroupID, StudentEntityID)
values (1,979);
insert into StudentInterestGroups (InterestGroupID, StudentEntityID)
values (12,979);
insert into userEntity (UserName, EmailAddress, EntityType)
values ('RaymonAumillerU818', 'RaymonAumillerU818@harrisonburg.edu', 'STUD');
insert into student (StudentEntityID, FirstName, LastName, MiddleInitial, StreetAddress, Country,City, State,ZipCode, StudentGradeLevel, StudentGPA, StudentACTScore, StudentSATScore, StudentEthnicity, StudentGender, IncomeLevel, DaysAbsent, HoursOfWorkPlaceExp, StudentAthleteFlag, StudentGraduationTrack, StudentEmploymentFlag, StudentImage,SchoolEntityID)
values (980, 'Raymon', 'Aumiller', 'U', '48384 Campbell Fall', 'USA','Deanview','VA','20041','Junior', 1.06, 18, 719,'African American','Male','Lower Income',13,13, 'Y', 'N', 'N', 'img/student.jpg', 17);
insert into StudentInterestGroups (InterestGroupID, StudentEntityID)
values (5,980);
insert into StudentInterestGroups (InterestGroupID, StudentEntityID)
values (12,980);
insert into StudentInterestGroups (InterestGroupID, StudentEntityID)
values (1,980);
insert into StudentInterestGroups (InterestGroupID, StudentEntityID)
values (4,980);
insert into StudentInterestGroups (InterestGroupID, StudentEntityID)
values (10,980);
insert into StudentInterestGroups (InterestGroupID, StudentEntityID)
values (3,980);
insert into userEntity (UserName, EmailAddress, EntityType)
values ('EarlWenkW928', 'EarlWenkW928@turnerAshby.edu', 'STUD');
insert into student (StudentEntityID, FirstName, LastName, MiddleInitial, StreetAddress, Country,City, State,ZipCode, StudentGradeLevel, StudentGPA, StudentACTScore, StudentSATScore, StudentEthnicity, StudentGender, IncomeLevel, DaysAbsent, HoursOfWorkPlaceExp, StudentAthleteFlag, StudentGraduationTrack, StudentEmploymentFlag, StudentImage,SchoolEntityID)
values (981, 'Earl', 'Wenk', 'W', '2887 Matthew Trail', 'USA','South Amandaland','VA','20040','Junior', 1.04, 13, 789,'Caucasian','Male','Middle Income',13,12, 'Y', 'N', 'N', 'img/student.jpg', 15);
insert into StudentInterestGroups (InterestGroupID, StudentEntityID)
values (8,981);
insert into StudentInterestGroups (InterestGroupID, StudentEntityID)
values (3,981);
insert into StudentInterestGroups (InterestGroupID, StudentEntityID)
values (5,981);
insert into StudentInterestGroups (InterestGroupID, StudentEntityID)
values (4,981);
insert into StudentInterestGroups (InterestGroupID, StudentEntityID)
values (1,981);
insert into StudentInterestGroups (InterestGroupID, StudentEntityID)
values (9,981);
insert into userEntity (UserName, EmailAddress, EntityType)
values ('DouglasRatermanX800', 'DouglasRatermanX800@rockingham.k12.va.us', 'STUD');
insert into student (StudentEntityID, FirstName, LastName, MiddleInitial, StreetAddress, Country,City, State,ZipCode, StudentGradeLevel, StudentGPA, StudentACTScore, StudentSATScore, StudentEthnicity, StudentGender, IncomeLevel, DaysAbsent, HoursOfWorkPlaceExp, StudentAthleteFlag, StudentGraduationTrack, StudentEmploymentFlag, StudentImage,SchoolEntityID)
values (982, 'Douglas', 'Raterman', 'X', '739 Courtney Tunnel Suite 507', 'USA','Mooretown','VA','20040','Junior', 1.95, 15, 879,'Caucasian','Male','Middle Income',11,18, 'N', 'N', 'N', 'img/student.jpg', 13);
insert into StudentInterestGroups (InterestGroupID, StudentEntityID)
values (3,982);
insert into StudentInterestGroups (InterestGroupID, StudentEntityID)
values (1,982);
insert into StudentInterestGroups (InterestGroupID, StudentEntityID)
values (5,982);
insert into userEntity (UserName, EmailAddress, EntityType)
values ('PaulWilliamsonS155', 'PaulWilliamsonS155@broadway.edu', 'STUD');
insert into student (StudentEntityID, FirstName, LastName, MiddleInitial, StreetAddress, Country,City, State,ZipCode, StudentGradeLevel, StudentGPA, StudentACTScore, StudentSATScore, StudentEthnicity, StudentGender, IncomeLevel, DaysAbsent, HoursOfWorkPlaceExp, StudentAthleteFlag, StudentGraduationTrack, StudentEmploymentFlag, StudentImage,SchoolEntityID)
values (983, 'Paul', 'Williamson', 'S', '61248 Richard Junctions Apt. 184', 'USA','New Amanda','VA','20041','Freshmen', 1.85, 0, 0,'Asian','Male','Higher Income',11,3, 'Y', 'N', 'N', 'img/student.jpg', 16);
insert into StudentInterestGroups (InterestGroupID, StudentEntityID)
values (8,983);
insert into StudentInterestGroups (InterestGroupID, StudentEntityID)
values (7,983);
insert into userEntity (UserName, EmailAddress, EntityType)
values ('GilbertOuelletteU322', 'GilbertOuelletteU322@broadway.edu', 'STUD');
insert into student (StudentEntityID, FirstName, LastName, MiddleInitial, StreetAddress, Country,City, State,ZipCode, StudentGradeLevel, StudentGPA, StudentACTScore, StudentSATScore, StudentEthnicity, StudentGender, IncomeLevel, DaysAbsent, HoursOfWorkPlaceExp, StudentAthleteFlag, StudentGraduationTrack, StudentEmploymentFlag, StudentImage,SchoolEntityID)
values (984, 'Gilbert', 'Ouellette', 'U', '762 Jordan Crescent Apt. 252', 'USA','Jessicaside','VA','20041','Junior', 2.8, 32, 1223,'Caucasian','Other','Higher Income',4,30, 'Y', 'Y', 'Y', 'img/student.jpg', 16);
insert into StudentInterestGroups (InterestGroupID, StudentEntityID)
values (2,984);
insert into StudentInterestGroups (InterestGroupID, StudentEntityID)
values (7,984);
insert into StudentInterestGroups (InterestGroupID, StudentEntityID)
values (3,984);
insert into StudentInterestGroups (InterestGroupID, StudentEntityID)
values (5,984);
insert into StudentInterestGroups (InterestGroupID, StudentEntityID)
values (9,984);
insert into StudentInterestGroups (InterestGroupID, StudentEntityID)
values (6,984);
insert into StudentInterestGroups (InterestGroupID, StudentEntityID)
values (8,984);
insert into StudentInterestGroups (InterestGroupID, StudentEntityID)
values (1,984);
insert into userEntity (UserName, EmailAddress, EntityType)
values ('LarryNormanD0', 'LarryNormanD0@spotswood.edu', 'STUD');
insert into student (StudentEntityID, FirstName, LastName, MiddleInitial, StreetAddress, Country,City, State,ZipCode, StudentGradeLevel, StudentGPA, StudentACTScore, StudentSATScore, StudentEthnicity, StudentGender, IncomeLevel, DaysAbsent, HoursOfWorkPlaceExp, StudentAthleteFlag, StudentGraduationTrack, StudentEmploymentFlag, StudentImage,SchoolEntityID)
values (985, 'Larry', 'Norman', 'D', '58410 Scott Coves Apt. 470', 'USA','Chadtown','VA','20041','Junior', 3.89, 30, 1557,'Pacific Islander','Male','Higher Income',2,33, 'N', 'Y', 'N', 'img/student.jpg', 14);
insert into StudentInterestGroups (InterestGroupID, StudentEntityID)
values (6,985);
insert into StudentInterestGroups (InterestGroupID, StudentEntityID)
values (10,985);
insert into StudentInterestGroups (InterestGroupID, StudentEntityID)
values (2,985);
insert into StudentInterestGroups (InterestGroupID, StudentEntityID)
values (11,985);
insert into StudentInterestGroups (InterestGroupID, StudentEntityID)
values (8,985);
insert into StudentInterestGroups (InterestGroupID, StudentEntityID)
values (3,985);
insert into StudentInterestGroups (InterestGroupID, StudentEntityID)
values (12,985);
insert into StudentInterestGroups (InterestGroupID, StudentEntityID)
values (9,985);
insert into userEntity (UserName, EmailAddress, EntityType)
values ('LouRosnerQ932', 'LouRosnerQ932@turnerAshby.edu', 'STUD');
insert into student (StudentEntityID, FirstName, LastName, MiddleInitial, StreetAddress, Country,City, State,ZipCode, StudentGradeLevel, StudentGPA, StudentACTScore, StudentSATScore, StudentEthnicity, StudentGender, IncomeLevel, DaysAbsent, HoursOfWorkPlaceExp, StudentAthleteFlag, StudentGraduationTrack, StudentEmploymentFlag, StudentImage,SchoolEntityID)
values (986, 'Lou', 'Rosner', 'Q', '831 Michael Divide', 'USA','West Williamhaven','VA','20040','Freshmen', 2.42, 0, 0,'Caucasian','Female','Middle Income',14,10, 'Y', 'Y', 'N', 'img/student.jpg', 15);
insert into StudentInterestGroups (InterestGroupID, StudentEntityID)
values (5,986);
insert into StudentInterestGroups (InterestGroupID, StudentEntityID)
values (3,986);
insert into userEntity (UserName, EmailAddress, EntityType)
values ('RichardBennettsH928', 'RichardBennettsH928@broadway.edu', 'STUD');
insert into student (StudentEntityID, FirstName, LastName, MiddleInitial, StreetAddress, Country,City, State,ZipCode, StudentGradeLevel, StudentGPA, StudentACTScore, StudentSATScore, StudentEthnicity, StudentGender, IncomeLevel, DaysAbsent, HoursOfWorkPlaceExp, StudentAthleteFlag, StudentGraduationTrack, StudentEmploymentFlag, StudentImage,SchoolEntityID)
values (987, 'Richard', 'Bennetts', 'H', '3100 Darren Rue', 'USA','Gomezhaven','VA','20040','Senior', 3.16, 27, 1137,'Caucasian','Male','Middle Income',1,35, 'Y', 'Y', 'N', 'img/student.jpg', 16);
insert into StudentInterestGroups (InterestGroupID, StudentEntityID)
values (8,987);
insert into StudentInterestGroups (InterestGroupID, StudentEntityID)
values (9,987);
insert into userEntity (UserName, EmailAddress, EntityType)
values ('EricBrownF58', 'EricBrownF58@Louisa.edu', 'STUD');
insert into student (StudentEntityID, FirstName, LastName, MiddleInitial, StreetAddress, Country,City, State,ZipCode, StudentGradeLevel, StudentGPA, StudentACTScore, StudentSATScore, StudentEthnicity, StudentGender, IncomeLevel, DaysAbsent, HoursOfWorkPlaceExp, StudentAthleteFlag, StudentGraduationTrack, StudentEmploymentFlag, StudentImage,SchoolEntityID)
values (988, 'Eric', 'Brown', 'F', '7448 Kaitlin Inlet Apt. 340', 'USA','North Mark','VA','20041','Senior', 1.61, 17, 757,'Caucasian','Male','Lower Income',12,24, 'Y', 'N', 'Y', 'img/student.jpg', 12);
insert into StudentInterestGroups (InterestGroupID, StudentEntityID)
values (9,988);
insert into StudentInterestGroups (InterestGroupID, StudentEntityID)
values (1,988);
insert into userEntity (UserName, EmailAddress, EntityType)
values ('KellieMiddletonR726', 'KellieMiddletonR726@harrisonburg.edu', 'STUD');
insert into student (StudentEntityID, FirstName, LastName, MiddleInitial, StreetAddress, Country,City, State,ZipCode, StudentGradeLevel, StudentGPA, StudentACTScore, StudentSATScore, StudentEthnicity, StudentGender, IncomeLevel, DaysAbsent, HoursOfWorkPlaceExp, StudentAthleteFlag, StudentGraduationTrack, StudentEmploymentFlag, StudentImage,SchoolEntityID)
values (989, 'Kellie', 'Middleton', 'R', '8017 Rebecca Square Apt. 951', 'USA','East Christopher','VA','20040','Sophomore', 1.74, 0, 0,'Caucasian','Female','Lower Income',10,8, 'N', 'N', 'Y', 'img/student.jpg', 17);
insert into StudentInterestGroups (InterestGroupID, StudentEntityID)
values (9,989);
insert into userEntity (UserName, EmailAddress, EntityType)
values ('JamesWootenL589', 'JamesWootenL589@spotswood.edu', 'STUD');
insert into student (StudentEntityID, FirstName, LastName, MiddleInitial, StreetAddress, Country,City, State,ZipCode, StudentGradeLevel, StudentGPA, StudentACTScore, StudentSATScore, StudentEthnicity, StudentGender, IncomeLevel, DaysAbsent, HoursOfWorkPlaceExp, StudentAthleteFlag, StudentGraduationTrack, StudentEmploymentFlag, StudentImage,SchoolEntityID)
values (990, 'James', 'Wooten', 'L', '41263 Michael Island', 'USA','East Sophia','VA','20040','Senior', 3.77, 25, 1298,'Not selected or Other','Male','Middle Income',2,44, 'Y', 'Y', 'N', 'img/student.jpg', 14);
insert into StudentInterestGroups (InterestGroupID, StudentEntityID)
values (1,990);
insert into StudentInterestGroups (InterestGroupID, StudentEntityID)
values (9,990);
insert into StudentInterestGroups (InterestGroupID, StudentEntityID)
values (4,990);
insert into StudentInterestGroups (InterestGroupID, StudentEntityID)
values (10,990);
insert into StudentInterestGroups (InterestGroupID, StudentEntityID)
values (3,990);
insert into StudentInterestGroups (InterestGroupID, StudentEntityID)
values (12,990);
insert into userEntity (UserName, EmailAddress, EntityType)
values ('JanetFilipponiE867', 'JanetFilipponiE867@broadway.edu', 'STUD');
insert into student (StudentEntityID, FirstName, LastName, MiddleInitial, StreetAddress, Country,City, State,ZipCode, StudentGradeLevel, StudentGPA, StudentACTScore, StudentSATScore, StudentEthnicity, StudentGender, IncomeLevel, DaysAbsent, HoursOfWorkPlaceExp, StudentAthleteFlag, StudentGraduationTrack, StudentEmploymentFlag, StudentImage,SchoolEntityID)
values (991, 'Janet', 'Filipponi', 'E', '614 Randy Valleys', 'USA','New Justin','VA','20040','Senior', 3.81, 25, 1534,'Hispanic','Female','Middle Income',1,43, 'N', 'Y', 'N', 'img/student.jpg', 16);
insert into StudentInterestGroups (InterestGroupID, StudentEntityID)
values (10,991);
insert into StudentInterestGroups (InterestGroupID, StudentEntityID)
values (9,991);
insert into StudentInterestGroups (InterestGroupID, StudentEntityID)
values (12,991);
insert into StudentInterestGroups (InterestGroupID, StudentEntityID)
values (4,991);
insert into StudentInterestGroups (InterestGroupID, StudentEntityID)
values (1,991);
insert into StudentInterestGroups (InterestGroupID, StudentEntityID)
values (5,991);
insert into StudentInterestGroups (InterestGroupID, StudentEntityID)
values (6,991);
insert into StudentInterestGroups (InterestGroupID, StudentEntityID)
values (3,991);
insert into userEntity (UserName, EmailAddress, EntityType)
values ('MeghanThrillK808', 'MeghanThrillK808@broadway.edu', 'STUD');
insert into student (StudentEntityID, FirstName, LastName, MiddleInitial, StreetAddress, Country,City, State,ZipCode, StudentGradeLevel, StudentGPA, StudentACTScore, StudentSATScore, StudentEthnicity, StudentGender, IncomeLevel, DaysAbsent, HoursOfWorkPlaceExp, StudentAthleteFlag, StudentGraduationTrack, StudentEmploymentFlag, StudentImage,SchoolEntityID)
values (992, 'Meghan', 'Thrill', 'K', '4893 Megan Lodge Suite 571', 'USA','Laurahaven','VA','20040','Sophomore', 3.09, 0, 0,'Caucasian','Female','Middle Income',5,24, 'N', 'Y', 'N', 'img/student.jpg', 16);
insert into StudentInterestGroups (InterestGroupID, StudentEntityID)
values (12,992);
insert into StudentInterestGroups (InterestGroupID, StudentEntityID)
values (2,992);
insert into StudentInterestGroups (InterestGroupID, StudentEntityID)
values (10,992);
insert into StudentInterestGroups (InterestGroupID, StudentEntityID)
values (5,992);
insert into StudentInterestGroups (InterestGroupID, StudentEntityID)
values (3,992);
insert into StudentInterestGroups (InterestGroupID, StudentEntityID)
values (7,992);
insert into StudentInterestGroups (InterestGroupID, StudentEntityID)
values (8,992);
insert into StudentInterestGroups (InterestGroupID, StudentEntityID)
values (6,992);
insert into userEntity (UserName, EmailAddress, EntityType)
values ('ConnieColeC200', 'ConnieColeC200@rockingham.k12.va.us', 'STUD');
insert into student (StudentEntityID, FirstName, LastName, MiddleInitial, StreetAddress, Country,City, State,ZipCode, StudentGradeLevel, StudentGPA, StudentACTScore, StudentSATScore, StudentEthnicity, StudentGender, IncomeLevel, DaysAbsent, HoursOfWorkPlaceExp, StudentAthleteFlag, StudentGraduationTrack, StudentEmploymentFlag, StudentImage,SchoolEntityID)
values (993, 'Connie', 'Cole', 'C', '697 Frazier Rest', 'USA','North Kimberlyside','VA','20040','Freshmen', 2.58, 0, 0,'Caucasian','Female','Higher Income',3,20, 'Y', 'Y', 'N', 'img/student.jpg', 13);
insert into StudentInterestGroups (InterestGroupID, StudentEntityID)
values (8,993);
insert into StudentInterestGroups (InterestGroupID, StudentEntityID)
values (3,993);
insert into StudentInterestGroups (InterestGroupID, StudentEntityID)
values (1,993);
insert into StudentInterestGroups (InterestGroupID, StudentEntityID)
values (12,993);
insert into StudentInterestGroups (InterestGroupID, StudentEntityID)
values (10,993);
insert into StudentInterestGroups (InterestGroupID, StudentEntityID)
values (9,993);
insert into StudentInterestGroups (InterestGroupID, StudentEntityID)
values (4,993);
insert into StudentInterestGroups (InterestGroupID, StudentEntityID)
values (11,993);
insert into userEntity (UserName, EmailAddress, EntityType)
values ('RocioNajeraL396', 'RocioNajeraL396@spotswood.edu', 'STUD');
insert into student (StudentEntityID, FirstName, LastName, MiddleInitial, StreetAddress, Country,City, State,ZipCode, StudentGradeLevel, StudentGPA, StudentACTScore, StudentSATScore, StudentEthnicity, StudentGender, IncomeLevel, DaysAbsent, HoursOfWorkPlaceExp, StudentAthleteFlag, StudentGraduationTrack, StudentEmploymentFlag, StudentImage,SchoolEntityID)
values (994, 'Rocio', 'Najera', 'L', '8145 Lynn Oval', 'USA','East Samanthaview','VA','20041','Freshmen', 1.26, 0, 0,'Caucasian','Other','Lower Income',14,5, 'Y', 'N', 'N', 'img/student.jpg', 14);
insert into StudentInterestGroups (InterestGroupID, StudentEntityID)
values (6,994);
insert into StudentInterestGroups (InterestGroupID, StudentEntityID)
values (9,994);
insert into StudentInterestGroups (InterestGroupID, StudentEntityID)
values (4,994);
insert into userEntity (UserName, EmailAddress, EntityType)
values ('BeverlySchneiderH397', 'BeverlySchneiderH397@harrisonburg.edu', 'STUD');
insert into student (StudentEntityID, FirstName, LastName, MiddleInitial, StreetAddress, Country,City, State,ZipCode, StudentGradeLevel, StudentGPA, StudentACTScore, StudentSATScore, StudentEthnicity, StudentGender, IncomeLevel, DaysAbsent, HoursOfWorkPlaceExp, StudentAthleteFlag, StudentGraduationTrack, StudentEmploymentFlag, StudentImage,SchoolEntityID)
values (995, 'Beverly', 'Schneider', 'H', '415 Brenda Radial Suite 703', 'USA','New Aaron','VA','20041','Sophomore', 2.67, 0, 0,'Hispanic','Female','Lower Income',0,25, 'N', 'Y', 'N', 'img/student.jpg', 17);
insert into StudentInterestGroups (InterestGroupID, StudentEntityID)
values (5,995);
insert into StudentInterestGroups (InterestGroupID, StudentEntityID)
values (7,995);
insert into userEntity (UserName, EmailAddress, EntityType)
values ('ElizabethFlemmingL6', 'ElizabethFlemmingL6@harrisonburg.edu', 'STUD');
insert into student (StudentEntityID, FirstName, LastName, MiddleInitial, StreetAddress, Country,City, State,ZipCode, StudentGradeLevel, StudentGPA, StudentACTScore, StudentSATScore, StudentEthnicity, StudentGender, IncomeLevel, DaysAbsent, HoursOfWorkPlaceExp, StudentAthleteFlag, StudentGraduationTrack, StudentEmploymentFlag, StudentImage,SchoolEntityID)
values (996, 'Elizabeth', 'Flemming', 'L', '48717 Contreras Crescent', 'USA','Deleonshire','VA','20040','Sophomore', 1.16, 0, 0,'Caucasian','Other','Middle Income',14,3, 'Y', 'N', 'N', 'img/student.jpg', 17);
insert into StudentInterestGroups (InterestGroupID, StudentEntityID)
values (10,996);
insert into StudentInterestGroups (InterestGroupID, StudentEntityID)
values (6,996);
insert into StudentInterestGroups (InterestGroupID, StudentEntityID)
values (8,996);
insert into StudentInterestGroups (InterestGroupID, StudentEntityID)
values (5,996);
insert into StudentInterestGroups (InterestGroupID, StudentEntityID)
values (1,996);
insert into StudentInterestGroups (InterestGroupID, StudentEntityID)
values (7,996);
insert into userEntity (UserName, EmailAddress, EntityType)
values ('AnneSorensenM219', 'AnneSorensenM219@spotswood.edu', 'STUD');
insert into student (StudentEntityID, FirstName, LastName, MiddleInitial, StreetAddress, Country,City, State,ZipCode, StudentGradeLevel, StudentGPA, StudentACTScore, StudentSATScore, StudentEthnicity, StudentGender, IncomeLevel, DaysAbsent, HoursOfWorkPlaceExp, StudentAthleteFlag, StudentGraduationTrack, StudentEmploymentFlag, StudentImage,SchoolEntityID)
values (997, 'Anne', 'Sorensen', 'M', '450 Thomas Islands', 'USA','Oliverside','VA','20040','Junior', 1.02, 14, 666,'Caucasian','Female','Lower Income',15,15, 'Y', 'N', 'N', 'img/student.jpg', 14);
insert into StudentInterestGroups (InterestGroupID, StudentEntityID)
values (6,997);
insert into StudentInterestGroups (InterestGroupID, StudentEntityID)
values (3,997);
insert into StudentInterestGroups (InterestGroupID, StudentEntityID)
values (1,997);
insert into StudentInterestGroups (InterestGroupID, StudentEntityID)
values (9,997);
insert into StudentInterestGroups (InterestGroupID, StudentEntityID)
values (5,997);
insert into StudentInterestGroups (InterestGroupID, StudentEntityID)
values (2,997);
insert into userEntity (UserName, EmailAddress, EntityType)
values ('KeithHemaL335', 'KeithHemaL335@broadway.edu', 'STUD');
insert into student (StudentEntityID, FirstName, LastName, MiddleInitial, StreetAddress, Country,City, State,ZipCode, StudentGradeLevel, StudentGPA, StudentACTScore, StudentSATScore, StudentEthnicity, StudentGender, IncomeLevel, DaysAbsent, HoursOfWorkPlaceExp, StudentAthleteFlag, StudentGraduationTrack, StudentEmploymentFlag, StudentImage,SchoolEntityID)
values (998, 'Keith', 'Hema', 'L', '56597 Samuel Square Apt. 002', 'USA','Villegasland','VA','20041','Junior', 1.65, 23, 1187,'Caucasian','Male','Lower Income',8,19, 'N', 'N', 'N', 'img/student.jpg', 16);
insert into StudentInterestGroups (InterestGroupID, StudentEntityID)
values (1,998);
insert into StudentInterestGroups (InterestGroupID, StudentEntityID)
values (8,998);
insert into userEntity (UserName, EmailAddress, EntityType)
values ('PaigeMccueD571', 'PaigeMccueD571@rockingham.k12.va.us', 'STUD');
insert into student (StudentEntityID, FirstName, LastName, MiddleInitial, StreetAddress, Country,City, State,ZipCode, StudentGradeLevel, StudentGPA, StudentACTScore, StudentSATScore, StudentEthnicity, StudentGender, IncomeLevel, DaysAbsent, HoursOfWorkPlaceExp, StudentAthleteFlag, StudentGraduationTrack, StudentEmploymentFlag, StudentImage,SchoolEntityID)
values (999, 'Paige', 'Mccue', 'D', '3428 Harrison Roads', 'USA','Meghanborough','VA','20040','Freshmen', 2.23, 0, 0,'Caucasian','Female','Lower Income',8,7, 'Y', 'Y', 'N', 'img/student.jpg', 13);
insert into StudentInterestGroups (InterestGroupID, StudentEntityID)
values (12,999);
insert into StudentInterestGroups (InterestGroupID, StudentEntityID)
values (10,999);
insert into userEntity (UserName, EmailAddress, EntityType)
values ('VeronicaParaY603', 'VeronicaParaY603@harrisonburg.edu', 'STUD');
insert into student (StudentEntityID, FirstName, LastName, MiddleInitial, StreetAddress, Country,City, State,ZipCode, StudentGradeLevel, StudentGPA, StudentACTScore, StudentSATScore, StudentEthnicity, StudentGender, IncomeLevel, DaysAbsent, HoursOfWorkPlaceExp, StudentAthleteFlag, StudentGraduationTrack, StudentEmploymentFlag, StudentImage,SchoolEntityID)
values (1000, 'Veronica', 'Para', 'Y', '254 Justin Shoal Apt. 332', 'USA','Benjaminport','VA','20040','Sophomore', 3.07, 0, 0,'Caucasian','Other','Middle Income',5,23, 'Y', 'Y', 'N', 'img/student.jpg', 17);
insert into StudentInterestGroups (InterestGroupID, StudentEntityID)
values (3,1000);
insert into StudentInterestGroups (InterestGroupID, StudentEntityID)
values (5,1000);
insert into userEntity (UserName, EmailAddress, EntityType)
values ('RobertChurchillX453', 'RobertChurchillX453@broadway.edu', 'STUD');
insert into student (StudentEntityID, FirstName, LastName, MiddleInitial, StreetAddress, Country,City, State,ZipCode, StudentGradeLevel, StudentGPA, StudentACTScore, StudentSATScore, StudentEthnicity, StudentGender, IncomeLevel, DaysAbsent, HoursOfWorkPlaceExp, StudentAthleteFlag, StudentGraduationTrack, StudentEmploymentFlag, StudentImage,SchoolEntityID)
values (1001, 'Robert', 'Churchill', 'X', '08106 Smith Plain Suite 292', 'USA','Lake Thomaston','VA','20040','Junior', 1.74, 20, 727,'Pacific Islander','Male','Middle Income',12,20, 'Y', 'N', 'Y', 'img/student.jpg', 16);
insert into StudentInterestGroups (InterestGroupID, StudentEntityID)
values (1,1001);
insert into userEntity (UserName, EmailAddress, EntityType)
values ('RobertMackR26', 'RobertMackR26@rockingham.k12.va.us', 'STUD');
insert into student (StudentEntityID, FirstName, LastName, MiddleInitial, StreetAddress, Country,City, State,ZipCode, StudentGradeLevel, StudentGPA, StudentACTScore, StudentSATScore, StudentEthnicity, StudentGender, IncomeLevel, DaysAbsent, HoursOfWorkPlaceExp, StudentAthleteFlag, StudentGraduationTrack, StudentEmploymentFlag, StudentImage,SchoolEntityID)
values (1002, 'Robert', 'Mack', 'R', '4073 Rogers Knolls', 'USA','Reyesborough','VA','20041','Sophomore', 3.3, 0, 0,'African American','Male','Lower Income',2,25, 'N', 'Y', 'Y', 'img/student.jpg', 13);
insert into StudentInterestGroups (InterestGroupID, StudentEntityID)
values (6,1002);
insert into StudentInterestGroups (InterestGroupID, StudentEntityID)
values (2,1002);
insert into userEntity (UserName, EmailAddress, EntityType)
values ('AlbertMckenzieG167', 'AlbertMckenzieG167@harrisonburg.edu', 'STUD');
insert into student (StudentEntityID, FirstName, LastName, MiddleInitial, StreetAddress, Country,City, State,ZipCode, StudentGradeLevel, StudentGPA, StudentACTScore, StudentSATScore, StudentEthnicity, StudentGender, IncomeLevel, DaysAbsent, HoursOfWorkPlaceExp, StudentAthleteFlag, StudentGraduationTrack, StudentEmploymentFlag, StudentImage,SchoolEntityID)
values (1003, 'Albert', 'Mckenzie', 'G', '5218 Roberts Cape', 'USA','Ramirezfurt','VA','20040','Sophomore', 2.87, 0, 0,'Asian','Male','Middle Income',5,20, 'N', 'Y', 'N', 'img/student.jpg', 17);
insert into StudentInterestGroups (InterestGroupID, StudentEntityID)
values (9,1003);
insert into userEntity (UserName, EmailAddress, EntityType)
values ('MarieColindresG662', 'MarieColindresG662@rockingham.k12.va.us', 'STUD');
insert into student (StudentEntityID, FirstName, LastName, MiddleInitial, StreetAddress, Country,City, State,ZipCode, StudentGradeLevel, StudentGPA, StudentACTScore, StudentSATScore, StudentEthnicity, StudentGender, IncomeLevel, DaysAbsent, HoursOfWorkPlaceExp, StudentAthleteFlag, StudentGraduationTrack, StudentEmploymentFlag, StudentImage,SchoolEntityID)
values (1004, 'Marie', 'Colindres', 'G', '2095 White Knoll Suite 670', 'USA','Thomasview','VA','20040','Freshmen', 3.13, 0, 0,'Hispanic','Female','Middle Income',3,18, 'Y', 'Y', 'Y', 'img/student.jpg', 13);
insert into StudentInterestGroups (InterestGroupID, StudentEntityID)
values (10,1004);
insert into StudentInterestGroups (InterestGroupID, StudentEntityID)
values (5,1004);
insert into StudentInterestGroups (InterestGroupID, StudentEntityID)
values (2,1004);
insert into userEntity (UserName, EmailAddress, EntityType)
values ('RonaldLindsayW952', 'RonaldLindsayW952@broadway.edu', 'STUD');
insert into student (StudentEntityID, FirstName, LastName, MiddleInitial, StreetAddress, Country,City, State,ZipCode, StudentGradeLevel, StudentGPA, StudentACTScore, StudentSATScore, StudentEthnicity, StudentGender, IncomeLevel, DaysAbsent, HoursOfWorkPlaceExp, StudentAthleteFlag, StudentGraduationTrack, StudentEmploymentFlag, StudentImage,SchoolEntityID)
values (1005, 'Ronald', 'Lindsay', 'W', '99054 Angela Pass', 'USA','North Lisa','VA','20040','Sophomore', 3.62, 0, 0,'Caucasian','Male','Lower Income',1,24, 'Y', 'Y', 'Y', 'img/student.jpg', 16);
insert into StudentInterestGroups (InterestGroupID, StudentEntityID)
values (3,1005);
insert into userEntity (UserName, EmailAddress, EntityType)
values ('MartinBurkettY949', 'MartinBurkettY949@harrisonburg.edu', 'STUD');
insert into student (StudentEntityID, FirstName, LastName, MiddleInitial, StreetAddress, Country,City, State,ZipCode, StudentGradeLevel, StudentGPA, StudentACTScore, StudentSATScore, StudentEthnicity, StudentGender, IncomeLevel, DaysAbsent, HoursOfWorkPlaceExp, StudentAthleteFlag, StudentGraduationTrack, StudentEmploymentFlag, StudentImage,SchoolEntityID)
values (1006, 'Martin', 'Burkett', 'Y', '6613 Castro Trail', 'USA','Lake Anthonyfurt','VA','20041','Sophomore', 1.44, 0, 0,'Pacific Islander','Male','Middle Income',15,4, 'N', 'N', 'N', 'img/student.jpg', 17);
insert into StudentInterestGroups (InterestGroupID, StudentEntityID)
values (2,1006);
insert into StudentInterestGroups (InterestGroupID, StudentEntityID)
values (5,1006);
insert into StudentInterestGroups (InterestGroupID, StudentEntityID)
values (9,1006);
insert into StudentInterestGroups (InterestGroupID, StudentEntityID)
values (4,1006);
insert into StudentInterestGroups (InterestGroupID, StudentEntityID)
values (10,1006);
insert into userEntity (UserName, EmailAddress, EntityType)
values ('RyanSannerR861', 'RyanSannerR861@spotswood.edu', 'STUD');
insert into student (StudentEntityID, FirstName, LastName, MiddleInitial, StreetAddress, Country,City, State,ZipCode, StudentGradeLevel, StudentGPA, StudentACTScore, StudentSATScore, StudentEthnicity, StudentGender, IncomeLevel, DaysAbsent, HoursOfWorkPlaceExp, StudentAthleteFlag, StudentGraduationTrack, StudentEmploymentFlag, StudentImage,SchoolEntityID)
values (1007, 'Ryan', 'Sanner', 'R', '437 Hood Loop Apt. 534', 'USA','New Isaiah','VA','20041','Junior', 2.93, 28, 1378,'Not selected or Other','Male','Middle Income',4,24, 'N', 'Y', 'N', 'img/student.jpg', 14);
insert into StudentInterestGroups (InterestGroupID, StudentEntityID)
values (12,1007);
insert into StudentInterestGroups (InterestGroupID, StudentEntityID)
values (10,1007);
insert into StudentInterestGroups (InterestGroupID, StudentEntityID)
values (6,1007);
insert into StudentInterestGroups (InterestGroupID, StudentEntityID)
values (8,1007);
insert into StudentInterestGroups (InterestGroupID, StudentEntityID)
values (11,1007);
insert into StudentInterestGroups (InterestGroupID, StudentEntityID)
values (2,1007);
insert into StudentInterestGroups (InterestGroupID, StudentEntityID)
values (9,1007);
insert into StudentInterestGroups (InterestGroupID, StudentEntityID)
values (4,1007);
insert into userEntity (UserName, EmailAddress, EntityType)
values ('AileenHowardR792', 'AileenHowardR792@broadway.edu', 'STUD');
insert into student (StudentEntityID, FirstName, LastName, MiddleInitial, StreetAddress, Country,City, State,ZipCode, StudentGradeLevel, StudentGPA, StudentACTScore, StudentSATScore, StudentEthnicity, StudentGender, IncomeLevel, DaysAbsent, HoursOfWorkPlaceExp, StudentAthleteFlag, StudentGraduationTrack, StudentEmploymentFlag, StudentImage,SchoolEntityID)
values (1008, 'Aileen', 'Howard', 'R', '95662 Jasmine Squares', 'USA','East Patricia','VA','20041','Senior', 1.31, 17, 707,'African American','Female','Lower Income',15,25, 'Y', 'N', 'Y', 'img/student.jpg', 16);
insert into StudentInterestGroups (InterestGroupID, StudentEntityID)
values (1,1008);
insert into StudentInterestGroups (InterestGroupID, StudentEntityID)
values (9,1008);
insert into StudentInterestGroups (InterestGroupID, StudentEntityID)
values (7,1008);
insert into StudentInterestGroups (InterestGroupID, StudentEntityID)
values (12,1008);
insert into StudentInterestGroups (InterestGroupID, StudentEntityID)
values (10,1008);
insert into StudentInterestGroups (InterestGroupID, StudentEntityID)
values (6,1008);
insert into userEntity (UserName, EmailAddress, EntityType)
values ('JoseMendezH658', 'JoseMendezH658@Louisa.edu', 'STUD');
insert into student (StudentEntityID, FirstName, LastName, MiddleInitial, StreetAddress, Country,City, State,ZipCode, StudentGradeLevel, StudentGPA, StudentACTScore, StudentSATScore, StudentEthnicity, StudentGender, IncomeLevel, DaysAbsent, HoursOfWorkPlaceExp, StudentAthleteFlag, StudentGraduationTrack, StudentEmploymentFlag, StudentImage,SchoolEntityID)
values (1009, 'Jose', 'Mendez', 'H', '5404 Meadows Tunnel Apt. 260', 'USA','Lisaberg','VA','20040','Senior', 1.62, 15, 1002,'Caucasian','Male','Middle Income',9,30, 'Y', 'N', 'N', 'img/student.jpg', 12);
insert into StudentInterestGroups (InterestGroupID, StudentEntityID)
values (8,1009);
insert into StudentInterestGroups (InterestGroupID, StudentEntityID)
values (1,1009);
insert into StudentInterestGroups (InterestGroupID, StudentEntityID)
values (11,1009);
insert into StudentInterestGroups (InterestGroupID, StudentEntityID)
values (5,1009);
insert into StudentInterestGroups (InterestGroupID, StudentEntityID)
values (7,1009);
insert into StudentInterestGroups (InterestGroupID, StudentEntityID)
values (9,1009);
insert into userEntity (UserName, EmailAddress, EntityType)
values ('SaulCoryE426', 'SaulCoryE426@spotswood.edu', 'STUD');
insert into student (StudentEntityID, FirstName, LastName, MiddleInitial, StreetAddress, Country,City, State,ZipCode, StudentGradeLevel, StudentGPA, StudentACTScore, StudentSATScore, StudentEthnicity, StudentGender, IncomeLevel, DaysAbsent, HoursOfWorkPlaceExp, StudentAthleteFlag, StudentGraduationTrack, StudentEmploymentFlag, StudentImage,SchoolEntityID)
values (1010, 'Saul', 'Cory', 'E', '98231 Joseph Vista Suite 404', 'USA','Timothychester','VA','20040','Senior', 1.81, 22, 813,'Pacific Islander','Male','Lower Income',9,32, 'Y', 'N', 'Y', 'img/student.jpg', 14);
insert into StudentInterestGroups (InterestGroupID, StudentEntityID)
values (11,1010);
insert into StudentInterestGroups (InterestGroupID, StudentEntityID)
values (12,1010);
insert into StudentInterestGroups (InterestGroupID, StudentEntityID)
values (8,1010);
insert into StudentInterestGroups (InterestGroupID, StudentEntityID)
values (3,1010);
insert into StudentInterestGroups (InterestGroupID, StudentEntityID)
values (4,1010);
insert into userEntity (UserName, EmailAddress, EntityType)
values ('JanyceDavisY681', 'JanyceDavisY681@Louisa.edu', 'STUD');
insert into student (StudentEntityID, FirstName, LastName, MiddleInitial, StreetAddress, Country,City, State,ZipCode, StudentGradeLevel, StudentGPA, StudentACTScore, StudentSATScore, StudentEthnicity, StudentGender, IncomeLevel, DaysAbsent, HoursOfWorkPlaceExp, StudentAthleteFlag, StudentGraduationTrack, StudentEmploymentFlag, StudentImage,SchoolEntityID)
values (1011, 'Janyce', 'Davis', 'Y', '5789 Fisher Roads Suite 225', 'USA','Royland','VA','20041','Senior', 2.66, 34, 959,'Caucasian','Female','Higher Income',4,42, 'N', 'Y', 'Y', 'img/student.jpg', 12);
insert into StudentInterestGroups (InterestGroupID, StudentEntityID)
values (2,1011);
insert into StudentInterestGroups (InterestGroupID, StudentEntityID)
values (8,1011);
insert into StudentInterestGroups (InterestGroupID, StudentEntityID)
values (7,1011);
insert into StudentInterestGroups (InterestGroupID, StudentEntityID)
values (9,1011);
insert into StudentInterestGroups (InterestGroupID, StudentEntityID)
values (4,1011);
insert into StudentInterestGroups (InterestGroupID, StudentEntityID)
values (6,1011);
insert into userEntity (UserName, EmailAddress, EntityType)
values ('CharlesBinderT817', 'CharlesBinderT817@turnerAshby.edu', 'STUD');
insert into student (StudentEntityID, FirstName, LastName, MiddleInitial, StreetAddress, Country,City, State,ZipCode, StudentGradeLevel, StudentGPA, StudentACTScore, StudentSATScore, StudentEthnicity, StudentGender, IncomeLevel, DaysAbsent, HoursOfWorkPlaceExp, StudentAthleteFlag, StudentGraduationTrack, StudentEmploymentFlag, StudentImage,SchoolEntityID)
values (1012, 'Charles', 'Binder', 'T', '6425 Andrew Mission', 'USA','Port Shane','VA','20040','Senior', 2.79, 29, 1400,'Asian','Male','Middle Income',2,44, 'Y', 'Y', 'N', 'img/student.jpg', 15);
insert into StudentInterestGroups (InterestGroupID, StudentEntityID)
values (6,1012);
insert into userEntity (UserName, EmailAddress, EntityType)
values ('DestinyFlournoyV349', 'DestinyFlournoyV349@spotswood.edu', 'STUD');
insert into student (StudentEntityID, FirstName, LastName, MiddleInitial, StreetAddress, Country,City, State,ZipCode, StudentGradeLevel, StudentGPA, StudentACTScore, StudentSATScore, StudentEthnicity, StudentGender, IncomeLevel, DaysAbsent, HoursOfWorkPlaceExp, StudentAthleteFlag, StudentGraduationTrack, StudentEmploymentFlag, StudentImage,SchoolEntityID)
values (1013, 'Destiny', 'Flournoy', 'V', '76084 Adam Cape Apt. 876', 'USA','Johnport','VA','20041','Freshmen', 1.64, 0, 0,'Not selected or Other','Female','Middle Income',15,1, 'Y', 'N', 'Y', 'img/student.jpg', 14);
insert into StudentInterestGroups (InterestGroupID, StudentEntityID)
values (3,1013);
insert into StudentInterestGroups (InterestGroupID, StudentEntityID)
values (6,1013);
insert into StudentInterestGroups (InterestGroupID, StudentEntityID)
values (7,1013);
insert into StudentInterestGroups (InterestGroupID, StudentEntityID)
values (8,1013);
insert into StudentInterestGroups (InterestGroupID, StudentEntityID)
values (2,1013);
insert into userEntity (UserName, EmailAddress, EntityType)
values ('VeraBakerZ59', 'VeraBakerZ59@broadway.edu', 'STUD');
insert into student (StudentEntityID, FirstName, LastName, MiddleInitial, StreetAddress, Country,City, State,ZipCode, StudentGradeLevel, StudentGPA, StudentACTScore, StudentSATScore, StudentEthnicity, StudentGender, IncomeLevel, DaysAbsent, HoursOfWorkPlaceExp, StudentAthleteFlag, StudentGraduationTrack, StudentEmploymentFlag, StudentImage,SchoolEntityID)
values (1014, 'Vera', 'Baker', 'Z', '9379 Phillips River', 'USA','Hernandezview','VA','20041','Senior', 1.17, 12, 705,'Asian','Female','Lower Income',14,17, 'N', 'N', 'N', 'img/student.jpg', 16);
insert into StudentInterestGroups (InterestGroupID, StudentEntityID)
values (7,1014);
insert into StudentInterestGroups (InterestGroupID, StudentEntityID)
values (6,1014);
insert into StudentInterestGroups (InterestGroupID, StudentEntityID)
values (12,1014);
insert into StudentInterestGroups (InterestGroupID, StudentEntityID)
values (11,1014);
insert into userEntity (UserName, EmailAddress, EntityType)
values ('KimberlyGammonsX305', 'KimberlyGammonsX305@turnerAshby.edu', 'STUD');
insert into student (StudentEntityID, FirstName, LastName, MiddleInitial, StreetAddress, Country,City, State,ZipCode, StudentGradeLevel, StudentGPA, StudentACTScore, StudentSATScore, StudentEthnicity, StudentGender, IncomeLevel, DaysAbsent, HoursOfWorkPlaceExp, StudentAthleteFlag, StudentGraduationTrack, StudentEmploymentFlag, StudentImage,SchoolEntityID)
values (1015, 'Kimberly', 'Gammons', 'X', '3748 Tina Pines Apt. 694', 'USA','Torresville','VA','20041','Senior', 1.73, 17, 719,'Caucasian','Female','Middle Income',14,26, 'N', 'N', 'Y', 'img/student.jpg', 15);
insert into StudentInterestGroups (InterestGroupID, StudentEntityID)
values (2,1015);
insert into StudentInterestGroups (InterestGroupID, StudentEntityID)
values (1,1015);
insert into StudentInterestGroups (InterestGroupID, StudentEntityID)
values (9,1015);
insert into StudentInterestGroups (InterestGroupID, StudentEntityID)
values (4,1015);
insert into StudentInterestGroups (InterestGroupID, StudentEntityID)
values (3,1015);
insert into StudentInterestGroups (InterestGroupID, StudentEntityID)
values (7,1015);
insert into userEntity (UserName, EmailAddress, EntityType)
values ('YvetteCarlsonU693', 'YvetteCarlsonU693@harrisonburg.edu', 'STUD');
insert into student (StudentEntityID, FirstName, LastName, MiddleInitial, StreetAddress, Country,City, State,ZipCode, StudentGradeLevel, StudentGPA, StudentACTScore, StudentSATScore, StudentEthnicity, StudentGender, IncomeLevel, DaysAbsent, HoursOfWorkPlaceExp, StudentAthleteFlag, StudentGraduationTrack, StudentEmploymentFlag, StudentImage,SchoolEntityID)
values (1016, 'Yvette', 'Carlson', 'U', '48287 Soto Station Apt. 292', 'USA','Ramosstad','VA','20041','Freshmen', 2.39, 0, 0,'Caucasian','Female','Higher Income',12,9, 'Y', 'Y', 'Y', 'img/student.jpg', 17);
insert into StudentInterestGroups (InterestGroupID, StudentEntityID)
values (1,1016);
insert into StudentInterestGroups (InterestGroupID, StudentEntityID)
values (8,1016);
insert into StudentInterestGroups (InterestGroupID, StudentEntityID)
values (7,1016);
insert into StudentInterestGroups (InterestGroupID, StudentEntityID)
values (10,1016);
insert into StudentInterestGroups (InterestGroupID, StudentEntityID)
values (12,1016);
insert into userEntity (UserName, EmailAddress, EntityType)
values ('JasonDanielJ379', 'JasonDanielJ379@spotswood.edu', 'STUD');
insert into student (StudentEntityID, FirstName, LastName, MiddleInitial, StreetAddress, Country,City, State,ZipCode, StudentGradeLevel, StudentGPA, StudentACTScore, StudentSATScore, StudentEthnicity, StudentGender, IncomeLevel, DaysAbsent, HoursOfWorkPlaceExp, StudentAthleteFlag, StudentGraduationTrack, StudentEmploymentFlag, StudentImage,SchoolEntityID)
values (1017, 'Jason', 'Daniel', 'J', '3009 Thomas Skyway Suite 703', 'USA','Clarkfort','VA','20040','Freshmen', 2.54, 0, 0,'Caucasian','Male','Middle Income',3,16, 'Y', 'Y', 'N', 'img/student.jpg', 14);
insert into StudentInterestGroups (InterestGroupID, StudentEntityID)
values (1,1017);
insert into StudentInterestGroups (InterestGroupID, StudentEntityID)
values (3,1017);
--1
insert into OpportunityEntity (OpportunityType) values ('JOB');

insert into JobListing (JobListingID, JobTitle, JobDescription, JobType, Location, Deadline, postingDate, LastUpdated, Approved, NumOfApplicants, OrganizationID)
values (1,'Athletic Trainer Intern', 'Assist head athletic trainer in day-to-day tasks', 'Internship', 'Harrisonburg VA', '6/30/2019', '3/3/2019' ,  getDate(),'Y',5, 10)

insert into OpportunityInterestGroups (InterestGroupID, OpportunityEntityID) VALUES
(3,1),
(4,1),
(8,1);


--2
insert into OpportunityEntity (OpportunityType) values ('JOB');

insert into JobListing (JobListingID, JobTitle, JobDescription, JobType, Location, Deadline, postingDate, LastUpdated, Approved, NumOfApplicants, OrganizationID)
values (2,'Administrative Assisant', 'Handling office tasks', 'Job Shadowing', 'Harrisonburg VA', '9/3/2019', '1/3/2019', getDate(),'P',17,3);

insert into OpportunityInterestGroups (InterestGroupID, OpportunityEntityID) VALUES
(3,2),
(2,2);

--3

insert into OpportunityEntity (OpportunityType) values ('JOB');

insert into JobListing (JobListingID, JobTitle, JobDescription, JobType, Location, Deadline, postingDate, LastUpdated, Approved, NumOfApplicants, OrganizationID)
values (3,'Assistant Baker', 'Assisting head baker with day-to-day baking', 'Apprenticeship', 'Harrisonburg VA', '4/5/2019', '2/14/2019', getDate(),'P',7, 2);

insert into OpportunityInterestGroups (InterestGroupID, OpportunityEntityID) VALUES
(1,3);

--4
insert into OpportunityEntity (OpportunityType) values ('JOB');

insert into JobListing (JobListingID, JobTitle, JobDescription, JobType, Location, Deadline, postingDate, LastUpdated, Approved, NumOfApplicants, OrganizationID)
values (4,'Store Manager (Shadow)', 'Oversee daily operations including training staff and working with vendors', 'Job Shadowing', 'Harrisonburg VA', '6/7/2019', '1/5/2019', getDate(),'Y',15, 6);

insert into OpportunityInterestGroups (InterestGroupID, OpportunityEntityID) VALUES
(1,4);

--5
insert into OpportunityEntity (OpportunityType) values ('JOB');

insert into JobListing (JobListingID, JobTitle, JobDescription, JobType, Location, Deadline, postingDate, LastUpdated, Approved, NumOfApplicants, OrganizationID)
values (5,'Automation Engineer Shadow', 'Shadow lead engineer to design, program, simulate, and test automated machinery', 'Job Shadowing', 'Elkton, VA', '5/6/2019', '3/4/2019', getDate(),'N',30, 11);


insert into OpportunityInterestGroups (InterestGroupID, OpportunityEntityID) VALUES
(7,5),
(8,5),
(9,5);

--6
insert into OpportunityEntity (OpportunityType) values ('JOB');

insert into JobListing (JobListingID, JobTitle, JobDescription, JobType, Location, Deadline, postingDate, LastUpdated, Approved, NumOfApplicants, OrganizationID)
values (6,'Lab Tech', 'Collect samples, study, and perform tests', 'Internship', 'Elkton, VA', '7/6/2019', '1/4/2019', getDate(),'P',25, 3);

insert into OpportunityInterestGroups (InterestGroupID, OpportunityEntityID) VALUES
(8,6),
(9,6);

--7
insert into OpportunityEntity (OpportunityType) values ('JOB');

insert into JobListing (JobListingID, JobTitle, JobDescription, JobType, Location, Deadline, postingDate, LastUpdated, Approved, NumOfApplicants, OrganizationID)
values (7,'Help Desk Associate', 'Provide customer support and help customers solve problems', 'Apprenticeship', 'Harrisonburg, VA', '8/4/2019', '2/2/2019', getDate(),'Y',27, 8);

insert into OpportunityInterestGroups (InterestGroupID, OpportunityEntityID) VALUES
(3,7),
(4,7),
(5,7);

--8
insert into OpportunityEntity (OpportunityType) values ('JOB');

insert into JobListing (JobListingID, JobTitle, JobDescription, JobType, Location, Deadline, postingDate, LastUpdated, Approved, NumOfApplicants, OrganizationID)
values (8,'Software Engineer', 'Perform analysis and problem definition and propose solutions', 'Job Shadowing', 'Harrisonburg, VA', '7/11/2019', '3/20/2019', getDate(),'Y',30, 8);

insert into OpportunityInterestGroups (InterestGroupID, OpportunityEntityID) VALUES
(7,8),
(8,8),
(9,8);


--9
insert into OpportunityEntity (OpportunityType) values ('JOB');

insert into JobListing (JobListingID, JobTitle, JobDescription, JobType, Location, Deadline, postingDate, LastUpdated, Approved, NumOfApplicants, OrganizationID)
values (9,'ED Technician', 'Assist doctors in treating patients', 'Clinical', 'Harrisonburg, VA', '6/4/2019', '3/22/2019', getDate(),'Y',21, 8);

insert into OpportunityInterestGroups (InterestGroupID, OpportunityEntityID) VALUES
(3,9),
(4,9),
(10,9);


--10
insert into OpportunityEntity (OpportunityType) values ('JOB');

insert into JobListing (JobListingID, JobTitle, JobDescription, JobType, Location, Deadline, postingDate, LastUpdated, Approved, NumOfApplicants, OrganizationID)
values (10,'Psych Technician', 'Performs treatment following instructions', 'Clinical', 'Harrisonburg, VA', '5/4/2019', '3/25/2019', getDate(),'Y',10, 8);

insert into OpportunityInterestGroups (InterestGroupID, OpportunityEntityID) VALUES
(3,10),
(4,10),
(10,10);

insert into OpportunityEntity (OpportunityType) values ('JOB');

--11
insert into JobListing (JobListingID, JobTitle, JobDescription, JobType, Location, Deadline, postingDate, LastUpdated, Approved, NumOfApplicants, OrganizationID)
values (11,'Cardiology Department Shadow', 'Shadow head of cardiology', 'Job Shadowing', 'Harrisonburg, VA', '7/11/2019', '3/22/2019', getDate(),'P',15, 10);

insert into OpportunityInterestGroups (InterestGroupID, OpportunityEntityID) VALUES
(3,11),
(4,11),
(10,11);

--12
insert into OpportunityEntity (OpportunityType) values ('JOB');
INSERT INTO [dbo].[JobListing]
           ( JoblistingID
           ,[JobTitle]
           ,[JobDescription]
           ,[JobType]
           ,[Location]
           ,[PostingDate]
           ,[Deadline]
           ,[LastUpdated]
           ,[Approved]
           ,[NumOfApplicants]
           ,[OrganizationID])
     VALUES
           (12
            ,'Full Time Sales'
           ,'Cosmetics Salesperson'
           ,'Shadowing'
           ,'Harrisonburg, VA'
           ,'03-15-2019'
           ,'12-31-2019'
           ,getdate()
           ,'P'
           ,2
           ,1)

insert into OpportunityInterestGroups (InterestGroupID, OpportunityEntityID) VALUES
(10,12),
(3,12);


insert into OpportunityEntity (OpportunityType) values ('JOB');

--13
INSERT INTO [dbo].[JobListing]
           (JobListingID
           ,[JobTitle]
           ,[JobDescription]
           ,[JobType]
           ,[Location]
           ,[PostingDate]
           ,[Deadline]
           ,[LastUpdated]
           ,[Approved]
           ,[NumOfApplicants]
           ,[OrganizationID])
     VALUES
           (13
            ,'Part Time Baker'
           ,'Baking Mediterranean Foods'
		   ,'Mentorship'
           ,'Harrisonburg, VA'
           ,'03-15-2019'
           ,'12-31-2019'
           ,getdate()
           ,'P'
           ,7
           ,2)

insert into OpportunityInterestGroups (InterestGroupID, OpportunityEntityID) VALUES
(1,13);

--14
insert into OpportunityEntity (OpportunityType) values ('JOB');
INSERT INTO [dbo].[JobListing]
           (JobListingID
           ,[JobTitle]
           ,[JobDescription]
           ,[JobType]
           ,[Location]
           ,[PostingDate]
           ,[Deadline]
           ,[LastUpdated]
           ,[Approved]
           ,[NumOfApplicants]
           ,[OrganizationID])
     VALUES
           (14
            ,'Job Shadowing'
           ,'Engineer of Building Products'
           ,'Internship'
           ,'Harrisonburg, VA'
           ,'03-15-2019'
           ,'12-31-2019'
           ,getdate()
           ,'P'
           ,5
           ,3)

insert into OpportunityInterestGroups (InterestGroupID, OpportunityEntityID) VALUES
(5,14),
(8,14);

--15
insert into OpportunityEntity (OpportunityType) values ('JOB');
INSERT INTO [dbo].[JobListing]
           (JobListingID
           ,[JobTitle]
           ,[JobDescription]
           ,[JobType]
           ,[Location]
           ,[PostingDate]
           ,[Deadline]
           ,[LastUpdated]
           ,[Approved]
           ,[NumOfApplicants]
           ,[OrganizationID])
     VALUES
           (15
            ,'Part Time Sales Associate'
           ,'Sales Associate, shadow the manager associate'
           ,'Mentorship'
           ,'Harrisonburg, VA'
           ,'03-15-2019'
           ,'12-31-2019'
           ,getdate()
           ,'P'
           ,3
           ,6)


insert into OpportunityInterestGroups (InterestGroupID, OpportunityEntityID) VALUES
(2,15),
(9,15);

--16
insert into OpportunityEntity (OpportunityType) values ('JOB');
INSERT INTO [dbo].[JobListing]
           (JobListingID
           ,[JobTitle]
           ,[JobDescription]
           ,[JobType]
           ,[Location]
           ,[PostingDate]
           ,[Deadline]
           ,[LastUpdated]
           ,[Approved]
           ,[NumOfApplicants]
           ,[OrganizationID])
     VALUES
           (16
            ,'Part Time Resturaunt Employee'
           ,'Follow the Owner, and learn what it takes to own a business'
		   ,'Extended Internship'
           ,'Harrisonburg, VA'
           ,'03-15-2019'
           ,'12-31-2019'
           ,getdate()
           ,'P'
           ,16
           ,5)

insert into OpportunityInterestGroups (InterestGroupID, OpportunityEntityID) VALUES
(1,16),
(3,16);

--17
insert into OpportunityEntity (OpportunityType) values ('JOB');
INSERT INTO [dbo].[JobListing]
           (JobListingID
           ,[JobTitle]
           ,[JobDescription]
           ,[JobType]
           ,[Location]
           ,[PostingDate]
           ,[Deadline]
           ,[LastUpdated]
           ,[Approved]
           ,[NumOfApplicants]
           ,[OrganizationID])
     VALUES
           ( 17
            ,'Walmart Job Shadowing'
           ,'Shadow District Manager for Harrisonburg Walmarts'
		   ,'Shadowing'
           ,'Harrisonburg, VA'
           ,'03-15-2019'
           ,'12-31-2019'
           ,getdate()
           ,'P'
           ,21
           ,6)
insert into OpportunityInterestGroups (InterestGroupID, OpportunityEntityID) VALUES
(2,17),
(3,17);



--18

insert into OpportunityEntity (OpportunityType) values ('SCHOL');
INSERT INTO [dbo].[Scholarship]
           ([ScholarshipID]
           ,[ScholarshipName]
           ,[ScholarshipDescription]
           ,[ScholarshipMin]
           ,[ScholarshipMax]
           ,[ScholarshipQuantity]
           ,[ScholarshipDueDate]
           ,postingDate
           ,[OrganizationID]
           ,[Approved]
           ,[LastUpdated])
     VALUES
           (18
           ,'Walmart Scholarship'
           ,'Scholarship for working through Walmart Internship at Walmart SuperCenter'
           ,5000
           ,20000
           ,3
           ,'10-15-2019'
           ,'02/03/2019'
           ,6
           ,'P'
           ,GETDATE())

insert into OpportunityInterestGroups (InterestGroupID, OpportunityEntityID) VALUES
(3,18),
(2,18);


--19
insert into OpportunityEntity (OpportunityType) values ('SCHOL');
INSERT INTO [dbo].[Scholarship]
           ([ScholarshipID]
           ,[ScholarshipName]
           ,[ScholarshipDescription]
           ,[ScholarshipMin]
           ,[ScholarshipMax]
           ,[ScholarshipQuantity]
           ,[ScholarshipDueDate]
           ,postingdate
           ,[OrganizationID]
           ,[Approved]
           ,[LastUpdated])
     VALUES
           (19
           ,'Jack Browns Scholarship'
           ,'Scholarship for most pivotal community member'
           ,1000
           ,2000
           ,1
           ,'10-01-2019'
           ,'01-05-2019'
           ,5
           ,'Y'
           ,GETDATE())

insert into OpportunityInterestGroups (InterestGroupID, OpportunityEntityID) VALUES
(1,19),
(3,19);

--20
insert into OpportunityEntity (OpportunityType) values ('SCHOL');
INSERT INTO [dbo].[Scholarship]
           ([ScholarshipID]
           ,[ScholarshipName]
           ,[ScholarshipDescription]
           ,[ScholarshipMin]
           ,[ScholarshipMax]
           ,[ScholarshipQuantity]
           ,[ScholarshipDueDate]
           ,postingdate
           ,[OrganizationID]
           ,[Approved]
           ,[LastUpdated])
     VALUES
           (20
           ,'Arconic Scholarship'
           ,'Scholarship for future engineers'
           ,10000
           ,10000
           ,2
           ,'12-15-2019'
           ,'03-05-2019'
           ,3
           ,'P'
           ,GETDATE())

insert into OpportunityInterestGroups (InterestGroupID, OpportunityEntityID) VALUES
(8,20),
(5,20);

insert into opportunityEntity(opportunityType) values ('SCHOL')
insert into scholarship (scholarshipID, scholarshipName, scholarshipDescription, scholarshipMin, scholarshipMax, scholarshipQuantity, scholarshipDueDate, PostingDate, organizationID, approved, lastUpdated)
values (21, 'Apprenticeship Tuition Assistance', 'Reimbursement to apprentices after 2 years in the program', 3000, 12000, 1, '08-12-2019', '1/02/2019', 1, 'Y', '03-21-2019');

insert into opportunityEntity(opportunityType) values ('SCHOL')
insert into scholarship (scholarshipID, scholarshipName, scholarshipDescription, scholarshipMin, scholarshipMax, scholarshipQuantity, scholarshipDueDate, PostingDate,organizationID, approved, lastUpdated)
values (22, 'Future Arconics', 'Full-ride if student signs contract to commit to 3 years at Arconic after college', 5000, 60000, 1, '08-12-2019', '01/03/2019', 3, 'P', '03-21-2019');
insert into OpportunityInterestGroups (InterestGroupID, OpportunityEntityID) VALUES
(8,22),
(7,22);

insert into opportunityEntity(opportunityType) values ('SCHOL')
insert into scholarship (scholarshipID, scholarshipName, scholarshipDescription, scholarshipMin, scholarshipMax, scholarshipQuantity, scholarshipDueDate, PostingDate,organizationID, approved, lastUpdated)
values (23, 'Jack Browns Loyalty', 'Award to high school student who dines at Jack Browns 100 times before high school graduation', 100, 100, 5, '05-15-2020', '01/10/2019' ,5, 'Y', '03-21-2019');
insert into OpportunityInterestGroups (InterestGroupID, OpportunityEntityID) VALUES
(1,23),
(3,23);

insert into opportunityEntity(opportunityType) values ('SCHOL')
insert into scholarship (scholarshipID, scholarshipName, scholarshipDescription, scholarshipMin, scholarshipMax, scholarshipQuantity, scholarshipDueDate, PostingDate, organizationID, approved, lastUpdated)
values (24, 'Walmart Community Award', 'Award given to high school student who gives back to the community. Essay required', 1000, 1500, 1, '09-15-2019', '1/02/2019', 6, 'P', '03-21-2019');
insert into OpportunityInterestGroups (InterestGroupID, OpportunityEntityID) VALUES
(2,24),
(3,24);


insert into opportunityEntity(opportunityType) values ('SCHOL')
insert into scholarship (scholarshipID, scholarshipName, scholarshipDescription, scholarshipMin, scholarshipMax, scholarshipQuantity, scholarshipDueDate, PostingDate, organizationID, approved, lastUpdated)
values (25, 'High School Employee of the Month', 'Award given each month to a high school student who goes above and beyond on the job', 300, 500, 1, '10-28-2019', '1/01/2019' ,7, 'N', '03-21-2019');
insert into LogHours (JobListingID, StudentEntityID, HoursRequested, CounselorApproval, OrganizationApproval)
values(9, 18, 1, 'P', 'Y');
insert into StudentComment (LogID, StudentEntityID, Comment)
values (1, 18,'I did not have a good time with this organization, it was all busy work...');
insert into OrganizationComment (LogID, OrganizationEntityID, Comment)
values (1, 8,'This student was extrodinary! This student is always welcome back here');
insert into LogHours (JobListingID, StudentEntityID, HoursRequested, CounselorApproval, OrganizationApproval)
values(12, 23, 2, 'P', 'Y');
insert into StudentComment (LogID, StudentEntityID, Comment)
values (2, 23,'I wish the organization gave me more work so I could learn and do more');
insert into OrganizationComment (LogID, OrganizationEntityID, Comment)
values (2, 1,'This student was extrodinary! This student is always welcome back here');
insert into LogHours (JobListingID, StudentEntityID, HoursRequested, CounselorApproval, OrganizationApproval)
values(9, 28, 1, 'P', 'Y');
insert into StudentComment (LogID, StudentEntityID, Comment)
values (3, 28,'This was a great work experience, it fit with my goals!');
insert into OrganizationComment (LogID, OrganizationEntityID, Comment)
values (3, 8,'Average student, did the necessary requirements to complete this task');
insert into LogHours (JobListingID, StudentEntityID, HoursRequested, CounselorApproval, OrganizationApproval)
values(17, 33, 4, 'P', 'Y');
insert into StudentComment (LogID, StudentEntityID, Comment)
values (4, 33,'This was an ok experience with this organization, I have been with better');
insert into OrganizationComment (LogID, OrganizationEntityID, Comment)
values (4, 6,'This particular student was on their phone too long.');
insert into LogHours (JobListingID, StudentEntityID, HoursRequested, CounselorApproval, OrganizationApproval)
values(17, 38, 4, 'P', 'Y');
insert into StudentComment (LogID, StudentEntityID, Comment)
values (5, 38,'This was a great work experience, it fit with my goals!');
insert into OrganizationComment (LogID, OrganizationEntityID, Comment)
values (5, 6,'Good student, and a very quick learner! I can see the potential from this student!');
insert into LogHours (JobListingID, StudentEntityID, HoursRequested, CounselorApproval, OrganizationApproval)
values(15, 43, 1, 'P', 'Y');
insert into StudentComment (LogID, StudentEntityID, Comment)
values (6, 43,'I did not have a good time with this organization, it was all busy work...');
insert into OrganizationComment (LogID, OrganizationEntityID, Comment)
values (6, 4,'Good student, and a very quick learner! I can see the potential from this student!');
insert into LogHours (JobListingID, StudentEntityID, HoursRequested, CounselorApproval, OrganizationApproval)
values(2, 48, 5, 'P', 'Y');
insert into StudentComment (LogID, StudentEntityID, Comment)
values (7, 48,'I did not have a good time with this organization, it was all busy work...');
insert into OrganizationComment (LogID, OrganizationEntityID, Comment)
values (7, 4,'Great student, and they definetely fit in with this organization!');
insert into LogHours (JobListingID, StudentEntityID, HoursRequested, CounselorApproval, OrganizationApproval)
values(14, 53, 4, 'P', 'Y');
insert into StudentComment (LogID, StudentEntityID, Comment)
values (8, 53,'This was a great work experience, it fit with my goals!');
insert into OrganizationComment (LogID, OrganizationEntityID, Comment)
values (8, 3,'This student was extrodinary! This student is always welcome back here');
insert into LogHours (JobListingID, StudentEntityID, HoursRequested, CounselorApproval, OrganizationApproval)
values(17, 58, 4, 'P', 'Y');
insert into StudentComment (LogID, StudentEntityID, Comment)
values (9, 58,'I did not have a good time with this organization, it was all busy work...');
insert into OrganizationComment (LogID, OrganizationEntityID, Comment)
values (9, 6,'This student was extrodinary! This student is always welcome back here');
insert into LogHours (JobListingID, StudentEntityID, HoursRequested, CounselorApproval, OrganizationApproval)
values(7, 63, 3, 'P', 'Y');
insert into StudentComment (LogID, StudentEntityID, Comment)
values (10, 63,'This was an ok experience with this organization, I have been with better');
insert into OrganizationComment (LogID, OrganizationEntityID, Comment)
values (10, 7,'Great student, and they definetely fit in with this organization!');
insert into LogHours (JobListingID, StudentEntityID, HoursRequested, CounselorApproval, OrganizationApproval)
values(15, 68, 2, 'P', 'Y');
insert into StudentComment (LogID, StudentEntityID, Comment)
values (11, 68,'I wish the organization gave me more work so I could learn and do more');
insert into OrganizationComment (LogID, OrganizationEntityID, Comment)
values (11, 4,'Average student, did the necessary requirements to complete this task');
insert into LogHours (JobListingID, StudentEntityID, HoursRequested, CounselorApproval, OrganizationApproval)
values(11, 73, 2, 'P', 'Y');
insert into StudentComment (LogID, StudentEntityID, Comment)
values (12, 73,'I wish the organization gave me more work so I could learn and do more');
insert into OrganizationComment (LogID, OrganizationEntityID, Comment)
values (12, 8,'This student was extrodinary! This student is always welcome back here');
insert into LogHours (JobListingID, StudentEntityID, HoursRequested, CounselorApproval, OrganizationApproval)
values(7, 78, 1, 'P', 'Y');
insert into StudentComment (LogID, StudentEntityID, Comment)
values (13, 78,'I did not have a good time with this organization, it was all busy work...');
insert into OrganizationComment (LogID, OrganizationEntityID, Comment)
values (13, 7,'Exemplar student! We need more people like this student');
insert into LogHours (JobListingID, StudentEntityID, HoursRequested, CounselorApproval, OrganizationApproval)
values(7, 83, 5, 'P', 'Y');
insert into StudentComment (LogID, StudentEntityID, Comment)
values (14, 83,'I did not have a good time with this organization, it was all busy work...');
insert into OrganizationComment (LogID, OrganizationEntityID, Comment)
values (14, 7,'This particular student was on their phone too long.');
insert into LogHours (JobListingID, StudentEntityID, HoursRequested, CounselorApproval, OrganizationApproval)
values(12, 88, 4, 'P', 'Y');
insert into StudentComment (LogID, StudentEntityID, Comment)
values (15, 88,'I did not have a good time with this organization, it was all busy work...');
insert into OrganizationComment (LogID, OrganizationEntityID, Comment)
values (15, 1,'Good student, and a very quick learner! I can see the potential from this student!');
insert into LogHours (JobListingID, StudentEntityID, HoursRequested, CounselorApproval, OrganizationApproval)
values(14, 93, 3, 'P', 'Y');
insert into StudentComment (LogID, StudentEntityID, Comment)
values (16, 93,'I had a good time with this organization');
insert into OrganizationComment (LogID, OrganizationEntityID, Comment)
values (16, 3,'Good student, and a very quick learner! I can see the potential from this student!');
insert into LogHours (JobListingID, StudentEntityID, HoursRequested, CounselorApproval, OrganizationApproval)
values(7, 98, 2, 'P', 'Y');
insert into StudentComment (LogID, StudentEntityID, Comment)
values (17, 98,'I did not have a good time with this organization, it was all busy work...');
insert into OrganizationComment (LogID, OrganizationEntityID, Comment)
values (17, 7,'Average student, did the necessary requirements to complete this task');
insert into LogHours (JobListingID, StudentEntityID, HoursRequested, CounselorApproval, OrganizationApproval)
values(13, 103, 3, 'P', 'Y');
insert into StudentComment (LogID, StudentEntityID, Comment)
values (18, 103,'I wish the organization gave me more work so I could learn and do more');
insert into OrganizationComment (LogID, OrganizationEntityID, Comment)
values (18, 2,'Average student, did the necessary requirements to complete this task');
insert into LogHours (JobListingID, StudentEntityID, HoursRequested, CounselorApproval, OrganizationApproval)
values(6, 108, 1, 'P', 'Y');
insert into StudentComment (LogID, StudentEntityID, Comment)
values (19, 108,'I wish the organization gave me more work so I could learn and do more');
insert into OrganizationComment (LogID, OrganizationEntityID, Comment)
values (19, 3,'Good student, and a very quick learner! I can see the potential from this student!');
insert into LogHours (JobListingID, StudentEntityID, HoursRequested, CounselorApproval, OrganizationApproval)
values(15, 113, 3, 'P', 'Y');
insert into StudentComment (LogID, StudentEntityID, Comment)
values (20, 113,'I wish the organization gave me more work so I could learn and do more');
insert into OrganizationComment (LogID, OrganizationEntityID, Comment)
values (20, 4,'This particular student was on their phone too long.');
insert into LogHours (JobListingID, StudentEntityID, HoursRequested, CounselorApproval, OrganizationApproval)
values(13, 118, 4, 'P', 'Y');
insert into StudentComment (LogID, StudentEntityID, Comment)
values (21, 118,'I had a good time with this organization');
insert into OrganizationComment (LogID, OrganizationEntityID, Comment)
values (21, 2,'Great student, and they definetely fit in with this organization!');
insert into LogHours (JobListingID, StudentEntityID, HoursRequested, CounselorApproval, OrganizationApproval)
values(6, 123, 3, 'P', 'Y');
insert into StudentComment (LogID, StudentEntityID, Comment)
values (22, 123,'I did not have a good time with this organization, it was all busy work...');
insert into OrganizationComment (LogID, OrganizationEntityID, Comment)
values (22, 3,'Average student, did the necessary requirements to complete this task');
insert into LogHours (JobListingID, StudentEntityID, HoursRequested, CounselorApproval, OrganizationApproval)
values(15, 128, 4, 'P', 'Y');
insert into StudentComment (LogID, StudentEntityID, Comment)
values (23, 128,'This was a great work experience, it fit with my goals!');
insert into OrganizationComment (LogID, OrganizationEntityID, Comment)
values (23, 4,'This student was extrodinary! This student is always welcome back here');
insert into LogHours (JobListingID, StudentEntityID, HoursRequested, CounselorApproval, OrganizationApproval)
values(7, 133, 1, 'P', 'Y');
insert into StudentComment (LogID, StudentEntityID, Comment)
values (24, 133,'I wish the organization gave me more work so I could learn and do more');
insert into OrganizationComment (LogID, OrganizationEntityID, Comment)
values (24, 7,'Average student, did the necessary requirements to complete this task');
insert into LogHours (JobListingID, StudentEntityID, HoursRequested, CounselorApproval, OrganizationApproval)
values(17, 138, 1, 'P', 'Y');
insert into StudentComment (LogID, StudentEntityID, Comment)
values (25, 138,'I had a good time with this organization');
insert into OrganizationComment (LogID, OrganizationEntityID, Comment)
values (25, 6,'Average student, did the necessary requirements to complete this task');
insert into LogHours (JobListingID, StudentEntityID, HoursRequested, CounselorApproval, OrganizationApproval)
values(12, 143, 4, 'P', 'Y');
insert into StudentComment (LogID, StudentEntityID, Comment)
values (26, 143,'I had a great time working with this organization');
insert into OrganizationComment (LogID, OrganizationEntityID, Comment)
values (26, 1,'Good student, and a very quick learner! I can see the potential from this student!');
insert into LogHours (JobListingID, StudentEntityID, HoursRequested, CounselorApproval, OrganizationApproval)
values(8, 148, 4, 'P', 'Y');
insert into StudentComment (LogID, StudentEntityID, Comment)
values (27, 148,'This was an ok experience with this organization, I have been with better');
insert into OrganizationComment (LogID, OrganizationEntityID, Comment)
values (27, 7,'This particular student was on their phone too long.');
insert into LogHours (JobListingID, StudentEntityID, HoursRequested, CounselorApproval, OrganizationApproval)
values(10, 153, 4, 'P', 'Y');
insert into StudentComment (LogID, StudentEntityID, Comment)
values (28, 153,'I had a good time with this organization');
insert into OrganizationComment (LogID, OrganizationEntityID, Comment)
values (28, 8,'This student was extrodinary! This student is always welcome back here');
insert into LogHours (JobListingID, StudentEntityID, HoursRequested, CounselorApproval, OrganizationApproval)
values(3, 158, 3, 'P', 'Y');
insert into StudentComment (LogID, StudentEntityID, Comment)
values (29, 158,'I had a great time working with this organization');
insert into OrganizationComment (LogID, OrganizationEntityID, Comment)
values (29, 2,'This student was extrodinary! This student is always welcome back here');
insert into LogHours (JobListingID, StudentEntityID, HoursRequested, CounselorApproval, OrganizationApproval)
values(7, 163, 1, 'P', 'Y');
insert into StudentComment (LogID, StudentEntityID, Comment)
values (30, 163,'I did not have a good time with this organization, it was all busy work...');
insert into OrganizationComment (LogID, OrganizationEntityID, Comment)
values (30, 7,'Great student, and they definetely fit in with this organization!');
insert into LogHours (JobListingID, StudentEntityID, HoursRequested, CounselorApproval, OrganizationApproval)
values(15, 168, 4, 'P', 'Y');
insert into StudentComment (LogID, StudentEntityID, Comment)
values (31, 168,'I had a good time with this organization');
insert into OrganizationComment (LogID, OrganizationEntityID, Comment)
values (31, 4,'This student was extrodinary! This student is always welcome back here');
insert into LogHours (JobListingID, StudentEntityID, HoursRequested, CounselorApproval, OrganizationApproval)
values(8, 173, 4, 'P', 'Y');
insert into StudentComment (LogID, StudentEntityID, Comment)
values (32, 173,'I wish the organization gave me more work so I could learn and do more');
insert into OrganizationComment (LogID, OrganizationEntityID, Comment)
values (32, 7,'This student was extrodinary! This student is always welcome back here');
insert into LogHours (JobListingID, StudentEntityID, HoursRequested, CounselorApproval, OrganizationApproval)
values(8, 178, 4, 'P', 'Y');
insert into StudentComment (LogID, StudentEntityID, Comment)
values (33, 178,'I wish the organization gave me more work so I could learn and do more');
insert into OrganizationComment (LogID, OrganizationEntityID, Comment)
values (33, 7,'Average student, did the necessary requirements to complete this task');
insert into LogHours (JobListingID, StudentEntityID, HoursRequested, CounselorApproval, OrganizationApproval)
values(1, 183, 2, 'P', 'Y');
insert into StudentComment (LogID, StudentEntityID, Comment)
values (34, 183,'I had a great time working with this organization');
insert into OrganizationComment (LogID, OrganizationEntityID, Comment)
values (34, 8,'This student was extrodinary! This student is always welcome back here');
insert into LogHours (JobListingID, StudentEntityID, HoursRequested, CounselorApproval, OrganizationApproval)
values(6, 188, 5, 'P', 'Y');
insert into StudentComment (LogID, StudentEntityID, Comment)
values (35, 188,'This was an ok experience with this organization, I have been with better');
insert into OrganizationComment (LogID, OrganizationEntityID, Comment)
values (35, 3,'Good student, and a very quick learner! I can see the potential from this student!');
insert into LogHours (JobListingID, StudentEntityID, HoursRequested, CounselorApproval, OrganizationApproval)
values(4, 193, 4, 'P', 'Y');
insert into StudentComment (LogID, StudentEntityID, Comment)
values (36, 193,'I had a good time with this organization');
insert into OrganizationComment (LogID, OrganizationEntityID, Comment)
values (36, 1,'Exemplar student! We need more people like this student');
insert into LogHours (JobListingID, StudentEntityID, HoursRequested, CounselorApproval, OrganizationApproval)
values(17, 198, 4, 'P', 'Y');
insert into StudentComment (LogID, StudentEntityID, Comment)
values (37, 198,'I wish the organization gave me more work so I could learn and do more');
insert into OrganizationComment (LogID, OrganizationEntityID, Comment)
values (37, 6,'Good student, and a very quick learner! I can see the potential from this student!');
insert into LogHours (JobListingID, StudentEntityID, HoursRequested, CounselorApproval, OrganizationApproval)
values(1, 203, 2, 'P', 'Y');
insert into StudentComment (LogID, StudentEntityID, Comment)
values (38, 203,'I wish the organization gave me more work so I could learn and do more');
insert into OrganizationComment (LogID, OrganizationEntityID, Comment)
values (38, 8,'Exemplar student! We need more people like this student');
insert into LogHours (JobListingID, StudentEntityID, HoursRequested, CounselorApproval, OrganizationApproval)
values(14, 208, 4, 'P', 'Y');
insert into StudentComment (LogID, StudentEntityID, Comment)
values (39, 208,'I had a good time with this organization');
insert into OrganizationComment (LogID, OrganizationEntityID, Comment)
values (39, 3,'Great student, and they definetely fit in with this organization!');
insert into LogHours (JobListingID, StudentEntityID, HoursRequested, CounselorApproval, OrganizationApproval)
values(8, 213, 5, 'P', 'Y');
insert into StudentComment (LogID, StudentEntityID, Comment)
values (40, 213,'I did not have a good time with this organization, it was all busy work...');
insert into OrganizationComment (LogID, OrganizationEntityID, Comment)
values (40, 7,'Average student, did the necessary requirements to complete this task');
insert into LogHours (JobListingID, StudentEntityID, HoursRequested, CounselorApproval, OrganizationApproval)
values(10, 218, 2, 'P', 'Y');
insert into StudentComment (LogID, StudentEntityID, Comment)
values (41, 218,'This was an ok experience with this organization, I have been with better');
insert into OrganizationComment (LogID, OrganizationEntityID, Comment)
values (41, 8,'This student was extrodinary! This student is always welcome back here');
insert into LogHours (JobListingID, StudentEntityID, HoursRequested, CounselorApproval, OrganizationApproval)
values(3, 223, 1, 'P', 'Y');
insert into StudentComment (LogID, StudentEntityID, Comment)
values (42, 223,'I had a good time with this organization');
insert into OrganizationComment (LogID, OrganizationEntityID, Comment)
values (42, 2,'Exemplar student! We need more people like this student');
insert into LogHours (JobListingID, StudentEntityID, HoursRequested, CounselorApproval, OrganizationApproval)
values(1, 228, 2, 'P', 'Y');
insert into StudentComment (LogID, StudentEntityID, Comment)
values (43, 228,'I had a good time with this organization');
insert into OrganizationComment (LogID, OrganizationEntityID, Comment)
values (43, 8,'Exemplar student! We need more people like this student');
insert into LogHours (JobListingID, StudentEntityID, HoursRequested, CounselorApproval, OrganizationApproval)
values(16, 233, 2, 'P', 'Y');
insert into StudentComment (LogID, StudentEntityID, Comment)
values (44, 233,'This was a great work experience, it fit with my goals!');
insert into OrganizationComment (LogID, OrganizationEntityID, Comment)
values (44, 5,'Good student, and a very quick learner! I can see the potential from this student!');
insert into LogHours (JobListingID, StudentEntityID, HoursRequested, CounselorApproval, OrganizationApproval)
values(16, 238, 4, 'P', 'Y');
insert into StudentComment (LogID, StudentEntityID, Comment)
values (45, 238,'I wish the organization gave me more work so I could learn and do more');
insert into OrganizationComment (LogID, OrganizationEntityID, Comment)
values (45, 5,'Exemplar student! We need more people like this student');
insert into LogHours (JobListingID, StudentEntityID, HoursRequested, CounselorApproval, OrganizationApproval)
values(5, 243, 2, 'P', 'Y');
insert into StudentComment (LogID, StudentEntityID, Comment)
values (46, 243,'This was a great work experience, it fit with my goals!');
insert into OrganizationComment (LogID, OrganizationEntityID, Comment)
values (46, 7,'This particular student was on their phone too long.');
insert into LogHours (JobListingID, StudentEntityID, HoursRequested, CounselorApproval, OrganizationApproval)
values(14, 248, 4, 'P', 'Y');
insert into StudentComment (LogID, StudentEntityID, Comment)
values (47, 248,'I had a good time with this organization');
insert into OrganizationComment (LogID, OrganizationEntityID, Comment)
values (47, 3,'Average student, did the necessary requirements to complete this task');
insert into LogHours (JobListingID, StudentEntityID, HoursRequested, CounselorApproval, OrganizationApproval)
values(6, 253, 1, 'P', 'Y');
insert into StudentComment (LogID, StudentEntityID, Comment)
values (48, 253,'I wish the organization gave me more work so I could learn and do more');
insert into OrganizationComment (LogID, OrganizationEntityID, Comment)
values (48, 3,'Good student, and a very quick learner! I can see the potential from this student!');
insert into LogHours (JobListingID, StudentEntityID, HoursRequested, CounselorApproval, OrganizationApproval)
values(15, 258, 2, 'P', 'Y');
insert into StudentComment (LogID, StudentEntityID, Comment)
values (49, 258,'I had a great time working with this organization');
insert into OrganizationComment (LogID, OrganizationEntityID, Comment)
values (49, 4,'This particular student was on their phone too long.');
insert into LogHours (JobListingID, StudentEntityID, HoursRequested, CounselorApproval, OrganizationApproval)
values(4, 263, 1, 'P', 'Y');
insert into StudentComment (LogID, StudentEntityID, Comment)
values (50, 263,'I had a great time working with this organization');
insert into OrganizationComment (LogID, OrganizationEntityID, Comment)
values (50, 1,'Good student, and a very quick learner! I can see the potential from this student!');
insert into LogHours (JobListingID, StudentEntityID, HoursRequested, CounselorApproval, OrganizationApproval)
values(14, 268, 3, 'P', 'Y');
insert into StudentComment (LogID, StudentEntityID, Comment)
values (51, 268,'I had a great time working with this organization');
insert into OrganizationComment (LogID, OrganizationEntityID, Comment)
values (51, 3,'Great student, and they definetely fit in with this organization!');
insert into LogHours (JobListingID, StudentEntityID, HoursRequested, CounselorApproval, OrganizationApproval)
values(10, 273, 4, 'P', 'Y');
insert into StudentComment (LogID, StudentEntityID, Comment)
values (52, 273,'I wish the organization gave me more work so I could learn and do more');
insert into OrganizationComment (LogID, OrganizationEntityID, Comment)
values (52, 8,'Good student, and a very quick learner! I can see the potential from this student!');
insert into LogHours (JobListingID, StudentEntityID, HoursRequested, CounselorApproval, OrganizationApproval)
values(10, 278, 5, 'P', 'Y');
insert into StudentComment (LogID, StudentEntityID, Comment)
values (53, 278,'This was an ok experience with this organization, I have been with better');
insert into OrganizationComment (LogID, OrganizationEntityID, Comment)
values (53, 8,'Good student, and a very quick learner! I can see the potential from this student!');
insert into LogHours (JobListingID, StudentEntityID, HoursRequested, CounselorApproval, OrganizationApproval)
values(16, 283, 5, 'P', 'Y');
insert into StudentComment (LogID, StudentEntityID, Comment)
values (54, 283,'This was an ok experience with this organization, I have been with better');
insert into OrganizationComment (LogID, OrganizationEntityID, Comment)
values (54, 5,'Exemplar student! We need more people like this student');
insert into LogHours (JobListingID, StudentEntityID, HoursRequested, CounselorApproval, OrganizationApproval)
values(6, 288, 1, 'P', 'Y');
insert into StudentComment (LogID, StudentEntityID, Comment)
values (55, 288,'I had a good time with this organization');
insert into OrganizationComment (LogID, OrganizationEntityID, Comment)
values (55, 3,'This particular student was on their phone too long.');
insert into LogHours (JobListingID, StudentEntityID, HoursRequested, CounselorApproval, OrganizationApproval)
values(3, 293, 3, 'P', 'Y');
insert into StudentComment (LogID, StudentEntityID, Comment)
values (56, 293,'This was a great work experience, it fit with my goals!');
insert into OrganizationComment (LogID, OrganizationEntityID, Comment)
values (56, 2,'Average student, did the necessary requirements to complete this task');
insert into LogHours (JobListingID, StudentEntityID, HoursRequested, CounselorApproval, OrganizationApproval)
values(1, 298, 5, 'P', 'Y');
insert into StudentComment (LogID, StudentEntityID, Comment)
values (57, 298,'This was an ok experience with this organization, I have been with better');
insert into OrganizationComment (LogID, OrganizationEntityID, Comment)
values (57, 8,'Exemplar student! We need more people like this student');
insert into LogHours (JobListingID, StudentEntityID, HoursRequested, CounselorApproval, OrganizationApproval)
values(17, 303, 5, 'P', 'Y');
insert into StudentComment (LogID, StudentEntityID, Comment)
values (58, 303,'I had a great time working with this organization');
insert into OrganizationComment (LogID, OrganizationEntityID, Comment)
values (58, 6,'Good student, and a very quick learner! I can see the potential from this student!');
insert into LogHours (JobListingID, StudentEntityID, HoursRequested, CounselorApproval, OrganizationApproval)
values(4, 308, 3, 'P', 'Y');
insert into StudentComment (LogID, StudentEntityID, Comment)
values (59, 308,'This was an ok experience with this organization, I have been with better');
insert into OrganizationComment (LogID, OrganizationEntityID, Comment)
values (59, 1,'Great student, and they definetely fit in with this organization!');
insert into LogHours (JobListingID, StudentEntityID, HoursRequested, CounselorApproval, OrganizationApproval)
values(9, 313, 5, 'P', 'Y');
insert into StudentComment (LogID, StudentEntityID, Comment)
values (60, 313,'I had a good time with this organization');
insert into OrganizationComment (LogID, OrganizationEntityID, Comment)
values (60, 8,'This student was extrodinary! This student is always welcome back here');
insert into LogHours (JobListingID, StudentEntityID, HoursRequested, CounselorApproval, OrganizationApproval)
values(11, 318, 1, 'P', 'Y');
insert into StudentComment (LogID, StudentEntityID, Comment)
values (61, 318,'I did not have a good time with this organization, it was all busy work...');
insert into OrganizationComment (LogID, OrganizationEntityID, Comment)
values (61, 8,'This particular student was on their phone too long.');
insert into LogHours (JobListingID, StudentEntityID, HoursRequested, CounselorApproval, OrganizationApproval)
values(4, 323, 2, 'P', 'Y');
insert into StudentComment (LogID, StudentEntityID, Comment)
values (62, 323,'This was a great work experience, it fit with my goals!');
insert into OrganizationComment (LogID, OrganizationEntityID, Comment)
values (62, 1,'Great student, and they definetely fit in with this organization!');
insert into LogHours (JobListingID, StudentEntityID, HoursRequested, CounselorApproval, OrganizationApproval)
values(7, 328, 4, 'P', 'Y');
insert into StudentComment (LogID, StudentEntityID, Comment)
values (63, 328,'I wish the organization gave me more work so I could learn and do more');
insert into OrganizationComment (LogID, OrganizationEntityID, Comment)
values (63, 7,'Good student, and a very quick learner! I can see the potential from this student!');
insert into LogHours (JobListingID, StudentEntityID, HoursRequested, CounselorApproval, OrganizationApproval)
values(11, 333, 5, 'P', 'Y');
insert into StudentComment (LogID, StudentEntityID, Comment)
values (64, 333,'I did not have a good time with this organization, it was all busy work...');
insert into OrganizationComment (LogID, OrganizationEntityID, Comment)
values (64, 8,'Good student, and a very quick learner! I can see the potential from this student!');
insert into LogHours (JobListingID, StudentEntityID, HoursRequested, CounselorApproval, OrganizationApproval)
values(7, 338, 5, 'P', 'Y');
insert into StudentComment (LogID, StudentEntityID, Comment)
values (65, 338,'This was a great work experience, it fit with my goals!');
insert into OrganizationComment (LogID, OrganizationEntityID, Comment)
values (65, 7,'This student was extrodinary! This student is always welcome back here');
insert into LogHours (JobListingID, StudentEntityID, HoursRequested, CounselorApproval, OrganizationApproval)
values(15, 343, 3, 'P', 'Y');
insert into StudentComment (LogID, StudentEntityID, Comment)
values (66, 343,'I had a good time with this organization');
insert into OrganizationComment (LogID, OrganizationEntityID, Comment)
values (66, 4,'Good student, and a very quick learner! I can see the potential from this student!');
insert into LogHours (JobListingID, StudentEntityID, HoursRequested, CounselorApproval, OrganizationApproval)
values(7, 348, 5, 'P', 'Y');
insert into StudentComment (LogID, StudentEntityID, Comment)
values (67, 348,'I did not have a good time with this organization, it was all busy work...');
insert into OrganizationComment (LogID, OrganizationEntityID, Comment)
values (67, 7,'Average student, did the necessary requirements to complete this task');
insert into LogHours (JobListingID, StudentEntityID, HoursRequested, CounselorApproval, OrganizationApproval)
values(16, 353, 4, 'P', 'Y');
insert into StudentComment (LogID, StudentEntityID, Comment)
values (68, 353,'I had a great time working with this organization');
insert into OrganizationComment (LogID, OrganizationEntityID, Comment)
values (68, 5,'Great student, and they definetely fit in with this organization!');
insert into LogHours (JobListingID, StudentEntityID, HoursRequested, CounselorApproval, OrganizationApproval)
values(1, 358, 2, 'P', 'Y');
insert into StudentComment (LogID, StudentEntityID, Comment)
values (69, 358,'I had a great time working with this organization');
insert into OrganizationComment (LogID, OrganizationEntityID, Comment)
values (69, 8,'This student was extrodinary! This student is always welcome back here');
insert into LogHours (JobListingID, StudentEntityID, HoursRequested, CounselorApproval, OrganizationApproval)
values(6, 363, 5, 'P', 'Y');
insert into StudentComment (LogID, StudentEntityID, Comment)
values (70, 363,'I did not have a good time with this organization, it was all busy work...');
insert into OrganizationComment (LogID, OrganizationEntityID, Comment)
values (70, 3,'Exemplar student! We need more people like this student');
insert into LogHours (JobListingID, StudentEntityID, HoursRequested, CounselorApproval, OrganizationApproval)
values(16, 368, 2, 'P', 'Y');
insert into StudentComment (LogID, StudentEntityID, Comment)
values (71, 368,'I had a good time with this organization');
insert into OrganizationComment (LogID, OrganizationEntityID, Comment)
values (71, 5,'This particular student was on their phone too long.');
insert into LogHours (JobListingID, StudentEntityID, HoursRequested, CounselorApproval, OrganizationApproval)
values(15, 373, 5, 'P', 'Y');
insert into StudentComment (LogID, StudentEntityID, Comment)
values (72, 373,'I had a good time with this organization');
insert into OrganizationComment (LogID, OrganizationEntityID, Comment)
values (72, 4,'Average student, did the necessary requirements to complete this task');
insert into LogHours (JobListingID, StudentEntityID, HoursRequested, CounselorApproval, OrganizationApproval)
values(12, 378, 1, 'P', 'Y');
insert into StudentComment (LogID, StudentEntityID, Comment)
values (73, 378,'I wish the organization gave me more work so I could learn and do more');
insert into OrganizationComment (LogID, OrganizationEntityID, Comment)
values (73, 1,'This particular student was on their phone too long.');
insert into LogHours (JobListingID, StudentEntityID, HoursRequested, CounselorApproval, OrganizationApproval)
values(7, 383, 5, 'P', 'Y');
insert into StudentComment (LogID, StudentEntityID, Comment)
values (74, 383,'I did not have a good time with this organization, it was all busy work...');
insert into OrganizationComment (LogID, OrganizationEntityID, Comment)
values (74, 7,'Average student, did the necessary requirements to complete this task');
insert into LogHours (JobListingID, StudentEntityID, HoursRequested, CounselorApproval, OrganizationApproval)
values(12, 388, 4, 'P', 'Y');
insert into StudentComment (LogID, StudentEntityID, Comment)
values (75, 388,'This was a great work experience, it fit with my goals!');
insert into OrganizationComment (LogID, OrganizationEntityID, Comment)
values (75, 1,'Exemplar student! We need more people like this student');
insert into LogHours (JobListingID, StudentEntityID, HoursRequested, CounselorApproval, OrganizationApproval)
values(8, 393, 5, 'P', 'Y');
insert into StudentComment (LogID, StudentEntityID, Comment)
values (76, 393,'I wish the organization gave me more work so I could learn and do more');
insert into OrganizationComment (LogID, OrganizationEntityID, Comment)
values (76, 7,'Exemplar student! We need more people like this student');
insert into LogHours (JobListingID, StudentEntityID, HoursRequested, CounselorApproval, OrganizationApproval)
values(9, 398, 2, 'P', 'Y');
insert into StudentComment (LogID, StudentEntityID, Comment)
values (77, 398,'I had a great time working with this organization');
insert into OrganizationComment (LogID, OrganizationEntityID, Comment)
values (77, 8,'Exemplar student! We need more people like this student');
insert into LogHours (JobListingID, StudentEntityID, HoursRequested, CounselorApproval, OrganizationApproval)
values(7, 403, 4, 'P', 'Y');
insert into StudentComment (LogID, StudentEntityID, Comment)
values (78, 403,'This was a great work experience, it fit with my goals!');
insert into OrganizationComment (LogID, OrganizationEntityID, Comment)
values (78, 7,'Great student, and they definetely fit in with this organization!');
insert into LogHours (JobListingID, StudentEntityID, HoursRequested, CounselorApproval, OrganizationApproval)
values(5, 408, 1, 'P', 'Y');
insert into StudentComment (LogID, StudentEntityID, Comment)
values (79, 408,'This was an ok experience with this organization, I have been with better');
insert into OrganizationComment (LogID, OrganizationEntityID, Comment)
values (79, 7,'Exemplar student! We need more people like this student');
insert into LogHours (JobListingID, StudentEntityID, HoursRequested, CounselorApproval, OrganizationApproval)
values(6, 413, 3, 'P', 'Y');
insert into StudentComment (LogID, StudentEntityID, Comment)
values (80, 413,'This was an ok experience with this organization, I have been with better');
insert into OrganizationComment (LogID, OrganizationEntityID, Comment)
values (80, 3,'This student was extrodinary! This student is always welcome back here');
insert into LogHours (JobListingID, StudentEntityID, HoursRequested, CounselorApproval, OrganizationApproval)
values(10, 418, 4, 'P', 'Y');
insert into StudentComment (LogID, StudentEntityID, Comment)
values (81, 418,'I had a good time with this organization');
insert into OrganizationComment (LogID, OrganizationEntityID, Comment)
values (81, 8,'This particular student was on their phone too long.');
insert into LogHours (JobListingID, StudentEntityID, HoursRequested, CounselorApproval, OrganizationApproval)
values(7, 423, 5, 'P', 'Y');
insert into StudentComment (LogID, StudentEntityID, Comment)
values (82, 423,'This was a great work experience, it fit with my goals!');
insert into OrganizationComment (LogID, OrganizationEntityID, Comment)
values (82, 7,'This particular student was on their phone too long.');
insert into LogHours (JobListingID, StudentEntityID, HoursRequested, CounselorApproval, OrganizationApproval)
values(1, 428, 2, 'P', 'Y');
insert into StudentComment (LogID, StudentEntityID, Comment)
values (83, 428,'I had a great time working with this organization');
insert into OrganizationComment (LogID, OrganizationEntityID, Comment)
values (83, 8,'Exemplar student! We need more people like this student');
insert into LogHours (JobListingID, StudentEntityID, HoursRequested, CounselorApproval, OrganizationApproval)
values(7, 433, 1, 'P', 'Y');
insert into StudentComment (LogID, StudentEntityID, Comment)
values (84, 433,'This was an ok experience with this organization, I have been with better');
insert into OrganizationComment (LogID, OrganizationEntityID, Comment)
values (84, 7,'Exemplar student! We need more people like this student');
insert into LogHours (JobListingID, StudentEntityID, HoursRequested, CounselorApproval, OrganizationApproval)
values(4, 438, 4, 'P', 'Y');
insert into StudentComment (LogID, StudentEntityID, Comment)
values (85, 438,'I did not have a good time with this organization, it was all busy work...');
insert into OrganizationComment (LogID, OrganizationEntityID, Comment)
values (85, 1,'Good student, and a very quick learner! I can see the potential from this student!');
insert into LogHours (JobListingID, StudentEntityID, HoursRequested, CounselorApproval, OrganizationApproval)
values(1, 443, 3, 'P', 'Y');
insert into StudentComment (LogID, StudentEntityID, Comment)
values (86, 443,'I had a good time with this organization');
insert into OrganizationComment (LogID, OrganizationEntityID, Comment)
values (86, 8,'Good student, and a very quick learner! I can see the potential from this student!');
insert into LogHours (JobListingID, StudentEntityID, HoursRequested, CounselorApproval, OrganizationApproval)
values(17, 448, 4, 'P', 'Y');
insert into StudentComment (LogID, StudentEntityID, Comment)
values (87, 448,'This was a great work experience, it fit with my goals!');
insert into OrganizationComment (LogID, OrganizationEntityID, Comment)
values (87, 6,'Exemplar student! We need more people like this student');
insert into LogHours (JobListingID, StudentEntityID, HoursRequested, CounselorApproval, OrganizationApproval)
values(1, 453, 4, 'P', 'Y');
insert into StudentComment (LogID, StudentEntityID, Comment)
values (88, 453,'I wish the organization gave me more work so I could learn and do more');
insert into OrganizationComment (LogID, OrganizationEntityID, Comment)
values (88, 8,'Good student, and a very quick learner! I can see the potential from this student!');
insert into LogHours (JobListingID, StudentEntityID, HoursRequested, CounselorApproval, OrganizationApproval)
values(5, 458, 1, 'P', 'Y');
insert into StudentComment (LogID, StudentEntityID, Comment)
values (89, 458,'I did not have a good time with this organization, it was all busy work...');
insert into OrganizationComment (LogID, OrganizationEntityID, Comment)
values (89, 7,'This student was extrodinary! This student is always welcome back here');
insert into LogHours (JobListingID, StudentEntityID, HoursRequested, CounselorApproval, OrganizationApproval)
values(2, 463, 2, 'P', 'Y');
insert into StudentComment (LogID, StudentEntityID, Comment)
values (90, 463,'I did not have a good time with this organization, it was all busy work...');
insert into OrganizationComment (LogID, OrganizationEntityID, Comment)
values (90, 4,'Good student, and a very quick learner! I can see the potential from this student!');
insert into LogHours (JobListingID, StudentEntityID, HoursRequested, CounselorApproval, OrganizationApproval)
values(15, 468, 3, 'P', 'Y');
insert into StudentComment (LogID, StudentEntityID, Comment)
values (91, 468,'I had a good time with this organization');
insert into OrganizationComment (LogID, OrganizationEntityID, Comment)
values (91, 4,'Exemplar student! We need more people like this student');
insert into LogHours (JobListingID, StudentEntityID, HoursRequested, CounselorApproval, OrganizationApproval)
values(8, 473, 2, 'P', 'Y');
insert into StudentComment (LogID, StudentEntityID, Comment)
values (92, 473,'I had a good time with this organization');
insert into OrganizationComment (LogID, OrganizationEntityID, Comment)
values (92, 7,'Average student, did the necessary requirements to complete this task');
insert into LogHours (JobListingID, StudentEntityID, HoursRequested, CounselorApproval, OrganizationApproval)
values(10, 478, 2, 'P', 'Y');
insert into StudentComment (LogID, StudentEntityID, Comment)
values (93, 478,'This was a great work experience, it fit with my goals!');
insert into OrganizationComment (LogID, OrganizationEntityID, Comment)
values (93, 8,'This student was extrodinary! This student is always welcome back here');
insert into LogHours (JobListingID, StudentEntityID, HoursRequested, CounselorApproval, OrganizationApproval)
values(1, 483, 5, 'P', 'Y');
insert into StudentComment (LogID, StudentEntityID, Comment)
values (94, 483,'This was a great work experience, it fit with my goals!');
insert into OrganizationComment (LogID, OrganizationEntityID, Comment)
values (94, 8,'Exemplar student! We need more people like this student');
insert into LogHours (JobListingID, StudentEntityID, HoursRequested, CounselorApproval, OrganizationApproval)
values(16, 488, 2, 'P', 'Y');
insert into StudentComment (LogID, StudentEntityID, Comment)
values (95, 488,'I wish the organization gave me more work so I could learn and do more');
insert into OrganizationComment (LogID, OrganizationEntityID, Comment)
values (95, 5,'Exemplar student! We need more people like this student');
insert into LogHours (JobListingID, StudentEntityID, HoursRequested, CounselorApproval, OrganizationApproval)
values(5, 493, 3, 'P', 'Y');
insert into StudentComment (LogID, StudentEntityID, Comment)
values (96, 493,'I wish the organization gave me more work so I could learn and do more');
insert into OrganizationComment (LogID, OrganizationEntityID, Comment)
values (96, 7,'This student was extrodinary! This student is always welcome back here');
insert into LogHours (JobListingID, StudentEntityID, HoursRequested, CounselorApproval, OrganizationApproval)
values(8, 498, 3, 'P', 'Y');
insert into StudentComment (LogID, StudentEntityID, Comment)
values (97, 498,'This was an ok experience with this organization, I have been with better');
insert into OrganizationComment (LogID, OrganizationEntityID, Comment)
values (97, 7,'Average student, did the necessary requirements to complete this task');
insert into LogHours (JobListingID, StudentEntityID, HoursRequested, CounselorApproval, OrganizationApproval)
values(16, 503, 3, 'P', 'Y');
insert into StudentComment (LogID, StudentEntityID, Comment)
values (98, 503,'I had a good time with this organization');
insert into OrganizationComment (LogID, OrganizationEntityID, Comment)
values (98, 5,'Exemplar student! We need more people like this student');
insert into LogHours (JobListingID, StudentEntityID, HoursRequested, CounselorApproval, OrganizationApproval)
values(16, 508, 4, 'P', 'Y');
insert into StudentComment (LogID, StudentEntityID, Comment)
values (99, 508,'I had a great time working with this organization');
insert into OrganizationComment (LogID, OrganizationEntityID, Comment)
values (99, 5,'This student was extrodinary! This student is always welcome back here');
insert into LogHours (JobListingID, StudentEntityID, HoursRequested, CounselorApproval, OrganizationApproval)
values(7, 513, 5, 'P', 'Y');
insert into StudentComment (LogID, StudentEntityID, Comment)
values (100, 513,'This was an ok experience with this organization, I have been with better');
insert into OrganizationComment (LogID, OrganizationEntityID, Comment)
values (100, 7,'Average student, did the necessary requirements to complete this task');
insert into LogHours (JobListingID, StudentEntityID, HoursRequested, CounselorApproval, OrganizationApproval)
values(11, 518, 4, 'P', 'Y');
insert into StudentComment (LogID, StudentEntityID, Comment)
values (101, 518,'This was a great work experience, it fit with my goals!');
insert into OrganizationComment (LogID, OrganizationEntityID, Comment)
values (101, 8,'Exemplar student! We need more people like this student');
insert into LogHours (JobListingID, StudentEntityID, HoursRequested, CounselorApproval, OrganizationApproval)
values(16, 523, 2, 'P', 'Y');
insert into StudentComment (LogID, StudentEntityID, Comment)
values (102, 523,'I had a great time working with this organization');
insert into OrganizationComment (LogID, OrganizationEntityID, Comment)
values (102, 5,'This particular student was on their phone too long.');
insert into LogHours (JobListingID, StudentEntityID, HoursRequested, CounselorApproval, OrganizationApproval)
values(8, 528, 1, 'P', 'Y');
insert into StudentComment (LogID, StudentEntityID, Comment)
values (103, 528,'This was an ok experience with this organization, I have been with better');
insert into OrganizationComment (LogID, OrganizationEntityID, Comment)
values (103, 7,'Great student, and they definetely fit in with this organization!');
insert into LogHours (JobListingID, StudentEntityID, HoursRequested, CounselorApproval, OrganizationApproval)
values(11, 533, 5, 'P', 'Y');
insert into StudentComment (LogID, StudentEntityID, Comment)
values (104, 533,'This was an ok experience with this organization, I have been with better');
insert into OrganizationComment (LogID, OrganizationEntityID, Comment)
values (104, 8,'Good student, and a very quick learner! I can see the potential from this student!');
insert into LogHours (JobListingID, StudentEntityID, HoursRequested, CounselorApproval, OrganizationApproval)
values(16, 538, 2, 'P', 'Y');
insert into StudentComment (LogID, StudentEntityID, Comment)
values (105, 538,'This was an ok experience with this organization, I have been with better');
insert into OrganizationComment (LogID, OrganizationEntityID, Comment)
values (105, 5,'This particular student was on their phone too long.');
insert into LogHours (JobListingID, StudentEntityID, HoursRequested, CounselorApproval, OrganizationApproval)
values(10, 543, 1, 'P', 'Y');
insert into StudentComment (LogID, StudentEntityID, Comment)
values (106, 543,'I had a good time with this organization');
insert into OrganizationComment (LogID, OrganizationEntityID, Comment)
values (106, 8,'This particular student was on their phone too long.');
insert into LogHours (JobListingID, StudentEntityID, HoursRequested, CounselorApproval, OrganizationApproval)
values(2, 548, 1, 'P', 'Y');
insert into StudentComment (LogID, StudentEntityID, Comment)
values (107, 548,'I wish the organization gave me more work so I could learn and do more');
insert into OrganizationComment (LogID, OrganizationEntityID, Comment)
values (107, 4,'This particular student was on their phone too long.');
insert into LogHours (JobListingID, StudentEntityID, HoursRequested, CounselorApproval, OrganizationApproval)
values(11, 553, 5, 'P', 'Y');
insert into StudentComment (LogID, StudentEntityID, Comment)
values (108, 553,'I had a great time working with this organization');
insert into OrganizationComment (LogID, OrganizationEntityID, Comment)
values (108, 8,'Exemplar student! We need more people like this student');
insert into LogHours (JobListingID, StudentEntityID, HoursRequested, CounselorApproval, OrganizationApproval)
values(1, 558, 1, 'P', 'Y');
insert into StudentComment (LogID, StudentEntityID, Comment)
values (109, 558,'This was a great work experience, it fit with my goals!');
insert into OrganizationComment (LogID, OrganizationEntityID, Comment)
values (109, 8,'Average student, did the necessary requirements to complete this task');
insert into LogHours (JobListingID, StudentEntityID, HoursRequested, CounselorApproval, OrganizationApproval)
values(8, 563, 3, 'P', 'Y');
insert into StudentComment (LogID, StudentEntityID, Comment)
values (110, 563,'This was a great work experience, it fit with my goals!');
insert into OrganizationComment (LogID, OrganizationEntityID, Comment)
values (110, 7,'This particular student was on their phone too long.');
insert into LogHours (JobListingID, StudentEntityID, HoursRequested, CounselorApproval, OrganizationApproval)
values(6, 568, 2, 'P', 'Y');
insert into StudentComment (LogID, StudentEntityID, Comment)
values (111, 568,'I wish the organization gave me more work so I could learn and do more');
insert into OrganizationComment (LogID, OrganizationEntityID, Comment)
values (111, 3,'This student was extrodinary! This student is always welcome back here');
insert into LogHours (JobListingID, StudentEntityID, HoursRequested, CounselorApproval, OrganizationApproval)
values(15, 573, 5, 'P', 'Y');
insert into StudentComment (LogID, StudentEntityID, Comment)
values (112, 573,'This was a great work experience, it fit with my goals!');
insert into OrganizationComment (LogID, OrganizationEntityID, Comment)
values (112, 4,'Good student, and a very quick learner! I can see the potential from this student!');
insert into LogHours (JobListingID, StudentEntityID, HoursRequested, CounselorApproval, OrganizationApproval)
values(17, 578, 4, 'P', 'Y');
insert into StudentComment (LogID, StudentEntityID, Comment)
values (113, 578,'This was an ok experience with this organization, I have been with better');
insert into OrganizationComment (LogID, OrganizationEntityID, Comment)
values (113, 6,'This student was extrodinary! This student is always welcome back here');
insert into LogHours (JobListingID, StudentEntityID, HoursRequested, CounselorApproval, OrganizationApproval)
values(13, 583, 1, 'P', 'Y');
insert into StudentComment (LogID, StudentEntityID, Comment)
values (114, 583,'This was an ok experience with this organization, I have been with better');
insert into OrganizationComment (LogID, OrganizationEntityID, Comment)
values (114, 2,'Average student, did the necessary requirements to complete this task');
insert into LogHours (JobListingID, StudentEntityID, HoursRequested, CounselorApproval, OrganizationApproval)
values(1, 588, 4, 'P', 'Y');
insert into StudentComment (LogID, StudentEntityID, Comment)
values (115, 588,'This was an ok experience with this organization, I have been with better');
insert into OrganizationComment (LogID, OrganizationEntityID, Comment)
values (115, 8,'Great student, and they definetely fit in with this organization!');
insert into LogHours (JobListingID, StudentEntityID, HoursRequested, CounselorApproval, OrganizationApproval)
values(3, 593, 2, 'P', 'Y');
insert into StudentComment (LogID, StudentEntityID, Comment)
values (116, 593,'I had a good time with this organization');
insert into OrganizationComment (LogID, OrganizationEntityID, Comment)
values (116, 2,'This student was extrodinary! This student is always welcome back here');
insert into LogHours (JobListingID, StudentEntityID, HoursRequested, CounselorApproval, OrganizationApproval)
values(6, 598, 2, 'P', 'Y');
insert into StudentComment (LogID, StudentEntityID, Comment)
values (117, 598,'I wish the organization gave me more work so I could learn and do more');
insert into OrganizationComment (LogID, OrganizationEntityID, Comment)
values (117, 3,'Average student, did the necessary requirements to complete this task');
insert into LogHours (JobListingID, StudentEntityID, HoursRequested, CounselorApproval, OrganizationApproval)
values(4, 603, 1, 'P', 'Y');
insert into StudentComment (LogID, StudentEntityID, Comment)
values (118, 603,'I had a great time working with this organization');
insert into OrganizationComment (LogID, OrganizationEntityID, Comment)
values (118, 1,'Average student, did the necessary requirements to complete this task');
insert into LogHours (JobListingID, StudentEntityID, HoursRequested, CounselorApproval, OrganizationApproval)
values(10, 608, 5, 'P', 'Y');
insert into StudentComment (LogID, StudentEntityID, Comment)
values (119, 608,'This was an ok experience with this organization, I have been with better');
insert into OrganizationComment (LogID, OrganizationEntityID, Comment)
values (119, 8,'Exemplar student! We need more people like this student');
insert into LogHours (JobListingID, StudentEntityID, HoursRequested, CounselorApproval, OrganizationApproval)
values(17, 613, 3, 'P', 'Y');
insert into StudentComment (LogID, StudentEntityID, Comment)
values (120, 613,'I wish the organization gave me more work so I could learn and do more');
insert into OrganizationComment (LogID, OrganizationEntityID, Comment)
values (120, 6,'Good student, and a very quick learner! I can see the potential from this student!');
insert into LogHours (JobListingID, StudentEntityID, HoursRequested, CounselorApproval, OrganizationApproval)
values(2, 618, 2, 'P', 'Y');
insert into StudentComment (LogID, StudentEntityID, Comment)
values (121, 618,'This was an ok experience with this organization, I have been with better');
insert into OrganizationComment (LogID, OrganizationEntityID, Comment)
values (121, 4,'This student was extrodinary! This student is always welcome back here');
insert into LogHours (JobListingID, StudentEntityID, HoursRequested, CounselorApproval, OrganizationApproval)
values(10, 623, 3, 'P', 'Y');
insert into StudentComment (LogID, StudentEntityID, Comment)
values (122, 623,'I had a good time with this organization');
insert into OrganizationComment (LogID, OrganizationEntityID, Comment)
values (122, 8,'Exemplar student! We need more people like this student');
insert into LogHours (JobListingID, StudentEntityID, HoursRequested, CounselorApproval, OrganizationApproval)
values(6, 628, 2, 'P', 'Y');
insert into StudentComment (LogID, StudentEntityID, Comment)
values (123, 628,'I had a great time working with this organization');
insert into OrganizationComment (LogID, OrganizationEntityID, Comment)
values (123, 3,'Exemplar student! We need more people like this student');
insert into LogHours (JobListingID, StudentEntityID, HoursRequested, CounselorApproval, OrganizationApproval)
values(4, 633, 3, 'P', 'Y');
insert into StudentComment (LogID, StudentEntityID, Comment)
values (124, 633,'This was a great work experience, it fit with my goals!');
insert into OrganizationComment (LogID, OrganizationEntityID, Comment)
values (124, 1,'Good student, and a very quick learner! I can see the potential from this student!');
insert into LogHours (JobListingID, StudentEntityID, HoursRequested, CounselorApproval, OrganizationApproval)
values(7, 638, 4, 'P', 'Y');
insert into StudentComment (LogID, StudentEntityID, Comment)
values (125, 638,'I had a good time with this organization');
insert into OrganizationComment (LogID, OrganizationEntityID, Comment)
values (125, 7,'This student was extrodinary! This student is always welcome back here');
insert into LogHours (JobListingID, StudentEntityID, HoursRequested, CounselorApproval, OrganizationApproval)
values(12, 643, 3, 'P', 'Y');
insert into StudentComment (LogID, StudentEntityID, Comment)
values (126, 643,'I wish the organization gave me more work so I could learn and do more');
insert into OrganizationComment (LogID, OrganizationEntityID, Comment)
values (126, 1,'This student was extrodinary! This student is always welcome back here');
insert into LogHours (JobListingID, StudentEntityID, HoursRequested, CounselorApproval, OrganizationApproval)
values(17, 648, 4, 'P', 'Y');
insert into StudentComment (LogID, StudentEntityID, Comment)
values (127, 648,'I had a great time working with this organization');
insert into OrganizationComment (LogID, OrganizationEntityID, Comment)
values (127, 6,'This student was extrodinary! This student is always welcome back here');
insert into LogHours (JobListingID, StudentEntityID, HoursRequested, CounselorApproval, OrganizationApproval)
values(14, 653, 1, 'P', 'Y');
insert into StudentComment (LogID, StudentEntityID, Comment)
values (128, 653,'I wish the organization gave me more work so I could learn and do more');
insert into OrganizationComment (LogID, OrganizationEntityID, Comment)
values (128, 3,'Great student, and they definetely fit in with this organization!');
insert into LogHours (JobListingID, StudentEntityID, HoursRequested, CounselorApproval, OrganizationApproval)
values(12, 658, 2, 'P', 'Y');
insert into StudentComment (LogID, StudentEntityID, Comment)
values (129, 658,'I did not have a good time with this organization, it was all busy work...');
insert into OrganizationComment (LogID, OrganizationEntityID, Comment)
values (129, 1,'This particular student was on their phone too long.');
insert into LogHours (JobListingID, StudentEntityID, HoursRequested, CounselorApproval, OrganizationApproval)
values(9, 663, 5, 'P', 'Y');
insert into StudentComment (LogID, StudentEntityID, Comment)
values (130, 663,'I did not have a good time with this organization, it was all busy work...');
insert into OrganizationComment (LogID, OrganizationEntityID, Comment)
values (130, 8,'Good student, and a very quick learner! I can see the potential from this student!');
insert into LogHours (JobListingID, StudentEntityID, HoursRequested, CounselorApproval, OrganizationApproval)
values(15, 668, 2, 'P', 'Y');
insert into StudentComment (LogID, StudentEntityID, Comment)
values (131, 668,'I wish the organization gave me more work so I could learn and do more');
insert into OrganizationComment (LogID, OrganizationEntityID, Comment)
values (131, 4,'This student was extrodinary! This student is always welcome back here');
insert into LogHours (JobListingID, StudentEntityID, HoursRequested, CounselorApproval, OrganizationApproval)
values(6, 673, 1, 'P', 'Y');
insert into StudentComment (LogID, StudentEntityID, Comment)
values (132, 673,'I wish the organization gave me more work so I could learn and do more');
insert into OrganizationComment (LogID, OrganizationEntityID, Comment)
values (132, 3,'Exemplar student! We need more people like this student');
insert into LogHours (JobListingID, StudentEntityID, HoursRequested, CounselorApproval, OrganizationApproval)
values(7, 678, 1, 'P', 'Y');
insert into StudentComment (LogID, StudentEntityID, Comment)
values (133, 678,'I had a good time with this organization');
insert into OrganizationComment (LogID, OrganizationEntityID, Comment)
values (133, 7,'Good student, and a very quick learner! I can see the potential from this student!');
insert into LogHours (JobListingID, StudentEntityID, HoursRequested, CounselorApproval, OrganizationApproval)
values(11, 683, 1, 'P', 'Y');
insert into StudentComment (LogID, StudentEntityID, Comment)
values (134, 683,'This was an ok experience with this organization, I have been with better');
insert into OrganizationComment (LogID, OrganizationEntityID, Comment)
values (134, 8,'Good student, and a very quick learner! I can see the potential from this student!');
insert into LogHours (JobListingID, StudentEntityID, HoursRequested, CounselorApproval, OrganizationApproval)
values(16, 688, 1, 'P', 'Y');
insert into StudentComment (LogID, StudentEntityID, Comment)
values (135, 688,'I did not have a good time with this organization, it was all busy work...');
insert into OrganizationComment (LogID, OrganizationEntityID, Comment)
values (135, 5,'Average student, did the necessary requirements to complete this task');
insert into LogHours (JobListingID, StudentEntityID, HoursRequested, CounselorApproval, OrganizationApproval)
values(7, 693, 5, 'P', 'Y');
insert into StudentComment (LogID, StudentEntityID, Comment)
values (136, 693,'I did not have a good time with this organization, it was all busy work...');
insert into OrganizationComment (LogID, OrganizationEntityID, Comment)
values (136, 7,'Great student, and they definetely fit in with this organization!');
insert into LogHours (JobListingID, StudentEntityID, HoursRequested, CounselorApproval, OrganizationApproval)
values(15, 698, 2, 'P', 'Y');
insert into StudentComment (LogID, StudentEntityID, Comment)
values (137, 698,'I did not have a good time with this organization, it was all busy work...');
insert into OrganizationComment (LogID, OrganizationEntityID, Comment)
values (137, 4,'Good student, and a very quick learner! I can see the potential from this student!');
insert into LogHours (JobListingID, StudentEntityID, HoursRequested, CounselorApproval, OrganizationApproval)
values(4, 703, 1, 'P', 'Y');
insert into StudentComment (LogID, StudentEntityID, Comment)
values (138, 703,'I had a great time working with this organization');
insert into OrganizationComment (LogID, OrganizationEntityID, Comment)
values (138, 1,'This student was extrodinary! This student is always welcome back here');
insert into LogHours (JobListingID, StudentEntityID, HoursRequested, CounselorApproval, OrganizationApproval)
values(12, 708, 1, 'P', 'Y');
insert into StudentComment (LogID, StudentEntityID, Comment)
values (139, 708,'This was an ok experience with this organization, I have been with better');
insert into OrganizationComment (LogID, OrganizationEntityID, Comment)
values (139, 1,'Exemplar student! We need more people like this student');
insert into LogHours (JobListingID, StudentEntityID, HoursRequested, CounselorApproval, OrganizationApproval)
values(6, 713, 4, 'P', 'Y');
insert into StudentComment (LogID, StudentEntityID, Comment)
values (140, 713,'I wish the organization gave me more work so I could learn and do more');
insert into OrganizationComment (LogID, OrganizationEntityID, Comment)
values (140, 3,'This particular student was on their phone too long.');
insert into LogHours (JobListingID, StudentEntityID, HoursRequested, CounselorApproval, OrganizationApproval)
values(13, 718, 2, 'P', 'Y');
insert into StudentComment (LogID, StudentEntityID, Comment)
values (141, 718,'This was a great work experience, it fit with my goals!');
insert into OrganizationComment (LogID, OrganizationEntityID, Comment)
values (141, 2,'Great student, and they definetely fit in with this organization!');
insert into LogHours (JobListingID, StudentEntityID, HoursRequested, CounselorApproval, OrganizationApproval)
values(17, 723, 1, 'P', 'Y');
insert into StudentComment (LogID, StudentEntityID, Comment)
values (142, 723,'This was a great work experience, it fit with my goals!');
insert into OrganizationComment (LogID, OrganizationEntityID, Comment)
values (142, 6,'Exemplar student! We need more people like this student');
insert into LogHours (JobListingID, StudentEntityID, HoursRequested, CounselorApproval, OrganizationApproval)
values(8, 728, 2, 'P', 'Y');
insert into StudentComment (LogID, StudentEntityID, Comment)
values (143, 728,'This was a great work experience, it fit with my goals!');
insert into OrganizationComment (LogID, OrganizationEntityID, Comment)
values (143, 7,'Average student, did the necessary requirements to complete this task');
insert into LogHours (JobListingID, StudentEntityID, HoursRequested, CounselorApproval, OrganizationApproval)
values(15, 733, 3, 'P', 'Y');
insert into StudentComment (LogID, StudentEntityID, Comment)
values (144, 733,'This was an ok experience with this organization, I have been with better');
insert into OrganizationComment (LogID, OrganizationEntityID, Comment)
values (144, 4,'This particular student was on their phone too long.');
insert into LogHours (JobListingID, StudentEntityID, HoursRequested, CounselorApproval, OrganizationApproval)
values(9, 738, 3, 'P', 'Y');
insert into StudentComment (LogID, StudentEntityID, Comment)
values (145, 738,'I did not have a good time with this organization, it was all busy work...');
insert into OrganizationComment (LogID, OrganizationEntityID, Comment)
values (145, 8,'This student was extrodinary! This student is always welcome back here');
insert into LogHours (JobListingID, StudentEntityID, HoursRequested, CounselorApproval, OrganizationApproval)
values(8, 743, 2, 'P', 'Y');
insert into StudentComment (LogID, StudentEntityID, Comment)
values (146, 743,'I had a great time working with this organization');
insert into OrganizationComment (LogID, OrganizationEntityID, Comment)
values (146, 7,'Average student, did the necessary requirements to complete this task');
insert into LogHours (JobListingID, StudentEntityID, HoursRequested, CounselorApproval, OrganizationApproval)
values(9, 748, 5, 'P', 'Y');
insert into StudentComment (LogID, StudentEntityID, Comment)
values (147, 748,'This was a great work experience, it fit with my goals!');
insert into OrganizationComment (LogID, OrganizationEntityID, Comment)
values (147, 8,'Average student, did the necessary requirements to complete this task');
insert into LogHours (JobListingID, StudentEntityID, HoursRequested, CounselorApproval, OrganizationApproval)
values(8, 753, 4, 'P', 'Y');
insert into StudentComment (LogID, StudentEntityID, Comment)
values (148, 753,'I wish the organization gave me more work so I could learn and do more');
insert into OrganizationComment (LogID, OrganizationEntityID, Comment)
values (148, 7,'Average student, did the necessary requirements to complete this task');
insert into LogHours (JobListingID, StudentEntityID, HoursRequested, CounselorApproval, OrganizationApproval)
values(15, 758, 4, 'P', 'Y');
insert into StudentComment (LogID, StudentEntityID, Comment)
values (149, 758,'I wish the organization gave me more work so I could learn and do more');
insert into OrganizationComment (LogID, OrganizationEntityID, Comment)
values (149, 4,'Great student, and they definetely fit in with this organization!');
insert into LogHours (JobListingID, StudentEntityID, HoursRequested, CounselorApproval, OrganizationApproval)
values(10, 763, 3, 'P', 'Y');
insert into StudentComment (LogID, StudentEntityID, Comment)
values (150, 763,'I wish the organization gave me more work so I could learn and do more');
insert into OrganizationComment (LogID, OrganizationEntityID, Comment)
values (150, 8,'Good student, and a very quick learner! I can see the potential from this student!');
insert into LogHours (JobListingID, StudentEntityID, HoursRequested, CounselorApproval, OrganizationApproval)
values(4, 768, 2, 'P', 'Y');
insert into StudentComment (LogID, StudentEntityID, Comment)
values (151, 768,'I did not have a good time with this organization, it was all busy work...');
insert into OrganizationComment (LogID, OrganizationEntityID, Comment)
values (151, 1,'Good student, and a very quick learner! I can see the potential from this student!');
insert into LogHours (JobListingID, StudentEntityID, HoursRequested, CounselorApproval, OrganizationApproval)
values(6, 773, 3, 'P', 'Y');
insert into StudentComment (LogID, StudentEntityID, Comment)
values (152, 773,'I did not have a good time with this organization, it was all busy work...');
insert into OrganizationComment (LogID, OrganizationEntityID, Comment)
values (152, 3,'This student was extrodinary! This student is always welcome back here');
insert into LogHours (JobListingID, StudentEntityID, HoursRequested, CounselorApproval, OrganizationApproval)
values(17, 778, 3, 'P', 'Y');
insert into StudentComment (LogID, StudentEntityID, Comment)
values (153, 778,'This was a great work experience, it fit with my goals!');
insert into OrganizationComment (LogID, OrganizationEntityID, Comment)
values (153, 6,'Average student, did the necessary requirements to complete this task');
insert into LogHours (JobListingID, StudentEntityID, HoursRequested, CounselorApproval, OrganizationApproval)
values(13, 783, 4, 'P', 'Y');
insert into StudentComment (LogID, StudentEntityID, Comment)
values (154, 783,'This was an ok experience with this organization, I have been with better');
insert into OrganizationComment (LogID, OrganizationEntityID, Comment)
values (154, 2,'Good student, and a very quick learner! I can see the potential from this student!');
insert into LogHours (JobListingID, StudentEntityID, HoursRequested, CounselorApproval, OrganizationApproval)
values(8, 788, 1, 'P', 'Y');
insert into StudentComment (LogID, StudentEntityID, Comment)
values (155, 788,'I had a good time with this organization');
insert into OrganizationComment (LogID, OrganizationEntityID, Comment)
values (155, 7,'Exemplar student! We need more people like this student');
insert into LogHours (JobListingID, StudentEntityID, HoursRequested, CounselorApproval, OrganizationApproval)
values(17, 793, 4, 'P', 'Y');
insert into StudentComment (LogID, StudentEntityID, Comment)
values (156, 793,'I wish the organization gave me more work so I could learn and do more');
insert into OrganizationComment (LogID, OrganizationEntityID, Comment)
values (156, 6,'Great student, and they definetely fit in with this organization!');
insert into LogHours (JobListingID, StudentEntityID, HoursRequested, CounselorApproval, OrganizationApproval)
values(1, 798, 2, 'P', 'Y');
insert into StudentComment (LogID, StudentEntityID, Comment)
values (157, 798,'I wish the organization gave me more work so I could learn and do more');
insert into OrganizationComment (LogID, OrganizationEntityID, Comment)
values (157, 8,'This student was extrodinary! This student is always welcome back here');
insert into LogHours (JobListingID, StudentEntityID, HoursRequested, CounselorApproval, OrganizationApproval)
values(12, 803, 3, 'P', 'Y');
insert into StudentComment (LogID, StudentEntityID, Comment)
values (158, 803,'I did not have a good time with this organization, it was all busy work...');
insert into OrganizationComment (LogID, OrganizationEntityID, Comment)
values (158, 1,'Great student, and they definetely fit in with this organization!');
insert into LogHours (JobListingID, StudentEntityID, HoursRequested, CounselorApproval, OrganizationApproval)
values(4, 808, 3, 'P', 'Y');
insert into StudentComment (LogID, StudentEntityID, Comment)
values (159, 808,'I did not have a good time with this organization, it was all busy work...');
insert into OrganizationComment (LogID, OrganizationEntityID, Comment)
values (159, 1,'Great student, and they definetely fit in with this organization!');
insert into LogHours (JobListingID, StudentEntityID, HoursRequested, CounselorApproval, OrganizationApproval)
values(11, 813, 1, 'P', 'Y');
insert into StudentComment (LogID, StudentEntityID, Comment)
values (160, 813,'I did not have a good time with this organization, it was all busy work...');
insert into OrganizationComment (LogID, OrganizationEntityID, Comment)
values (160, 8,'This student was extrodinary! This student is always welcome back here');
insert into LogHours (JobListingID, StudentEntityID, HoursRequested, CounselorApproval, OrganizationApproval)
values(15, 818, 5, 'P', 'Y');
insert into StudentComment (LogID, StudentEntityID, Comment)
values (161, 818,'This was a great work experience, it fit with my goals!');
insert into OrganizationComment (LogID, OrganizationEntityID, Comment)
values (161, 4,'Average student, did the necessary requirements to complete this task');
insert into LogHours (JobListingID, StudentEntityID, HoursRequested, CounselorApproval, OrganizationApproval)
values(9, 823, 4, 'P', 'Y');
insert into StudentComment (LogID, StudentEntityID, Comment)
values (162, 823,'I had a great time working with this organization');
insert into OrganizationComment (LogID, OrganizationEntityID, Comment)
values (162, 8,'Exemplar student! We need more people like this student');
insert into LogHours (JobListingID, StudentEntityID, HoursRequested, CounselorApproval, OrganizationApproval)
values(4, 828, 1, 'P', 'Y');
insert into StudentComment (LogID, StudentEntityID, Comment)
values (163, 828,'I wish the organization gave me more work so I could learn and do more');
insert into OrganizationComment (LogID, OrganizationEntityID, Comment)
values (163, 1,'Great student, and they definetely fit in with this organization!');
insert into LogHours (JobListingID, StudentEntityID, HoursRequested, CounselorApproval, OrganizationApproval)
values(2, 833, 2, 'P', 'Y');
insert into StudentComment (LogID, StudentEntityID, Comment)
values (164, 833,'This was an ok experience with this organization, I have been with better');
insert into OrganizationComment (LogID, OrganizationEntityID, Comment)
values (164, 4,'Average student, did the necessary requirements to complete this task');
insert into LogHours (JobListingID, StudentEntityID, HoursRequested, CounselorApproval, OrganizationApproval)
values(16, 838, 3, 'P', 'Y');
insert into StudentComment (LogID, StudentEntityID, Comment)
values (165, 838,'I had a great time working with this organization');
insert into OrganizationComment (LogID, OrganizationEntityID, Comment)
values (165, 5,'Good student, and a very quick learner! I can see the potential from this student!');
insert into LogHours (JobListingID, StudentEntityID, HoursRequested, CounselorApproval, OrganizationApproval)
values(5, 843, 3, 'P', 'Y');
insert into StudentComment (LogID, StudentEntityID, Comment)
values (166, 843,'I did not have a good time with this organization, it was all busy work...');
insert into OrganizationComment (LogID, OrganizationEntityID, Comment)
values (166, 7,'Good student, and a very quick learner! I can see the potential from this student!');
insert into LogHours (JobListingID, StudentEntityID, HoursRequested, CounselorApproval, OrganizationApproval)
values(1, 848, 1, 'P', 'Y');
insert into StudentComment (LogID, StudentEntityID, Comment)
values (167, 848,'I had a good time with this organization');
insert into OrganizationComment (LogID, OrganizationEntityID, Comment)
values (167, 8,'Average student, did the necessary requirements to complete this task');
insert into LogHours (JobListingID, StudentEntityID, HoursRequested, CounselorApproval, OrganizationApproval)
values(16, 853, 4, 'P', 'Y');
insert into StudentComment (LogID, StudentEntityID, Comment)
values (168, 853,'I had a great time working with this organization');
insert into OrganizationComment (LogID, OrganizationEntityID, Comment)
values (168, 5,'Exemplar student! We need more people like this student');
insert into LogHours (JobListingID, StudentEntityID, HoursRequested, CounselorApproval, OrganizationApproval)
values(17, 858, 2, 'P', 'Y');
insert into StudentComment (LogID, StudentEntityID, Comment)
values (169, 858,'This was a great work experience, it fit with my goals!');
insert into OrganizationComment (LogID, OrganizationEntityID, Comment)
values (169, 6,'Average student, did the necessary requirements to complete this task');
insert into LogHours (JobListingID, StudentEntityID, HoursRequested, CounselorApproval, OrganizationApproval)
values(3, 863, 4, 'P', 'Y');
insert into StudentComment (LogID, StudentEntityID, Comment)
values (170, 863,'I wish the organization gave me more work so I could learn and do more');
insert into OrganizationComment (LogID, OrganizationEntityID, Comment)
values (170, 2,'This particular student was on their phone too long.');
insert into LogHours (JobListingID, StudentEntityID, HoursRequested, CounselorApproval, OrganizationApproval)
values(1, 868, 1, 'P', 'Y');
insert into StudentComment (LogID, StudentEntityID, Comment)
values (171, 868,'I wish the organization gave me more work so I could learn and do more');
insert into OrganizationComment (LogID, OrganizationEntityID, Comment)
values (171, 8,'Good student, and a very quick learner! I can see the potential from this student!');
insert into LogHours (JobListingID, StudentEntityID, HoursRequested, CounselorApproval, OrganizationApproval)
values(12, 873, 2, 'P', 'Y');
insert into StudentComment (LogID, StudentEntityID, Comment)
values (172, 873,'This was a great work experience, it fit with my goals!');
insert into OrganizationComment (LogID, OrganizationEntityID, Comment)
values (172, 1,'This particular student was on their phone too long.');
insert into LogHours (JobListingID, StudentEntityID, HoursRequested, CounselorApproval, OrganizationApproval)
values(8, 878, 1, 'P', 'Y');
insert into StudentComment (LogID, StudentEntityID, Comment)
values (173, 878,'This was an ok experience with this organization, I have been with better');
insert into OrganizationComment (LogID, OrganizationEntityID, Comment)
values (173, 7,'This particular student was on their phone too long.');
insert into LogHours (JobListingID, StudentEntityID, HoursRequested, CounselorApproval, OrganizationApproval)
values(3, 883, 1, 'P', 'Y');
insert into StudentComment (LogID, StudentEntityID, Comment)
values (174, 883,'This was a great work experience, it fit with my goals!');
insert into OrganizationComment (LogID, OrganizationEntityID, Comment)
values (174, 2,'This particular student was on their phone too long.');
insert into LogHours (JobListingID, StudentEntityID, HoursRequested, CounselorApproval, OrganizationApproval)
values(16, 888, 2, 'P', 'Y');
insert into StudentComment (LogID, StudentEntityID, Comment)
values (175, 888,'This was an ok experience with this organization, I have been with better');
insert into OrganizationComment (LogID, OrganizationEntityID, Comment)
values (175, 5,'This particular student was on their phone too long.');
insert into LogHours (JobListingID, StudentEntityID, HoursRequested, CounselorApproval, OrganizationApproval)
values(4, 893, 5, 'P', 'Y');
insert into StudentComment (LogID, StudentEntityID, Comment)
values (176, 893,'I had a great time working with this organization');
insert into OrganizationComment (LogID, OrganizationEntityID, Comment)
values (176, 1,'This particular student was on their phone too long.');
insert into LogHours (JobListingID, StudentEntityID, HoursRequested, CounselorApproval, OrganizationApproval)
values(5, 898, 2, 'P', 'Y');
insert into StudentComment (LogID, StudentEntityID, Comment)
values (177, 898,'This was an ok experience with this organization, I have been with better');
insert into OrganizationComment (LogID, OrganizationEntityID, Comment)
values (177, 7,'Exemplar student! We need more people like this student');
insert into LogHours (JobListingID, StudentEntityID, HoursRequested, CounselorApproval, OrganizationApproval)
values(8, 903, 1, 'P', 'Y');
insert into StudentComment (LogID, StudentEntityID, Comment)
values (178, 903,'I had a good time with this organization');
insert into OrganizationComment (LogID, OrganizationEntityID, Comment)
values (178, 7,'Great student, and they definetely fit in with this organization!');
insert into LogHours (JobListingID, StudentEntityID, HoursRequested, CounselorApproval, OrganizationApproval)
values(2, 908, 2, 'P', 'Y');
insert into StudentComment (LogID, StudentEntityID, Comment)
values (179, 908,'This was a great work experience, it fit with my goals!');
insert into OrganizationComment (LogID, OrganizationEntityID, Comment)
values (179, 4,'Good student, and a very quick learner! I can see the potential from this student!');
insert into LogHours (JobListingID, StudentEntityID, HoursRequested, CounselorApproval, OrganizationApproval)
values(13, 913, 4, 'P', 'Y');
insert into StudentComment (LogID, StudentEntityID, Comment)
values (180, 913,'This was an ok experience with this organization, I have been with better');
insert into OrganizationComment (LogID, OrganizationEntityID, Comment)
values (180, 2,'Great student, and they definetely fit in with this organization!');
insert into LogHours (JobListingID, StudentEntityID, HoursRequested, CounselorApproval, OrganizationApproval)
values(13, 918, 2, 'P', 'Y');
insert into StudentComment (LogID, StudentEntityID, Comment)
values (181, 918,'This was an ok experience with this organization, I have been with better');
insert into OrganizationComment (LogID, OrganizationEntityID, Comment)
values (181, 2,'This particular student was on their phone too long.');
insert into LogHours (JobListingID, StudentEntityID, HoursRequested, CounselorApproval, OrganizationApproval)
values(14, 923, 3, 'P', 'Y');
insert into StudentComment (LogID, StudentEntityID, Comment)
values (182, 923,'This was a great work experience, it fit with my goals!');
insert into OrganizationComment (LogID, OrganizationEntityID, Comment)
values (182, 3,'Great student, and they definetely fit in with this organization!');
insert into LogHours (JobListingID, StudentEntityID, HoursRequested, CounselorApproval, OrganizationApproval)
values(8, 928, 2, 'P', 'Y');
insert into StudentComment (LogID, StudentEntityID, Comment)
values (183, 928,'I had a great time working with this organization');
insert into OrganizationComment (LogID, OrganizationEntityID, Comment)
values (183, 7,'This particular student was on their phone too long.');
insert into LogHours (JobListingID, StudentEntityID, HoursRequested, CounselorApproval, OrganizationApproval)
values(11, 933, 5, 'P', 'Y');
insert into StudentComment (LogID, StudentEntityID, Comment)
values (184, 933,'This was an ok experience with this organization, I have been with better');
insert into OrganizationComment (LogID, OrganizationEntityID, Comment)
values (184, 8,'Good student, and a very quick learner! I can see the potential from this student!');
insert into LogHours (JobListingID, StudentEntityID, HoursRequested, CounselorApproval, OrganizationApproval)
values(15, 938, 1, 'P', 'Y');
insert into StudentComment (LogID, StudentEntityID, Comment)
values (185, 938,'I had a great time working with this organization');
insert into OrganizationComment (LogID, OrganizationEntityID, Comment)
values (185, 4,'Exemplar student! We need more people like this student');
insert into LogHours (JobListingID, StudentEntityID, HoursRequested, CounselorApproval, OrganizationApproval)
values(12, 943, 3, 'P', 'Y');
insert into StudentComment (LogID, StudentEntityID, Comment)
values (186, 943,'I had a good time with this organization');
insert into OrganizationComment (LogID, OrganizationEntityID, Comment)
values (186, 1,'Average student, did the necessary requirements to complete this task');
insert into LogHours (JobListingID, StudentEntityID, HoursRequested, CounselorApproval, OrganizationApproval)
values(15, 948, 4, 'P', 'Y');
insert into StudentComment (LogID, StudentEntityID, Comment)
values (187, 948,'I wish the organization gave me more work so I could learn and do more');
insert into OrganizationComment (LogID, OrganizationEntityID, Comment)
values (187, 4,'This particular student was on their phone too long.');
insert into LogHours (JobListingID, StudentEntityID, HoursRequested, CounselorApproval, OrganizationApproval)
values(16, 953, 2, 'P', 'Y');
insert into StudentComment (LogID, StudentEntityID, Comment)
values (188, 953,'This was a great work experience, it fit with my goals!');
insert into OrganizationComment (LogID, OrganizationEntityID, Comment)
values (188, 5,'Average student, did the necessary requirements to complete this task');
insert into LogHours (JobListingID, StudentEntityID, HoursRequested, CounselorApproval, OrganizationApproval)
values(16, 958, 4, 'P', 'Y');
insert into StudentComment (LogID, StudentEntityID, Comment)
values (189, 958,'I wish the organization gave me more work so I could learn and do more');
insert into OrganizationComment (LogID, OrganizationEntityID, Comment)
values (189, 5,'Exemplar student! We need more people like this student');
insert into LogHours (JobListingID, StudentEntityID, HoursRequested, CounselorApproval, OrganizationApproval)
values(9, 963, 5, 'P', 'Y');
insert into StudentComment (LogID, StudentEntityID, Comment)
values (190, 963,'I did not have a good time with this organization, it was all busy work...');
insert into OrganizationComment (LogID, OrganizationEntityID, Comment)
values (190, 8,'Great student, and they definetely fit in with this organization!');
insert into LogHours (JobListingID, StudentEntityID, HoursRequested, CounselorApproval, OrganizationApproval)
values(15, 968, 1, 'P', 'Y');
insert into StudentComment (LogID, StudentEntityID, Comment)
values (191, 968,'This was a great work experience, it fit with my goals!');
insert into OrganizationComment (LogID, OrganizationEntityID, Comment)
values (191, 4,'This student was extrodinary! This student is always welcome back here');
insert into LogHours (JobListingID, StudentEntityID, HoursRequested, CounselorApproval, OrganizationApproval)
values(9, 973, 5, 'P', 'Y');
insert into StudentComment (LogID, StudentEntityID, Comment)
values (192, 973,'I wish the organization gave me more work so I could learn and do more');
insert into OrganizationComment (LogID, OrganizationEntityID, Comment)
values (192, 8,'Great student, and they definetely fit in with this organization!');
insert into LogHours (JobListingID, StudentEntityID, HoursRequested, CounselorApproval, OrganizationApproval)
values(5, 978, 3, 'P', 'Y');
insert into StudentComment (LogID, StudentEntityID, Comment)
values (193, 978,'I had a great time working with this organization');
insert into OrganizationComment (LogID, OrganizationEntityID, Comment)
values (193, 7,'Exemplar student! We need more people like this student');
insert into LogHours (JobListingID, StudentEntityID, HoursRequested, CounselorApproval, OrganizationApproval)
values(11, 983, 5, 'P', 'Y');
insert into StudentComment (LogID, StudentEntityID, Comment)
values (194, 983,'I wish the organization gave me more work so I could learn and do more');
insert into OrganizationComment (LogID, OrganizationEntityID, Comment)
values (194, 8,'This particular student was on their phone too long.');
insert into LogHours (JobListingID, StudentEntityID, HoursRequested, CounselorApproval, OrganizationApproval)
values(3, 988, 1, 'P', 'Y');
insert into StudentComment (LogID, StudentEntityID, Comment)
values (195, 988,'This was a great work experience, it fit with my goals!');
insert into OrganizationComment (LogID, OrganizationEntityID, Comment)
values (195, 2,'This particular student was on their phone too long.');
insert into LogHours (JobListingID, StudentEntityID, HoursRequested, CounselorApproval, OrganizationApproval)
values(6, 993, 4, 'P', 'Y');
insert into StudentComment (LogID, StudentEntityID, Comment)
values (196, 993,'This was a great work experience, it fit with my goals!');
insert into OrganizationComment (LogID, OrganizationEntityID, Comment)
values (196, 3,'Good student, and a very quick learner! I can see the potential from this student!');
insert into LogHours (JobListingID, StudentEntityID, HoursRequested, CounselorApproval, OrganizationApproval)
values(14, 998, 3, 'P', 'Y');
insert into StudentComment (LogID, StudentEntityID, Comment)
values (197, 998,'I had a great time working with this organization');
insert into OrganizationComment (LogID, OrganizationEntityID, Comment)
values (197, 3,'Exemplar student! We need more people like this student');
insert into LogHours (JobListingID, StudentEntityID, HoursRequested, CounselorApproval, OrganizationApproval)
values(4, 1003, 3, 'P', 'Y');
insert into StudentComment (LogID, StudentEntityID, Comment)
values (198, 1003,'I did not have a good time with this organization, it was all busy work...');
insert into OrganizationComment (LogID, OrganizationEntityID, Comment)
values (198, 1,'Good student, and a very quick learner! I can see the potential from this student!');
insert into LogHours (JobListingID, StudentEntityID, HoursRequested, CounselorApproval, OrganizationApproval)
values(16, 1008, 5, 'P', 'Y');
insert into StudentComment (LogID, StudentEntityID, Comment)
values (199, 1008,'I did not have a good time with this organization, it was all busy work...');
insert into OrganizationComment (LogID, OrganizationEntityID, Comment)
values (199, 5,'Exemplar student! We need more people like this student');
insert into LogHours (JobListingID, StudentEntityID, HoursRequested, CounselorApproval, OrganizationApproval)
values(3, 1013, 4, 'P', 'Y');
insert into StudentComment (LogID, StudentEntityID, Comment)
values (200, 1013,'I had a great time working with this organization');
insert into OrganizationComment (LogID, OrganizationEntityID, Comment)
values (200, 2,'Exemplar student! We need more people like this student');
insert into ApplicationRequest (StudentEntityID, JobListingID, ApprovedFlag, LastUpdated)values(18, 17, 'P',GETDATE());
insert into ApplicationRequest (StudentEntityID, JobListingID, ApprovedFlag, LastUpdated)values(38, 13, 'P',GETDATE());
insert into ApplicationRequest (StudentEntityID, JobListingID, ApprovedFlag, LastUpdated)values(58, 13, 'P',GETDATE());
insert into ApplicationRequest (StudentEntityID, JobListingID, ApprovedFlag, LastUpdated)values(78, 4, 'P',GETDATE());
insert into ApplicationRequest (StudentEntityID, JobListingID, ApprovedFlag, LastUpdated)values(98, 11, 'P',GETDATE());
insert into ApplicationRequest (StudentEntityID, JobListingID, ApprovedFlag, LastUpdated)values(118, 6, 'P',GETDATE());
insert into ApplicationRequest (StudentEntityID, JobListingID, ApprovedFlag, LastUpdated)values(138, 4, 'P',GETDATE());
insert into ApplicationRequest (StudentEntityID, JobListingID, ApprovedFlag, LastUpdated)values(158, 14, 'P',GETDATE());
insert into ApplicationRequest (StudentEntityID, JobListingID, ApprovedFlag, LastUpdated)values(178, 1, 'P',GETDATE());
insert into ApplicationRequest (StudentEntityID, JobListingID, ApprovedFlag, LastUpdated)values(198, 3, 'P',GETDATE());
insert into ApplicationRequest (StudentEntityID, JobListingID, ApprovedFlag, LastUpdated)values(218, 16, 'P',GETDATE());
insert into ApplicationRequest (StudentEntityID, JobListingID, ApprovedFlag, LastUpdated)values(238, 3, 'P',GETDATE());
insert into ApplicationRequest (StudentEntityID, JobListingID, ApprovedFlag, LastUpdated)values(258, 3, 'P',GETDATE());
insert into ApplicationRequest (StudentEntityID, JobListingID, ApprovedFlag, LastUpdated)values(278, 8, 'P',GETDATE());
insert into ApplicationRequest (StudentEntityID, JobListingID, ApprovedFlag, LastUpdated)values(298, 8, 'P',GETDATE());
insert into ApplicationRequest (StudentEntityID, JobListingID, ApprovedFlag, LastUpdated)values(318, 7, 'P',GETDATE());
insert into ApplicationRequest (StudentEntityID, JobListingID, ApprovedFlag, LastUpdated)values(338, 12, 'P',GETDATE());
insert into ApplicationRequest (StudentEntityID, JobListingID, ApprovedFlag, LastUpdated)values(358, 1, 'P',GETDATE());
insert into ApplicationRequest (StudentEntityID, JobListingID, ApprovedFlag, LastUpdated)values(378, 12, 'P',GETDATE());
insert into ApplicationRequest (StudentEntityID, JobListingID, ApprovedFlag, LastUpdated)values(398, 5, 'P',GETDATE());
insert into ApplicationRequest (StudentEntityID, JobListingID, ApprovedFlag, LastUpdated)values(418, 12, 'P',GETDATE());
insert into ApplicationRequest (StudentEntityID, JobListingID, ApprovedFlag, LastUpdated)values(438, 5, 'P',GETDATE());
insert into ApplicationRequest (StudentEntityID, JobListingID, ApprovedFlag, LastUpdated)values(458, 17, 'P',GETDATE());
insert into ApplicationRequest (StudentEntityID, JobListingID, ApprovedFlag, LastUpdated)values(478, 16, 'P',GETDATE());
insert into ApplicationRequest (StudentEntityID, JobListingID, ApprovedFlag, LastUpdated)values(498, 9, 'P',GETDATE());
insert into ApplicationRequest (StudentEntityID, JobListingID, ApprovedFlag, LastUpdated)values(518, 2, 'P',GETDATE());
insert into ApplicationRequest (StudentEntityID, JobListingID, ApprovedFlag, LastUpdated)values(538, 14, 'P',GETDATE());
insert into ApplicationRequest (StudentEntityID, JobListingID, ApprovedFlag, LastUpdated)values(558, 15, 'P',GETDATE());
insert into ApplicationRequest (StudentEntityID, JobListingID, ApprovedFlag, LastUpdated)values(578, 9, 'P',GETDATE());
insert into ApplicationRequest (StudentEntityID, JobListingID, ApprovedFlag, LastUpdated)values(598, 5, 'P',GETDATE());
insert into ApplicationRequest (StudentEntityID, JobListingID, ApprovedFlag, LastUpdated)values(618, 15, 'P',GETDATE());
insert into ApplicationRequest (StudentEntityID, JobListingID, ApprovedFlag, LastUpdated)values(638, 12, 'P',GETDATE());
insert into ApplicationRequest (StudentEntityID, JobListingID, ApprovedFlag, LastUpdated)values(658, 6, 'P',GETDATE());
insert into ApplicationRequest (StudentEntityID, JobListingID, ApprovedFlag, LastUpdated)values(678, 2, 'P',GETDATE());
insert into ApplicationRequest (StudentEntityID, JobListingID, ApprovedFlag, LastUpdated)values(698, 11, 'P',GETDATE());
insert into ApplicationRequest (StudentEntityID, JobListingID, ApprovedFlag, LastUpdated)values(718, 16, 'P',GETDATE());
insert into ApplicationRequest (StudentEntityID, JobListingID, ApprovedFlag, LastUpdated)values(738, 10, 'P',GETDATE());
insert into ApplicationRequest (StudentEntityID, JobListingID, ApprovedFlag, LastUpdated)values(758, 7, 'P',GETDATE());
insert into ApplicationRequest (StudentEntityID, JobListingID, ApprovedFlag, LastUpdated)values(778, 6, 'P',GETDATE());
insert into ApplicationRequest (StudentEntityID, JobListingID, ApprovedFlag, LastUpdated)values(798, 9, 'P',GETDATE());
insert into ApplicationRequest (StudentEntityID, JobListingID, ApprovedFlag, LastUpdated)values(818, 17, 'P',GETDATE());
insert into ApplicationRequest (StudentEntityID, JobListingID, ApprovedFlag, LastUpdated)values(838, 3, 'P',GETDATE());
insert into ApplicationRequest (StudentEntityID, JobListingID, ApprovedFlag, LastUpdated)values(858, 9, 'P',GETDATE());
insert into ApplicationRequest (StudentEntityID, JobListingID, ApprovedFlag, LastUpdated)values(878, 9, 'P',GETDATE());
insert into ApplicationRequest (StudentEntityID, JobListingID, ApprovedFlag, LastUpdated)values(898, 15, 'P',GETDATE());
insert into ApplicationRequest (StudentEntityID, JobListingID, ApprovedFlag, LastUpdated)values(918, 12, 'P',GETDATE());
insert into ApplicationRequest (StudentEntityID, JobListingID, ApprovedFlag, LastUpdated)values(938, 5, 'P',GETDATE());
insert into ApplicationRequest (StudentEntityID, JobListingID, ApprovedFlag, LastUpdated)values(958, 3, 'P',GETDATE());
insert into ApplicationRequest (StudentEntityID, JobListingID, ApprovedFlag, LastUpdated)values(978, 4, 'P',GETDATE());
insert into ApplicationRequest (StudentEntityID, JobListingID, ApprovedFlag, LastUpdated)values(998, 12, 'P',GETDATE());
GO




